record,task,trial,fold,variant,truth,prediction,right_probability
VisualCogA_Task-1,1,1,0,main,-1,-1,0.4654774475507086
VisualCogA_Task-1,1,4,0,main,-1,-1,0.4034827853254078
VisualCogA_Task-1,1,5,0,main,1,-1,0.4888651809205207
VisualCogA_Task-1,1,6,0,main,-1,-1,0.4418332984353114
VisualCogA_Task-1,1,7,0,main,-1,1,0.5164476813196487
VisualCogA_Task-1,1,8,0,main,-1,-1,0.48367475312426556
VisualCogA_Task-1,1,9,0,main,1,1,0.5081113053288621
VisualCogA_Task-1,1,10,0,main,1,1,0.5302344744419293
VisualCogA_Task-1,1,11,0,main,1,-1,0.45927877516908366
VisualCogA_Task-1,1,12,0,main,1,1,0.5614940673975821
VisualCogA_Task-1,1,13,0,main,-1,-1,0.47719927184384064
VisualCogA_Task-1,1,16,0,main,-1,-1,0.4821599474403277
VisualCogA_Task-1,1,17,0,main,1,1,0.5806683093611821
VisualCogA_Task-1,1,18,0,main,-1,-1,0.42042677451831356
VisualCogA_Task-1,1,19,0,main,-1,1,0.7713239194678516
VisualCogA_Task-2,2,1,0,main,1,-1,0.4647930189660459
VisualCogA_Task-2,2,2,0,main,-1,-1,0.48152592921747256
VisualCogA_Task-2,2,3,0,main,-1,-1,0.49309386690869184
VisualCogA_Task-2,2,4,0,main,-1,1,0.5089624505022435
VisualCogA_Task-2,2,5,0,main,1,-1,0.43980256807320656
VisualCogA_Task-2,2,6,0,main,-1,-1,0.4839677541972249
VisualCogA_Task-2,2,7,0,main,1,-1,0.47175485978799725
VisualCogA_Task-2,2,8,0,main,1,-1,0.4830037216560921
VisualCogA_Task-2,2,9,0,main,-1,-1,0.4938933096209125
VisualCogA_Task-2,2,10,0,main,-1,1,0.5411011009154376
VisualCogA_Task-2,2,11,0,main,1,-1,0.4649281519560784
VisualCogA_Task-2,2,12,0,main,1,-1,0.4726380340290221
VisualCogA_Task-2,2,13,0,main,1,1,0.5147874696519696
VisualCogA_Task-2,2,14,0,main,-1,1,0.5797228240522898
VisualCogA_Task-2,2,15,0,main,-1,-1,0.4382071469159042
VisualCogA_Task-2,2,16,0,main,-1,-1,0.4369015887438912
VisualCogA_Task-2,2,17,0,main,1,1,0.5981474615623574
VisualCogA_Task-2,2,18,0,main,1,1,0.5694842122103547
VisualCogA_Task-2,2,19,0,main,-1,1,0.5946813182064696
VisualCogA_Task-2,2,20,0,main,-1,-1,0.4932165027604668
VisualCogB_Task-1,1,1,0,main,-1,1,0.518398405350044
VisualCogB_Task-1,1,2,0,main,-1,1,0.5206112983443859
VisualCogB_Task-1,1,3,0,main,1,1,0.5622844486331927
VisualCogB_Task-1,1,4,0,main,-1,-1,0.47736118327342825
VisualCogB_Task-1,1,5,0,main,1,1,0.6746906027156662
VisualCogB_Task-1,1,7,0,main,1,1,0.5085861182832555
VisualCogB_Task-1,1,8,0,main,-1,1,0.543531988617785
VisualCogB_Task-1,1,9,0,main,-1,-1,0.45797764915777495
VisualCogB_Task-1,1,10,0,main,-1,-1,0.48709145278658034
VisualCogB_Task-1,1,11,0,main,1,-1,0.4792757936283958
VisualCogB_Task-1,1,12,0,main,-1,1,0.5207704561027802
VisualCogB_Task-1,1,13,0,main,1,-1,0.49061863892061497
VisualCogB_Task-1,1,15,0,main,-1,1,0.5203089982663822
VisualCogB_Task-1,1,16,0,main,1,-1,0.4925669032145878
VisualCogB_Task-1,1,17,0,main,-1,-1,0.487996240069952
VisualCogB_Task-1,1,18,0,main,-1,-1,0.4829153877454258
VisualCogB_Task-1,1,19,0,main,1,-1,0.46862146578939146
VisualCogB_Task-1,1,20,0,main,-1,-1,0.4731250382798197
VisualCogB_Task-2,2,1,0,main,-1,-1,0.42749844450260044
VisualCogB_Task-2,2,3,0,main,-1,-1,0.49830765335515065
VisualCogB_Task-2,2,4,0,main,1,-1,0.48088516548222515
VisualCogB_Task-2,2,5,0,main,-1,-1,0.4881991361431071
VisualCogB_Task-2,2,6,0,main,1,1,0.6585159332790295
VisualCogB_Task-2,2,8,0,main,1,1,0.5404349217209451
VisualCogB_Task-2,2,9,0,main,1,1,0.5063338121344364
VisualCogB_Task-2,2,11,0,main,1,1,0.5306967232597646
VisualCogB_Task-2,2,12,0,main,1,1,0.5059731687719121
VisualCogB_Task-2,2,13,0,main,1,-1,0.49603503466851884
VisualCogB_Task-2,2,17,0,main,-1,1,0.5783326152495353
VisualCogB_Task-2,2,18,0,main,1,-1,0.45167910584134957
VisualCogB_Task-2,2,19,0,main,1,1,0.5019000033344589
VisualCogA_Task-1,1,1,0,record_lda,-1,-1,0.4469339170603697
VisualCogA_Task-1,1,4,0,record_lda,-1,-1,0.35684095244354114
VisualCogA_Task-1,1,5,0,record_lda,1,-1,0.4902525505147342
VisualCogA_Task-1,1,6,0,record_lda,-1,-1,0.41061761593079926
VisualCogA_Task-1,1,7,0,record_lda,-1,1,0.5290759791177331
VisualCogA_Task-1,1,8,0,record_lda,-1,-1,0.46853968094337706
VisualCogA_Task-1,1,9,0,record_lda,1,1,0.5091860543921363
VisualCogA_Task-1,1,10,0,record_lda,1,1,0.5465486266317126
VisualCogA_Task-1,1,11,0,record_lda,1,-1,0.44254074779624425
VisualCogA_Task-1,1,12,0,record_lda,1,1,0.595302432519698
VisualCogA_Task-1,1,13,0,record_lda,-1,-1,0.4606472048239341
VisualCogA_Task-1,1,16,0,record_lda,-1,-1,0.4675157440649791
VisualCogA_Task-1,1,17,0,record_lda,1,1,0.6326712499738789
VisualCogA_Task-1,1,18,0,record_lda,-1,-1,0.36815969745341026
VisualCogA_Task-1,1,19,0,record_lda,-1,1,0.8888702418954351
VisualCogA_Task-2,2,1,0,record_lda,1,-1,0.45441483039533875
VisualCogA_Task-2,2,2,0,record_lda,-1,1,0.5498876019804408
VisualCogA_Task-2,2,3,0,record_lda,-1,1,0.524394412757167
VisualCogA_Task-2,2,4,0,record_lda,-1,1,0.5572794670147239
VisualCogA_Task-2,2,5,0,record_lda,1,-1,0.37374024576250997
VisualCogA_Task-2,2,6,0,record_lda,-1,1,0.5323725325988459
VisualCogA_Task-2,2,7,0,record_lda,1,-1,0.4551580233610031
VisualCogA_Task-2,2,8,0,record_lda,1,-1,0.463422880829089
VisualCogA_Task-2,2,9,0,record_lda,-1,1,0.5004198785582481
VisualCogA_Task-2,2,10,0,record_lda,-1,1,0.587746969901024
VisualCogA_Task-2,2,11,0,record_lda,1,-1,0.4633540060279924
VisualCogA_Task-2,2,12,0,record_lda,1,-1,0.4069339834292239
VisualCogA_Task-2,2,13,0,record_lda,1,1,0.5195549257429435
VisualCogA_Task-2,2,14,0,record_lda,-1,1,0.6567192262901083
VisualCogA_Task-2,2,15,0,record_lda,-1,-1,0.4078672212620218
VisualCogA_Task-2,2,16,0,record_lda,-1,-1,0.39293952246399394
VisualCogA_Task-2,2,17,0,record_lda,1,1,0.617134073301495
VisualCogA_Task-2,2,18,0,record_lda,1,1,0.6148562294251202
VisualCogA_Task-2,2,19,0,record_lda,-1,1,0.65749342953651
VisualCogA_Task-2,2,20,0,record_lda,-1,-1,0.48451612963274004
VisualCogB_Task-1,1,1,0,record_lda,-1,1,0.5360682202644724
VisualCogB_Task-1,1,2,0,record_lda,-1,1,0.5261594440129893
VisualCogB_Task-1,1,3,0,record_lda,1,1,0.5923056610715948
VisualCogB_Task-1,1,4,0,record_lda,-1,-1,0.46641800733001126
VisualCogB_Task-1,1,5,0,record_lda,1,1,0.7238521445784427
VisualCogB_Task-1,1,7,0,record_lda,1,1,0.5138894075554745
VisualCogB_Task-1,1,8,0,record_lda,-1,1,0.5563959872202265
VisualCogB_Task-1,1,9,0,record_lda,-1,-1,0.4161543696246231
VisualCogB_Task-1,1,10,0,record_lda,-1,-1,0.4738370038525544
VisualCogB_Task-1,1,11,0,record_lda,1,-1,0.47067360077228165
VisualCogB_Task-1,1,12,0,record_lda,-1,1,0.5318809076693547
VisualCogB_Task-1,1,13,0,record_lda,1,-1,0.49189426555364657
VisualCogB_Task-1,1,15,0,record_lda,-1,1,0.5355765788558883
VisualCogB_Task-1,1,16,0,record_lda,1,-1,0.49127488763732574
VisualCogB_Task-1,1,17,0,record_lda,-1,-1,0.4912195512510599
VisualCogB_Task-1,1,18,0,record_lda,-1,-1,0.47717748103277574
VisualCogB_Task-1,1,19,0,record_lda,1,-1,0.457755655687929
VisualCogB_Task-1,1,20,0,record_lda,-1,-1,0.46007273378608965
VisualCogB_Task-2,2,1,0,record_lda,-1,-1,0.35627338969295735
VisualCogB_Task-2,2,3,0,record_lda,-1,1,0.5006474987501973
VisualCogB_Task-2,2,4,0,record_lda,1,-1,0.4603325472251939
VisualCogB_Task-2,2,5,0,record_lda,-1,-1,0.4826344029550487
VisualCogB_Task-2,2,6,0,record_lda,1,1,0.7094189746538851
VisualCogB_Task-2,2,8,0,record_lda,1,1,0.5510563272638141
VisualCogB_Task-2,2,9,0,record_lda,1,1,0.5114106272290825
VisualCogB_Task-2,2,11,0,record_lda,1,1,0.5008261160498705
VisualCogB_Task-2,2,12,0,record_lda,1,1,0.5343635905384201
VisualCogB_Task-2,2,13,0,record_lda,1,-1,0.48917236858280105
VisualCogB_Task-2,2,17,0,record_lda,-1,1,0.6238270633150117
VisualCogB_Task-2,2,18,0,record_lda,1,-1,0.42224521376621604
VisualCogB_Task-2,2,19,0,record_lda,1,-1,0.4896557355918608
VisualCogA_Task-1,1,1,0,pooled,-1,-1,0.452773354046315
VisualCogA_Task-1,1,4,0,pooled,-1,-1,0.4448481891925379
VisualCogA_Task-1,1,5,0,pooled,1,-1,0.4967025164649151
VisualCogA_Task-1,1,6,0,pooled,-1,1,0.6132496457699986
VisualCogA_Task-1,1,7,0,pooled,-1,-1,0.49611740100071994
VisualCogA_Task-1,1,8,0,pooled,-1,-1,0.47554706412004233
VisualCogA_Task-1,1,9,0,pooled,1,1,0.5091479590273454
VisualCogA_Task-1,1,10,0,pooled,1,-1,0.488533495170218
VisualCogA_Task-1,1,11,0,pooled,1,-1,0.4917792847657329
VisualCogA_Task-1,1,12,0,pooled,1,1,0.5040267069892166
VisualCogA_Task-1,1,13,0,pooled,-1,-1,0.47854589626868976
VisualCogA_Task-1,1,16,0,pooled,-1,1,0.5148879630627982
VisualCogA_Task-1,1,17,0,pooled,1,1,0.5239870634553793
VisualCogA_Task-1,1,18,0,pooled,-1,-1,0.45433671104424767
VisualCogA_Task-1,1,19,0,pooled,-1,1,0.6163266832141123
VisualCogB_Task-1,1,1,0,pooled,-1,1,0.5027630978954286
VisualCogB_Task-1,1,2,0,pooled,-1,-1,0.49496775314743763
VisualCogB_Task-1,1,3,0,pooled,1,1,0.5308942838674574
VisualCogB_Task-1,1,4,0,pooled,-1,-1,0.47922803266119013
VisualCogB_Task-1,1,5,0,pooled,1,-1,0.4727247131026801
VisualCogB_Task-1,1,7,0,pooled,1,1,0.5161225404120993
VisualCogB_Task-1,1,8,0,pooled,-1,1,0.5414412002569029
VisualCogB_Task-1,1,9,0,pooled,-1,-1,0.4930450302472973
VisualCogB_Task-1,1,10,0,pooled,-1,1,0.5055959420562003
VisualCogB_Task-1,1,11,0,pooled,1,-1,0.4691509193957912
VisualCogB_Task-1,1,12,0,pooled,-1,1,0.5239904838298418
VisualCogB_Task-1,1,13,0,pooled,1,-1,0.46061034087030744
VisualCogB_Task-1,1,15,0,pooled,-1,1,0.5269102814478764
VisualCogB_Task-1,1,16,0,pooled,1,1,0.5062446037442074
VisualCogB_Task-1,1,17,0,pooled,-1,-1,0.4909724456437478
VisualCogB_Task-1,1,18,0,pooled,-1,1,0.5098966913892956
VisualCogB_Task-1,1,19,0,pooled,1,-1,0.444640775591655
VisualCogB_Task-1,1,20,0,pooled,-1,1,0.5062540524703235
VisualCogA_Task-2,2,1,0,pooled,1,-1,0.4361579854286262
VisualCogA_Task-2,2,2,0,pooled,-1,-1,0.4906850488550328
VisualCogA_Task-2,2,3,0,pooled,-1,1,0.5050180468405069
VisualCogA_Task-2,2,4,0,pooled,-1,-1,0.4901483567589378
VisualCogA_Task-2,2,5,0,pooled,1,1,0.5069947735492855
VisualCogA_Task-2,2,6,0,pooled,-1,1,0.5129919239578108
VisualCogA_Task-2,2,7,0,pooled,1,-1,0.4660219706750951
VisualCogA_Task-2,2,8,0,pooled,1,-1,0.4923369122347806
VisualCogA_Task-2,2,9,0,pooled,-1,-1,0.48656005029353583
VisualCogA_Task-2,2,10,0,pooled,-1,1,0.5676717787440775
VisualCogA_Task-2,2,11,0,pooled,1,-1,0.4664023025568648
VisualCogA_Task-2,2,12,0,pooled,1,1,0.55827550740498
VisualCogA_Task-2,2,13,0,pooled,1,-1,0.4125142317518553
VisualCogA_Task-2,2,14,0,pooled,-1,1,0.5415154481113328
VisualCogA_Task-2,2,15,0,pooled,-1,-1,0.46273428943824546
VisualCogA_Task-2,2,16,0,pooled,-1,-1,0.41782673443509377
VisualCogA_Task-2,2,17,0,pooled,1,1,0.5891694803365208
VisualCogA_Task-2,2,18,0,pooled,1,1,0.5326001895529215
VisualCogA_Task-2,2,19,0,pooled,-1,1,0.5809277173737896
VisualCogA_Task-2,2,20,0,pooled,-1,-1,0.49024743186052505
VisualCogB_Task-2,2,1,0,pooled,-1,-1,0.4344774593011545
VisualCogB_Task-2,2,3,0,pooled,-1,1,0.5024706480370918
VisualCogB_Task-2,2,4,0,pooled,1,-1,0.4848303472291679
VisualCogB_Task-2,2,5,0,pooled,-1,-1,0.49845957450989475
VisualCogB_Task-2,2,6,0,pooled,1,1,0.6277177748477193
VisualCogB_Task-2,2,8,0,pooled,1,1,0.5531455114102901
VisualCogB_Task-2,2,9,0,pooled,1,-1,0.49083218635473064
VisualCogB_Task-2,2,11,0,pooled,1,1,0.5897863754744754
VisualCogB_Task-2,2,12,0,pooled,1,-1,0.4935529465452988
VisualCogB_Task-2,2,13,0,pooled,1,-1,0.4944318405656715
VisualCogB_Task-2,2,17,0,pooled,-1,1,0.5570470567711793
VisualCogB_Task-2,2,18,0,pooled,1,-1,0.440406727167357
VisualCogB_Task-2,2,19,0,pooled,1,-1,0.4941171573828172
VisualCogA_Task-1,1,1,0,qc_weighted,-1,-1,0.4791738053646688
VisualCogA_Task-1,1,4,0,qc_weighted,-1,-1,0.4151119016119863
VisualCogA_Task-1,1,5,0,qc_weighted,1,1,0.5064435997597568
VisualCogA_Task-1,1,6,0,qc_weighted,-1,-1,0.46097042146311457
VisualCogA_Task-1,1,7,0,qc_weighted,-1,1,0.523089669238756
VisualCogA_Task-1,1,8,0,qc_weighted,-1,-1,0.48272704537019384
VisualCogA_Task-1,1,9,0,qc_weighted,1,1,0.5232539350190587
VisualCogA_Task-1,1,10,0,qc_weighted,1,1,0.5317639867878395
VisualCogA_Task-1,1,11,0,qc_weighted,1,-1,0.46682120855948284
VisualCogA_Task-1,1,12,0,qc_weighted,1,1,0.5504680719150385
VisualCogA_Task-1,1,13,0,qc_weighted,-1,-1,0.4774809868293582
VisualCogA_Task-1,1,16,0,qc_weighted,-1,-1,0.484055419771695
VisualCogA_Task-1,1,17,0,qc_weighted,1,1,0.5758445891394357
VisualCogA_Task-1,1,18,0,qc_weighted,-1,-1,0.42227915371368674
VisualCogA_Task-1,1,19,0,qc_weighted,-1,1,0.805199760792446
VisualCogA_Task-2,2,1,0,qc_weighted,1,-1,0.47407379679792483
VisualCogA_Task-2,2,2,0,qc_weighted,-1,-1,0.4536476734731083
VisualCogA_Task-2,2,3,0,qc_weighted,-1,-1,0.4903742501976962
VisualCogA_Task-2,2,4,0,qc_weighted,-1,1,0.5056936746314005
VisualCogA_Task-2,2,5,0,qc_weighted,1,-1,0.4314049243377247
VisualCogA_Task-2,2,6,0,qc_weighted,-1,-1,0.48038669785860744
VisualCogA_Task-2,2,7,0,qc_weighted,1,-1,0.47090354742829293
VisualCogA_Task-2,2,8,0,qc_weighted,1,-1,0.47872095421858424
VisualCogA_Task-2,2,9,0,qc_weighted,-1,-1,0.48463928692607205
VisualCogA_Task-2,2,10,0,qc_weighted,-1,1,0.5443125119500087
VisualCogA_Task-2,2,11,0,qc_weighted,1,-1,0.46743484906712596
VisualCogA_Task-2,2,12,0,qc_weighted,1,-1,0.4784813735623141
VisualCogA_Task-2,2,13,0,qc_weighted,1,1,0.5465484863374186
VisualCogA_Task-2,2,14,0,qc_weighted,-1,1,0.5733723128140928
VisualCogA_Task-2,2,15,0,qc_weighted,-1,-1,0.41725035979959746
VisualCogA_Task-2,2,16,0,qc_weighted,-1,-1,0.43392579183778285
VisualCogA_Task-2,2,17,0,qc_weighted,1,1,0.6031042593814889
VisualCogA_Task-2,2,18,0,qc_weighted,1,1,0.5727888790109001
VisualCogA_Task-2,2,19,0,qc_weighted,-1,1,0.6178979358367016
VisualCogA_Task-2,2,20,0,qc_weighted,-1,-1,0.492909205235409
VisualCogB_Task-1,1,1,0,qc_weighted,-1,1,0.5274291320011606
VisualCogB_Task-1,1,2,0,qc_weighted,-1,1,0.5220220067497949
VisualCogB_Task-1,1,3,0,qc_weighted,1,1,0.5610151240989537
VisualCogB_Task-1,1,4,0,qc_weighted,-1,-1,0.42150547706752456
VisualCogB_Task-1,1,5,0,qc_weighted,1,1,0.6494892677127523
VisualCogB_Task-1,1,7,0,qc_weighted,1,1,0.5379979188145763
VisualCogB_Task-1,1,8,0,qc_weighted,-1,1,0.5747561672778573
VisualCogB_Task-1,1,9,0,qc_weighted,-1,-1,0.46680829897929793
VisualCogB_Task-1,1,10,0,qc_weighted,-1,1,0.5010221745025231
VisualCogB_Task-1,1,11,0,qc_weighted,1,-1,0.4542530726632107
VisualCogB_Task-1,1,12,0,qc_weighted,-1,1,0.5472505780927039
VisualCogB_Task-1,1,13,0,qc_weighted,1,-1,0.4765127034988201
VisualCogB_Task-1,1,15,0,qc_weighted,-1,1,0.5465585838429744
VisualCogB_Task-1,1,16,0,qc_weighted,1,-1,0.4908251164100032
VisualCogB_Task-1,1,17,0,qc_weighted,-1,-1,0.4729466630256762
VisualCogB_Task-1,1,18,0,qc_weighted,-1,1,0.5018306105840846
VisualCogB_Task-1,1,19,0,qc_weighted,1,-1,0.37598522241735677
VisualCogB_Task-1,1,20,0,qc_weighted,-1,1,0.5017113478927878
VisualCogB_Task-2,2,1,0,qc_weighted,-1,-1,0.44215829663058587
VisualCogB_Task-2,2,3,0,qc_weighted,-1,1,0.51545593918201
VisualCogB_Task-2,2,4,0,qc_weighted,1,-1,0.4848442117117913
VisualCogB_Task-2,2,5,0,qc_weighted,-1,-1,0.4872119746513718
VisualCogB_Task-2,2,6,0,qc_weighted,1,1,0.5910909343611631
VisualCogB_Task-2,2,8,0,qc_weighted,1,1,0.5488397635418731
VisualCogB_Task-2,2,9,0,qc_weighted,1,1,0.5018510196907925
VisualCogB_Task-2,2,11,0,qc_weighted,1,-1,0.48997209292561733
VisualCogB_Task-2,2,12,0,qc_weighted,1,1,0.510228877276785
VisualCogB_Task-2,2,13,0,qc_weighted,1,1,0.5003313931697245
VisualCogB_Task-2,2,17,0,qc_weighted,-1,1,0.574283027525152
VisualCogB_Task-2,2,18,0,qc_weighted,1,-1,0.4588696693896388
VisualCogB_Task-2,2,19,0,qc_weighted,1,1,0.5003837775133618
VisualCogA_Task-1,1,1,0,mechanistic,-1,-1,0.4599523130127726
VisualCogA_Task-1,1,4,0,mechanistic,-1,-1,0.399431914987225
VisualCogA_Task-1,1,5,0,mechanistic,1,-1,0.4853872643706988
VisualCogA_Task-1,1,6,0,mechanistic,-1,-1,0.43979775798249393
VisualCogA_Task-1,1,7,0,mechanistic,-1,1,0.5143622463087307
VisualCogA_Task-1,1,8,0,mechanistic,-1,-1,0.4847285366568717
VisualCogA_Task-1,1,9,0,mechanistic,1,1,0.5082332133221188
VisualCogA_Task-1,1,10,0,mechanistic,1,1,0.5298388209355919
VisualCogA_Task-1,1,11,0,mechanistic,1,-1,0.45721555145146725
VisualCogA_Task-1,1,12,0,mechanistic,1,1,0.5624842159603906
VisualCogA_Task-1,1,13,0,mechanistic,-1,-1,0.47639520701103477
VisualCogA_Task-1,1,16,0,mechanistic,-1,-1,0.4809783723054416
VisualCogA_Task-1,1,17,0,mechanistic,1,1,0.5786668952716121
VisualCogA_Task-1,1,18,0,mechanistic,-1,-1,0.4183566660876101
VisualCogA_Task-1,1,19,0,mechanistic,-1,1,0.760680863356514
VisualCogA_Task-2,2,1,0,mechanistic,1,-1,0.4189420662356038
VisualCogA_Task-2,2,2,0,mechanistic,-1,-1,0.49756480919235074
VisualCogA_Task-2,2,3,0,mechanistic,-1,1,0.5413814222101241
VisualCogA_Task-2,2,4,0,mechanistic,-1,1,0.5266472406045157
VisualCogA_Task-2,2,5,0,mechanistic,1,-1,0.4042655578288923
VisualCogA_Task-2,2,6,0,mechanistic,-1,-1,0.4542156221324334
VisualCogA_Task-2,2,7,0,mechanistic,1,-1,0.4414202410667618
VisualCogA_Task-2,2,8,0,mechanistic,1,-1,0.46557169800278575
VisualCogA_Task-2,2,9,0,mechanistic,-1,1,0.5148438685859887
VisualCogA_Task-2,2,10,0,mechanistic,-1,1,0.5262742896930275
VisualCogA_Task-2,2,11,0,mechanistic,1,-1,0.419882148039832
VisualCogA_Task-2,2,12,0,mechanistic,1,-1,0.42615018831243867
VisualCogA_Task-2,2,13,0,mechanistic,1,1,0.6184225029714043
VisualCogA_Task-2,2,14,0,mechanistic,-1,1,0.6143626896454127
VisualCogA_Task-2,2,15,0,mechanistic,-1,-1,0.45622032149485087
VisualCogA_Task-2,2,16,0,mechanistic,-1,-1,0.4110491006438109
VisualCogA_Task-2,2,17,0,mechanistic,1,-1,0.4514431464749205
VisualCogA_Task-2,2,18,0,mechanistic,1,1,0.5735551308158798
VisualCogA_Task-2,2,19,0,mechanistic,-1,1,0.5940910704420364
VisualCogA_Task-2,2,20,0,mechanistic,-1,-1,0.4716849325247037
VisualCogB_Task-1,1,1,0,mechanistic,-1,1,0.5391847876695895
VisualCogB_Task-1,1,2,0,mechanistic,-1,1,0.5184039160577335
VisualCogB_Task-1,1,3,0,mechanistic,1,1,0.5667606812820618
VisualCogB_Task-1,1,4,0,mechanistic,-1,-1,0.4630548896334182
VisualCogB_Task-1,1,5,0,mechanistic,1,1,0.7152601395004142
VisualCogB_Task-1,1,7,0,mechanistic,1,1,0.5152600782289908
VisualCogB_Task-1,1,8,0,mechanistic,-1,1,0.545510900894469
VisualCogB_Task-1,1,9,0,mechanistic,-1,-1,0.40980051740317797
VisualCogB_Task-1,1,10,0,mechanistic,-1,-1,0.46672571561641557
VisualCogB_Task-1,1,11,0,mechanistic,1,-1,0.4771754052919087
VisualCogB_Task-1,1,12,0,mechanistic,-1,1,0.5178570382553066
VisualCogB_Task-1,1,13,0,mechanistic,1,1,0.5126888230013545
VisualCogB_Task-1,1,15,0,mechanistic,-1,1,0.5378681450646725
VisualCogB_Task-1,1,16,0,mechanistic,1,1,0.501167012003457
VisualCogB_Task-1,1,17,0,mechanistic,-1,-1,0.4966729807026138
VisualCogB_Task-1,1,18,0,mechanistic,-1,-1,0.4672770936284626
VisualCogB_Task-1,1,19,0,mechanistic,1,-1,0.45317223942525425
VisualCogB_Task-1,1,20,0,mechanistic,-1,-1,0.44189539135131556
VisualCogB_Task-2,2,1,0,mechanistic,-1,-1,0.40013264124119224
VisualCogB_Task-2,2,3,0,mechanistic,-1,-1,0.4834835305649462
VisualCogB_Task-2,2,4,0,mechanistic,1,-1,0.4757866530982135
VisualCogB_Task-2,2,5,0,mechanistic,-1,-1,0.48681548728282636
VisualCogB_Task-2,2,6,0,mechanistic,1,1,0.660534252434473
VisualCogB_Task-2,2,8,0,mechanistic,1,1,0.538569554571311
VisualCogB_Task-2,2,9,0,mechanistic,1,1,0.5038761531713299
VisualCogB_Task-2,2,11,0,mechanistic,1,1,0.5252070805020966
VisualCogB_Task-2,2,12,0,mechanistic,1,-1,0.4855302887685898
VisualCogB_Task-2,2,13,0,mechanistic,1,-1,0.47334368165829754
VisualCogB_Task-2,2,17,0,mechanistic,-1,1,0.572173041090739
VisualCogB_Task-2,2,18,0,mechanistic,1,-1,0.4759708640061115
VisualCogB_Task-2,2,19,0,mechanistic,1,-1,0.49537950142608966
VisualCogA_Task-1,1,1,0,ecg_adjusted,-1,-1,0.4732751907646834
VisualCogA_Task-1,1,4,0,ecg_adjusted,-1,-1,0.42791123002151893
VisualCogA_Task-1,1,5,0,ecg_adjusted,1,1,0.5265020670101805
VisualCogA_Task-1,1,6,0,ecg_adjusted,-1,-1,0.4999610963864159
VisualCogA_Task-1,1,7,0,ecg_adjusted,-1,1,0.5305497883057695
VisualCogA_Task-1,1,8,0,ecg_adjusted,-1,-1,0.47701234201279885
VisualCogA_Task-1,1,9,0,ecg_adjusted,1,1,0.5121924070422136
VisualCogA_Task-1,1,10,0,ecg_adjusted,1,1,0.5208481500496845
VisualCogA_Task-1,1,11,0,ecg_adjusted,1,-1,0.48119499921003606
VisualCogA_Task-1,1,12,0,ecg_adjusted,1,1,0.5359138600707744
VisualCogA_Task-1,1,13,0,ecg_adjusted,-1,-1,0.4703941464736441
VisualCogA_Task-1,1,16,0,ecg_adjusted,-1,-1,0.4915350150854902
VisualCogA_Task-1,1,17,0,ecg_adjusted,1,1,0.5951626000304779
VisualCogA_Task-1,1,18,0,ecg_adjusted,-1,-1,0.40948304381992773
VisualCogA_Task-1,1,19,0,ecg_adjusted,-1,1,0.8004218049693547
VisualCogA_Task-2,2,1,0,ecg_adjusted,1,-1,0.4772294894717604
VisualCogA_Task-2,2,2,0,ecg_adjusted,-1,-1,0.46851610587115755
VisualCogA_Task-2,2,3,0,ecg_adjusted,-1,-1,0.492170497819706
VisualCogA_Task-2,2,4,0,ecg_adjusted,-1,1,0.5094557166915638
VisualCogA_Task-2,2,5,0,ecg_adjusted,1,-1,0.4331711000222469
VisualCogA_Task-2,2,6,0,ecg_adjusted,-1,-1,0.4857690936463641
VisualCogA_Task-2,2,7,0,ecg_adjusted,1,-1,0.4708416177191837
VisualCogA_Task-2,2,8,0,ecg_adjusted,1,-1,0.4800942716747913
VisualCogA_Task-2,2,9,0,ecg_adjusted,-1,-1,0.48986893472468734
VisualCogA_Task-2,2,10,0,ecg_adjusted,-1,1,0.5428075094275996
VisualCogA_Task-2,2,11,0,ecg_adjusted,1,-1,0.47856101429598463
VisualCogA_Task-2,2,12,0,ecg_adjusted,1,-1,0.46203932968274636
VisualCogA_Task-2,2,13,0,ecg_adjusted,1,1,0.5185696752467656
VisualCogA_Task-2,2,14,0,ecg_adjusted,-1,1,0.5795358512640061
VisualCogA_Task-2,2,15,0,ecg_adjusted,-1,-1,0.4423009868134237
VisualCogA_Task-2,2,16,0,ecg_adjusted,-1,-1,0.4409408875463029
VisualCogA_Task-2,2,17,0,ecg_adjusted,1,1,0.6109160865236215
VisualCogA_Task-2,2,18,0,ecg_adjusted,1,1,0.5830619183164476
VisualCogA_Task-2,2,19,0,ecg_adjusted,-1,1,0.5938492422099805
VisualCogA_Task-2,2,20,0,ecg_adjusted,-1,-1,0.49767125102483883
VisualCogB_Task-1,1,1,0,ecg_adjusted,-1,1,0.5236602684720791
VisualCogB_Task-1,1,2,0,ecg_adjusted,-1,1,0.5224337198805677
VisualCogB_Task-1,1,3,0,ecg_adjusted,1,1,0.53725210927196
VisualCogB_Task-1,1,4,0,ecg_adjusted,-1,-1,0.45529448808573214
VisualCogB_Task-1,1,5,0,ecg_adjusted,1,1,0.692419082221476
VisualCogB_Task-1,1,7,0,ecg_adjusted,1,1,0.5177894211335311
VisualCogB_Task-1,1,8,0,ecg_adjusted,-1,1,0.5622831592548456
VisualCogB_Task-1,1,9,0,ecg_adjusted,-1,-1,0.4629436220466154
VisualCogB_Task-1,1,10,0,ecg_adjusted,-1,-1,0.4923498302292755
VisualCogB_Task-1,1,11,0,ecg_adjusted,1,-1,0.4800708552692328
VisualCogB_Task-1,1,12,0,ecg_adjusted,-1,-1,0.49801161775207947
VisualCogB_Task-1,1,13,0,ecg_adjusted,1,1,0.5012685067738142
VisualCogB_Task-1,1,15,0,ecg_adjusted,-1,1,0.5265292237216195
VisualCogB_Task-1,1,16,0,ecg_adjusted,1,-1,0.4913546333272621
VisualCogB_Task-1,1,17,0,ecg_adjusted,-1,-1,0.4775518262495223
VisualCogB_Task-1,1,18,0,ecg_adjusted,-1,-1,0.4607694638449308
VisualCogB_Task-1,1,19,0,ecg_adjusted,1,-1,0.49512008188812323
VisualCogB_Task-1,1,20,0,ecg_adjusted,-1,-1,0.47169819326287993
VisualCogB_Task-2,2,1,0,ecg_adjusted,-1,-1,0.4312961761418273
VisualCogB_Task-2,2,3,0,ecg_adjusted,-1,-1,0.4825059803239857
VisualCogB_Task-2,2,4,0,ecg_adjusted,1,-1,0.48924687993861066
VisualCogB_Task-2,2,5,0,ecg_adjusted,-1,-1,0.4958851969536075
VisualCogB_Task-2,2,6,0,ecg_adjusted,1,1,0.6610158575619853
VisualCogB_Task-2,2,8,0,ecg_adjusted,1,1,0.54911954949218
VisualCogB_Task-2,2,9,0,ecg_adjusted,1,1,0.5115866477628008
VisualCogB_Task-2,2,11,0,ecg_adjusted,1,1,0.5394797308868026
VisualCogB_Task-2,2,12,0,ecg_adjusted,1,1,0.5084983790773961
VisualCogB_Task-2,2,13,0,ecg_adjusted,1,-1,0.4957366342236517
VisualCogB_Task-2,2,17,0,ecg_adjusted,-1,1,0.5899683907731331
VisualCogB_Task-2,2,18,0,ecg_adjusted,1,-1,0.4584714988443175
VisualCogB_Task-2,2,19,0,ecg_adjusted,1,1,0.5038888873802492
VisualCogA_Task-1,1,1,0,qc_adjusted,-1,1,0.5430285014242803
VisualCogA_Task-1,1,4,0,qc_adjusted,-1,-1,0.46315101010424947
VisualCogA_Task-1,1,5,0,qc_adjusted,1,-1,0.4865502639453593
VisualCogA_Task-1,1,6,0,qc_adjusted,-1,-1,0.1253649785583476
VisualCogA_Task-1,1,7,0,qc_adjusted,-1,-1,0.49136991927576046
VisualCogA_Task-1,1,8,0,qc_adjusted,-1,1,0.5430564625186252
VisualCogA_Task-1,1,9,0,qc_adjusted,1,1,0.551853779976561
VisualCogA_Task-1,1,10,0,qc_adjusted,1,1,0.5900951564630177
VisualCogA_Task-1,1,11,0,qc_adjusted,1,1,0.5760734947261694
VisualCogA_Task-1,1,12,0,qc_adjusted,1,1,0.5932468458573568
VisualCogA_Task-1,1,13,0,qc_adjusted,-1,1,0.5097228939904822
VisualCogA_Task-1,1,16,0,qc_adjusted,-1,-1,0.4043727038348278
VisualCogA_Task-1,1,17,0,qc_adjusted,1,1,0.6777475898793229
VisualCogA_Task-1,1,18,0,qc_adjusted,-1,1,0.5172427986333558
VisualCogA_Task-1,1,19,0,qc_adjusted,-1,-1,0.4028034791088469
VisualCogA_Task-2,2,1,0,qc_adjusted,1,1,0.5133223282782687
VisualCogA_Task-2,2,2,0,qc_adjusted,-1,1,0.519625232054535
VisualCogA_Task-2,2,3,0,qc_adjusted,-1,1,0.5252264104370794
VisualCogA_Task-2,2,4,0,qc_adjusted,-1,1,0.5173853764709951
VisualCogA_Task-2,2,5,0,qc_adjusted,1,-1,0.4980396815154827
VisualCogA_Task-2,2,6,0,qc_adjusted,-1,1,0.5546058240284629
VisualCogA_Task-2,2,7,0,qc_adjusted,1,-1,0.4972423940494679
VisualCogA_Task-2,2,8,0,qc_adjusted,1,-1,0.4999173008692644
VisualCogA_Task-2,2,9,0,qc_adjusted,-1,-1,0.47789874658914877
VisualCogA_Task-2,2,10,0,qc_adjusted,-1,1,0.5103644597670532
VisualCogA_Task-2,2,11,0,qc_adjusted,1,1,0.5087296462470501
VisualCogA_Task-2,2,12,0,qc_adjusted,1,-1,0.4723577844626217
VisualCogA_Task-2,2,13,0,qc_adjusted,1,-1,0.4965786730328661
VisualCogA_Task-2,2,14,0,qc_adjusted,-1,1,0.5008878444552689
VisualCogA_Task-2,2,15,0,qc_adjusted,-1,1,0.5003413000956747
VisualCogA_Task-2,2,16,0,qc_adjusted,-1,-1,0.48647380655258493
VisualCogA_Task-2,2,17,0,qc_adjusted,1,-1,0.47255549856505863
VisualCogA_Task-2,2,18,0,qc_adjusted,1,-1,0.4998575755575783
VisualCogA_Task-2,2,19,0,qc_adjusted,-1,1,0.5428664658851112
VisualCogA_Task-2,2,20,0,qc_adjusted,-1,-1,0.4964721169202305
VisualCogB_Task-1,1,1,0,qc_adjusted,-1,1,0.5535560203962854
VisualCogB_Task-1,1,2,0,qc_adjusted,-1,-1,0.4904534567809034
VisualCogB_Task-1,1,3,0,qc_adjusted,1,1,0.5678688234979523
VisualCogB_Task-1,1,4,0,qc_adjusted,-1,-1,0.46390898848640816
VisualCogB_Task-1,1,5,0,qc_adjusted,1,1,0.7912556905523676
VisualCogB_Task-1,1,7,0,qc_adjusted,1,1,0.5126567007390004
VisualCogB_Task-1,1,8,0,qc_adjusted,-1,1,0.5614376461389555
VisualCogB_Task-1,1,9,0,qc_adjusted,-1,-1,0.4473695054502576
VisualCogB_Task-1,1,10,0,qc_adjusted,-1,-1,0.4894256047325667
VisualCogB_Task-1,1,11,0,qc_adjusted,1,-1,0.46389729804351804
VisualCogB_Task-1,1,12,0,qc_adjusted,-1,1,0.5338817010725487
VisualCogB_Task-1,1,13,0,qc_adjusted,1,-1,0.497333719543196
VisualCogB_Task-1,1,15,0,qc_adjusted,-1,1,0.5045417529964521
VisualCogB_Task-1,1,16,0,qc_adjusted,1,1,0.514921472709989
VisualCogB_Task-1,1,17,0,qc_adjusted,-1,-1,0.48552643916728316
VisualCogB_Task-1,1,18,0,qc_adjusted,-1,-1,0.49456927987374816
VisualCogB_Task-1,1,19,0,qc_adjusted,1,-1,0.41597852679661834
VisualCogB_Task-1,1,20,0,qc_adjusted,-1,-1,0.4446205976446245
VisualCogB_Task-2,2,1,0,qc_adjusted,-1,-1,0.4037032759790863
VisualCogB_Task-2,2,3,0,qc_adjusted,-1,1,0.5248578008523892
VisualCogB_Task-2,2,4,0,qc_adjusted,1,-1,0.4777661385883551
VisualCogB_Task-2,2,5,0,qc_adjusted,-1,1,0.5565630071900018
VisualCogB_Task-2,2,6,0,qc_adjusted,1,1,0.5818832912518421
VisualCogB_Task-2,2,8,0,qc_adjusted,1,-1,0.48575045230010605
VisualCogB_Task-2,2,9,0,qc_adjusted,1,-1,0.49866699660054514
VisualCogB_Task-2,2,11,0,qc_adjusted,1,1,0.5878694372400547
VisualCogB_Task-2,2,12,0,qc_adjusted,1,1,0.5613366749770585
VisualCogB_Task-2,2,13,0,qc_adjusted,1,1,0.5253588438555407
VisualCogB_Task-2,2,17,0,qc_adjusted,-1,1,0.5459027324233385
VisualCogB_Task-2,2,18,0,qc_adjusted,1,-1,0.46422167100837197
VisualCogB_Task-2,2,19,0,qc_adjusted,1,1,0.5314778482162331
VisualCogA_Task-1,1,1,0,order_adjusted,-1,-1,0.42925300424360824
VisualCogA_Task-1,1,4,0,order_adjusted,-1,-1,0.35914837234581404
VisualCogA_Task-1,1,5,0,order_adjusted,1,-1,0.44959499428032734
VisualCogA_Task-1,1,6,0,order_adjusted,-1,-1,0.3372891903878067
VisualCogA_Task-1,1,7,0,order_adjusted,-1,1,0.5003964531615152
VisualCogA_Task-1,1,8,0,order_adjusted,-1,-1,0.4738502578038311
VisualCogA_Task-1,1,9,0,order_adjusted,1,-1,0.4957584650526908
VisualCogA_Task-1,1,10,0,order_adjusted,1,1,0.5161079189493653
VisualCogA_Task-1,1,11,0,order_adjusted,1,-1,0.4031732359654234
VisualCogA_Task-1,1,12,0,order_adjusted,1,1,0.5461644659204616
VisualCogA_Task-1,1,13,0,order_adjusted,-1,-1,0.4723708837680562
VisualCogA_Task-1,1,16,0,order_adjusted,-1,-1,0.45019858809152813
VisualCogA_Task-1,1,17,0,order_adjusted,1,1,0.5583717444140675
VisualCogA_Task-1,1,18,0,order_adjusted,-1,-1,0.42135088997937004
VisualCogA_Task-1,1,19,0,order_adjusted,-1,1,0.723771986667023
VisualCogA_Task-2,2,1,0,order_adjusted,1,-1,0.4324551968221142
VisualCogA_Task-2,2,2,0,order_adjusted,-1,-1,0.47067007921496234
VisualCogA_Task-2,2,3,0,order_adjusted,-1,-1,0.4681998042538858
VisualCogA_Task-2,2,4,0,order_adjusted,-1,-1,0.48158598667688357
VisualCogA_Task-2,2,5,0,order_adjusted,1,-1,0.4184684211095894
VisualCogA_Task-2,2,6,0,order_adjusted,-1,-1,0.46682210286640247
VisualCogA_Task-2,2,7,0,order_adjusted,1,-1,0.44603064087156485
VisualCogA_Task-2,2,8,0,order_adjusted,1,-1,0.4564369999699951
VisualCogA_Task-2,2,9,0,order_adjusted,-1,-1,0.4695273695479302
VisualCogA_Task-2,2,10,0,order_adjusted,-1,1,0.5145382889277397
VisualCogA_Task-2,2,11,0,order_adjusted,1,-1,0.44541732928768585
VisualCogA_Task-2,2,12,0,order_adjusted,1,-1,0.4462486739613902
VisualCogA_Task-2,2,13,0,order_adjusted,1,-1,0.4722439376321176
VisualCogA_Task-2,2,14,0,order_adjusted,-1,1,0.5526140955053369
VisualCogA_Task-2,2,15,0,order_adjusted,-1,-1,0.427077119223682
VisualCogA_Task-2,2,16,0,order_adjusted,-1,-1,0.417567966841466
VisualCogA_Task-2,2,17,0,order_adjusted,1,1,0.5659476915724827
VisualCogA_Task-2,2,18,0,order_adjusted,1,1,0.5414263018218031
VisualCogA_Task-2,2,19,0,order_adjusted,-1,1,0.558610363118095
VisualCogA_Task-2,2,20,0,order_adjusted,-1,-1,0.471117956464294
VisualCogB_Task-1,1,1,0,order_adjusted,-1,-1,0.48984101824510967
VisualCogB_Task-1,1,2,0,order_adjusted,-1,-1,0.49587688673868197
VisualCogB_Task-1,1,3,0,order_adjusted,1,1,0.5333320895860053
VisualCogB_Task-1,1,4,0,order_adjusted,-1,-1,0.4642347423696864
VisualCogB_Task-1,1,5,0,order_adjusted,1,1,0.6204203145994833
VisualCogB_Task-1,1,7,0,order_adjusted,1,-1,0.48516136230295204
VisualCogB_Task-1,1,8,0,order_adjusted,-1,1,0.5150063839201376
VisualCogB_Task-1,1,9,0,order_adjusted,-1,-1,0.4422358848812553
VisualCogB_Task-1,1,10,0,order_adjusted,-1,-1,0.46959776004820575
VisualCogB_Task-1,1,11,0,order_adjusted,1,-1,0.465910799246017
VisualCogB_Task-1,1,12,0,order_adjusted,-1,-1,0.4985136418818954
VisualCogB_Task-1,1,13,0,order_adjusted,1,-1,0.4747154161682523
VisualCogB_Task-1,1,15,0,order_adjusted,-1,1,0.5011735499829989
VisualCogB_Task-1,1,16,0,order_adjusted,1,-1,0.4777721819687304
VisualCogB_Task-1,1,17,0,order_adjusted,-1,-1,0.4765483253982802
VisualCogB_Task-1,1,18,0,order_adjusted,-1,-1,0.47229438973173266
VisualCogB_Task-1,1,19,0,order_adjusted,1,-1,0.4630879031365464
VisualCogB_Task-1,1,20,0,order_adjusted,-1,-1,0.4642232203822623
VisualCogB_Task-2,2,1,0,order_adjusted,-1,-1,0.43260246242253814
VisualCogB_Task-2,2,3,0,order_adjusted,-1,1,0.5051404672603651
VisualCogB_Task-2,2,4,0,order_adjusted,1,-1,0.48387950696336984
VisualCogB_Task-2,2,5,0,order_adjusted,-1,-1,0.48840894605975
VisualCogB_Task-2,2,6,0,order_adjusted,1,1,0.6590762954402988
VisualCogB_Task-2,2,8,0,order_adjusted,1,1,0.547346336390467
VisualCogB_Task-2,2,9,0,order_adjusted,1,1,0.5092112442927008
VisualCogB_Task-2,2,11,0,order_adjusted,1,1,0.5226219911118231
VisualCogB_Task-2,2,12,0,order_adjusted,1,1,0.5089074190323322
VisualCogB_Task-2,2,13,0,order_adjusted,1,1,0.5008595275269729
VisualCogB_Task-2,2,17,0,order_adjusted,-1,1,0.5863761874409437
VisualCogB_Task-2,2,18,0,order_adjusted,1,-1,0.45178616153518075
VisualCogB_Task-2,2,19,0,order_adjusted,1,1,0.506239259001927
VisualCogA_Task-1,1,1,0,all_adjusted,-1,1,0.5061462026599307
VisualCogA_Task-1,1,4,0,all_adjusted,-1,-1,0.41146708966858625
VisualCogA_Task-1,1,5,0,all_adjusted,1,-1,0.46319738001020655
VisualCogA_Task-1,1,6,0,all_adjusted,-1,-1,0.08347677804041506
VisualCogA_Task-1,1,7,0,all_adjusted,-1,-1,0.4807304271515078
VisualCogA_Task-1,1,8,0,all_adjusted,-1,1,0.512498817299475
VisualCogA_Task-1,1,9,0,all_adjusted,1,1,0.5348142106854591
VisualCogA_Task-1,1,10,0,all_adjusted,1,1,0.5489192840962646
VisualCogA_Task-1,1,11,0,all_adjusted,1,1,0.5249934529218155
VisualCogA_Task-1,1,12,0,all_adjusted,1,1,0.560699177314929
VisualCogA_Task-1,1,13,0,all_adjusted,-1,-1,0.47815207805380927
VisualCogA_Task-1,1,16,0,all_adjusted,-1,-1,0.3755128064116951
VisualCogA_Task-1,1,17,0,all_adjusted,1,1,0.6774862225836938
VisualCogA_Task-1,1,18,0,all_adjusted,-1,-1,0.47946815797118036
VisualCogA_Task-1,1,19,0,all_adjusted,-1,-1,0.4020999273223498
VisualCogA_Task-2,2,1,0,all_adjusted,1,1,0.5178245376202688
VisualCogA_Task-2,2,2,0,all_adjusted,-1,1,0.5347032797616932
VisualCogA_Task-2,2,3,0,all_adjusted,-1,1,0.5404239585544193
VisualCogA_Task-2,2,4,0,all_adjusted,-1,1,0.5125915299407087
VisualCogA_Task-2,2,5,0,all_adjusted,1,1,0.511977526082608
VisualCogA_Task-2,2,6,0,all_adjusted,-1,1,0.5868226572881818
VisualCogA_Task-2,2,7,0,all_adjusted,1,1,0.5105926395463343
VisualCogA_Task-2,2,8,0,all_adjusted,1,1,0.5001904242265881
VisualCogA_Task-2,2,9,0,all_adjusted,-1,-1,0.49139977072440877
VisualCogA_Task-2,2,10,0,all_adjusted,-1,1,0.5542348625430703
VisualCogA_Task-2,2,11,0,all_adjusted,1,1,0.530625039382396
VisualCogA_Task-2,2,12,0,all_adjusted,1,-1,0.4935546790122742
VisualCogA_Task-2,2,13,0,all_adjusted,1,-1,0.45521333830795474
VisualCogA_Task-2,2,14,0,all_adjusted,-1,-1,0.45984317040266753
VisualCogA_Task-2,2,15,0,all_adjusted,-1,1,0.5232979546184698
VisualCogA_Task-2,2,16,0,all_adjusted,-1,-1,0.48665691135941985
VisualCogA_Task-2,2,17,0,all_adjusted,1,-1,0.4675416218277087
VisualCogA_Task-2,2,18,0,all_adjusted,1,1,0.5057658261513779
VisualCogA_Task-2,2,19,0,all_adjusted,-1,1,0.5333206060906854
VisualCogA_Task-2,2,20,0,all_adjusted,-1,-1,0.49687574192339456
VisualCogB_Task-1,1,1,0,all_adjusted,-1,-1,0.49979015593919335
VisualCogB_Task-1,1,2,0,all_adjusted,-1,-1,0.3795905759231972
VisualCogB_Task-1,1,3,0,all_adjusted,1,-1,0.48451273487998925
VisualCogB_Task-1,1,4,0,all_adjusted,-1,-1,0.39790219168536745
VisualCogB_Task-1,1,5,0,all_adjusted,1,1,0.6930037966211231
VisualCogB_Task-1,1,7,0,all_adjusted,1,-1,0.4876225846544851
VisualCogB_Task-1,1,8,0,all_adjusted,-1,1,0.5283969297667448
VisualCogB_Task-1,1,9,0,all_adjusted,-1,-1,0.42532522162077946
VisualCogB_Task-1,1,10,0,all_adjusted,-1,-1,0.46229789587497927
VisualCogB_Task-1,1,11,0,all_adjusted,1,-1,0.4417780043123273
VisualCogB_Task-1,1,12,0,all_adjusted,-1,-1,0.4463782752798288
VisualCogB_Task-1,1,13,0,all_adjusted,1,-1,0.48050699444278583
VisualCogB_Task-1,1,15,0,all_adjusted,-1,-1,0.49392176212707767
VisualCogB_Task-1,1,16,0,all_adjusted,1,-1,0.49106471665739126
VisualCogB_Task-1,1,17,0,all_adjusted,-1,-1,0.46166486460471545
VisualCogB_Task-1,1,18,0,all_adjusted,-1,-1,0.4021269779798414
VisualCogB_Task-1,1,19,0,all_adjusted,1,-1,0.4611698011621646
VisualCogB_Task-1,1,20,0,all_adjusted,-1,-1,0.42295398488955893
VisualCogB_Task-2,2,1,0,all_adjusted,-1,-1,0.41560467906537923
VisualCogB_Task-2,2,3,0,all_adjusted,-1,1,0.5300236637905106
VisualCogB_Task-2,2,4,0,all_adjusted,1,-1,0.4929593737896164
VisualCogB_Task-2,2,5,0,all_adjusted,-1,1,0.5766887318022547
VisualCogB_Task-2,2,6,0,all_adjusted,1,1,0.5988575057760979
VisualCogB_Task-2,2,8,0,all_adjusted,1,1,0.5302805034493349
VisualCogB_Task-2,2,9,0,all_adjusted,1,1,0.5226431683191978
VisualCogB_Task-2,2,11,0,all_adjusted,1,1,0.5842822335081315
VisualCogB_Task-2,2,12,0,all_adjusted,1,1,0.5813280028555144
VisualCogB_Task-2,2,13,0,all_adjusted,1,1,0.563368944228614
VisualCogB_Task-2,2,17,0,all_adjusted,-1,1,0.5996359679421605
VisualCogB_Task-2,2,18,0,all_adjusted,1,-1,0.44780865855861474
VisualCogB_Task-2,2,19,0,all_adjusted,1,1,0.5420251875415654
VisualCogA_Task-1,1,1,0,prestim_only,-1,1,0.5068635864359073
VisualCogA_Task-1,1,4,0,prestim_only,-1,-1,0.4323572259731994
VisualCogA_Task-1,1,5,0,prestim_only,1,-1,0.4334812866283769
VisualCogA_Task-1,1,6,0,prestim_only,-1,1,0.5553711764118199
VisualCogA_Task-1,1,7,0,prestim_only,-1,-1,0.4685857936730679
VisualCogA_Task-1,1,8,0,prestim_only,-1,-1,0.36243676568070526
VisualCogA_Task-1,1,9,0,prestim_only,1,-1,0.46368404620013054
VisualCogA_Task-1,1,10,0,prestim_only,1,-1,0.4316713738638212
VisualCogA_Task-1,1,11,0,prestim_only,1,1,0.5193035643436368
VisualCogA_Task-1,1,12,0,prestim_only,1,-1,0.41199493709642865
VisualCogA_Task-1,1,13,0,prestim_only,-1,1,0.5204371053121386
VisualCogA_Task-1,1,16,0,prestim_only,-1,-1,0.46451568995926723
VisualCogA_Task-1,1,17,0,prestim_only,1,-1,0.39689408006295224
VisualCogA_Task-1,1,18,0,prestim_only,-1,-1,0.4533706128459674
VisualCogA_Task-1,1,19,0,prestim_only,-1,-1,0.23117441305303257
VisualCogA_Task-2,2,1,0,prestim_only,1,-1,0.48502585187219466
VisualCogA_Task-2,2,2,0,prestim_only,-1,-1,0.4628858656434872
VisualCogA_Task-2,2,3,0,prestim_only,-1,-1,0.4423127744471468
VisualCogA_Task-2,2,4,0,prestim_only,-1,-1,0.4363029680968432
VisualCogA_Task-2,2,5,0,prestim_only,1,1,0.6676954244892574
VisualCogA_Task-2,2,6,0,prestim_only,-1,-1,0.40528428244074677
VisualCogA_Task-2,2,7,0,prestim_only,1,-1,0.48458183275157796
VisualCogA_Task-2,2,8,0,prestim_only,1,1,0.5344806256250063
VisualCogA_Task-2,2,9,0,prestim_only,-1,1,0.5943753846534297
VisualCogA_Task-2,2,10,0,prestim_only,-1,1,0.6393075262299207
VisualCogA_Task-2,2,11,0,prestim_only,1,-1,0.4212716073353894
VisualCogA_Task-2,2,12,0,prestim_only,1,1,0.7681495514583565
VisualCogA_Task-2,2,13,0,prestim_only,1,1,0.5591247796814274
VisualCogA_Task-2,2,14,0,prestim_only,-1,1,0.652761029938241
VisualCogA_Task-2,2,15,0,prestim_only,-1,-1,0.40246394245737743
VisualCogA_Task-2,2,16,0,prestim_only,-1,-1,0.41969103259925084
VisualCogA_Task-2,2,17,0,prestim_only,1,1,0.6262715144572109
VisualCogA_Task-2,2,18,0,prestim_only,1,1,0.6312426179041625
VisualCogA_Task-2,2,19,0,prestim_only,-1,1,0.6420668180509869
VisualCogA_Task-2,2,20,0,prestim_only,-1,-1,0.41080964727153413
VisualCogB_Task-1,1,1,0,prestim_only,-1,-1,0.43432809721997284
VisualCogB_Task-1,1,2,0,prestim_only,-1,1,0.5132020672342408
VisualCogB_Task-1,1,3,0,prestim_only,1,1,0.5212385264400331
VisualCogB_Task-1,1,4,0,prestim_only,-1,1,0.5229970596839438
VisualCogB_Task-1,1,5,0,prestim_only,1,-1,0.44236825099172383
VisualCogB_Task-1,1,7,0,prestim_only,1,1,0.5247415058646637
VisualCogB_Task-1,1,8,0,prestim_only,-1,1,0.5200103274340651
VisualCogB_Task-1,1,9,0,prestim_only,-1,1,0.5030164538553602
VisualCogB_Task-1,1,10,0,prestim_only,-1,-1,0.49382867858148133
VisualCogB_Task-1,1,11,0,prestim_only,1,1,0.503829146727529
VisualCogB_Task-1,1,12,0,prestim_only,-1,1,0.5020364086651219
VisualCogB_Task-1,1,13,0,prestim_only,1,-1,0.494329326603632
VisualCogB_Task-1,1,15,0,prestim_only,-1,-1,0.49859468780311855
VisualCogB_Task-1,1,16,0,prestim_only,1,-1,0.49556176225708337
VisualCogB_Task-1,1,17,0,prestim_only,-1,1,0.5092413036710741
VisualCogB_Task-1,1,18,0,prestim_only,-1,1,0.5276533697650349
VisualCogB_Task-1,1,19,0,prestim_only,1,1,0.5288418519689287
VisualCogB_Task-1,1,20,0,prestim_only,-1,1,0.5390874820770547
VisualCogB_Task-2,2,1,0,prestim_only,-1,-1,0.44032975852634454
VisualCogB_Task-2,2,3,0,prestim_only,-1,-1,0.4215120438320114
VisualCogB_Task-2,2,4,0,prestim_only,1,-1,0.4464819988770027
VisualCogB_Task-2,2,5,0,prestim_only,-1,-1,0.38138338303428915
VisualCogB_Task-2,2,6,0,prestim_only,1,1,0.6475936494872018
VisualCogB_Task-2,2,8,0,prestim_only,1,-1,0.47436715976482924
VisualCogB_Task-2,2,9,0,prestim_only,1,-1,0.47233453303155365
VisualCogB_Task-2,2,11,0,prestim_only,1,1,0.5043454252755415
VisualCogB_Task-2,2,12,0,prestim_only,1,-1,0.4333057356454031
VisualCogB_Task-2,2,13,0,prestim_only,1,-1,0.4702859272953345
VisualCogB_Task-2,2,17,0,prestim_only,-1,1,0.5039986371875892
VisualCogB_Task-2,2,18,0,prestim_only,1,-1,0.3952216682737164
VisualCogB_Task-2,2,19,0,prestim_only,1,-1,0.45344516454461004
VisualCogA_Task-1,1,21,1,main,-1,-1,0.4773816837048349
VisualCogA_Task-1,1,23,1,main,1,1,0.5734894966813052
VisualCogA_Task-1,1,24,1,main,-1,-1,0.30340042184546095
VisualCogA_Task-1,1,25,1,main,-1,1,0.5466898605184811
VisualCogA_Task-1,1,26,1,main,1,-1,0.2474889366934736
VisualCogA_Task-1,1,28,1,main,-1,-1,0.3485426853922012
VisualCogA_Task-1,1,29,1,main,-1,-1,0.40784145928167637
VisualCogA_Task-1,1,30,1,main,-1,-1,0.45523020204814313
VisualCogA_Task-1,1,31,1,main,-1,-1,0.45493534200599484
VisualCogA_Task-1,1,32,1,main,1,1,0.527556337487595
VisualCogA_Task-1,1,33,1,main,1,1,0.5035791591603576
VisualCogA_Task-1,1,34,1,main,-1,1,0.6314699447445149
VisualCogA_Task-1,1,35,1,main,1,-1,0.47974546825542597
VisualCogA_Task-1,1,37,1,main,-1,1,0.5490857515017978
VisualCogA_Task-1,1,38,1,main,-1,-1,0.47395482259243704
VisualCogA_Task-2,2,21,1,main,1,-1,0.4428107354708946
VisualCogA_Task-2,2,22,1,main,-1,1,0.682614812877802
VisualCogA_Task-2,2,24,1,main,1,-1,0.47661538437788464
VisualCogA_Task-2,2,25,1,main,-1,1,0.5002191371390484
VisualCogA_Task-2,2,26,1,main,-1,-1,0.4797745193009869
VisualCogA_Task-2,2,27,1,main,1,1,0.6089362601074434
VisualCogA_Task-2,2,28,1,main,1,-1,0.49272710463348773
VisualCogA_Task-2,2,29,1,main,1,1,0.6491981482984002
VisualCogA_Task-2,2,32,1,main,-1,1,0.5396609322747524
VisualCogA_Task-2,2,35,1,main,-1,1,0.5079566573370904
VisualCogA_Task-2,2,36,1,main,1,-1,0.4554036828252796
VisualCogA_Task-2,2,37,1,main,1,-1,0.36705773353374904
VisualCogA_Task-2,2,38,1,main,-1,-1,0.48746105005158147
VisualCogA_Task-2,2,40,1,main,-1,1,0.6617495803971344
VisualCogB_Task-1,1,21,1,main,1,-1,0.4770040570205718
VisualCogB_Task-1,1,22,1,main,1,1,0.5004303501961842
VisualCogB_Task-1,1,24,1,main,1,1,0.5139342478802589
VisualCogB_Task-1,1,26,1,main,1,1,0.5032664826008383
VisualCogB_Task-1,1,27,1,main,1,-1,0.4580507310915226
VisualCogB_Task-1,1,28,1,main,1,-1,0.46791123250517636
VisualCogB_Task-1,1,29,1,main,1,1,0.5073132088454303
VisualCogB_Task-1,1,30,1,main,-1,1,0.5453226561721918
VisualCogB_Task-1,1,31,1,main,1,1,0.5468067082528022
VisualCogB_Task-1,1,32,1,main,-1,1,0.5991906485110001
VisualCogB_Task-1,1,33,1,main,-1,-1,0.4760920154164786
VisualCogB_Task-1,1,34,1,main,1,1,0.5282950428633737
VisualCogB_Task-1,1,35,1,main,-1,1,0.5176251206099854
VisualCogB_Task-1,1,37,1,main,-1,-1,0.4609077181650206
VisualCogB_Task-1,1,38,1,main,-1,1,0.6594308743700233
VisualCogB_Task-1,1,39,1,main,1,1,0.5763803114950724
VisualCogB_Task-1,1,40,1,main,1,-1,0.38607107639391186
VisualCogB_Task-2,2,21,1,main,1,-1,0.37305183422524646
VisualCogB_Task-2,2,22,1,main,1,-1,0.41325018024502136
VisualCogB_Task-2,2,24,1,main,-1,-1,0.45078194040465014
VisualCogB_Task-2,2,25,1,main,-1,1,0.5034984492105804
VisualCogB_Task-2,2,26,1,main,1,1,0.7609727243496999
VisualCogB_Task-2,2,27,1,main,-1,-1,0.3493403940234091
VisualCogB_Task-2,2,28,1,main,-1,-1,0.4865114699965718
VisualCogB_Task-2,2,29,1,main,-1,1,0.5303618516965615
VisualCogB_Task-2,2,30,1,main,1,1,0.5914770266940271
VisualCogB_Task-2,2,31,1,main,1,-1,0.47192424083584233
VisualCogB_Task-2,2,33,1,main,1,-1,0.4589932588699096
VisualCogB_Task-2,2,34,1,main,1,-1,0.3913746485094049
VisualCogB_Task-2,2,35,1,main,-1,1,0.5000981627479608
VisualCogB_Task-2,2,36,1,main,1,1,0.6499587194923532
VisualCogB_Task-2,2,37,1,main,-1,-1,0.4616234025341247
VisualCogB_Task-2,2,38,1,main,-1,1,0.7059545181480854
VisualCogB_Task-2,2,39,1,main,1,-1,0.4453198710140592
VisualCogB_Task-2,2,40,1,main,1,-1,0.4863054464639314
VisualCogA_Task-1,1,21,1,record_lda,-1,-1,0.4611464752653173
VisualCogA_Task-1,1,23,1,record_lda,1,1,0.6201965372474039
VisualCogA_Task-1,1,24,1,record_lda,-1,-1,0.20925908256279252
VisualCogA_Task-1,1,25,1,record_lda,-1,1,0.5617183228350819
VisualCogA_Task-1,1,26,1,record_lda,1,-1,0.14429093795235023
VisualCogA_Task-1,1,28,1,record_lda,-1,-1,0.2718209677374535
VisualCogA_Task-1,1,29,1,record_lda,-1,-1,0.3501970484074319
VisualCogA_Task-1,1,30,1,record_lda,-1,-1,0.4265498385371102
VisualCogA_Task-1,1,31,1,record_lda,-1,-1,0.4220051032235565
VisualCogA_Task-1,1,32,1,record_lda,1,1,0.538804649915939
VisualCogA_Task-1,1,33,1,record_lda,1,1,0.5039612840382545
VisualCogA_Task-1,1,34,1,record_lda,-1,1,0.6994340113520414
VisualCogA_Task-1,1,35,1,record_lda,1,-1,0.46316900257374793
VisualCogA_Task-1,1,37,1,record_lda,-1,1,0.5781537222390936
VisualCogA_Task-1,1,38,1,record_lda,-1,-1,0.4567699730690375
VisualCogA_Task-2,2,21,1,record_lda,1,-1,0.40812319768866223
VisualCogA_Task-2,2,22,1,record_lda,-1,1,0.766767329292365
VisualCogA_Task-2,2,24,1,record_lda,1,-1,0.49736876974556854
VisualCogA_Task-2,2,25,1,record_lda,-1,-1,0.48902382410722955
VisualCogA_Task-2,2,26,1,record_lda,-1,-1,0.4672382354963048
VisualCogA_Task-2,2,27,1,record_lda,1,1,0.6682189739037975
VisualCogA_Task-2,2,28,1,record_lda,1,1,0.5059760767785907
VisualCogA_Task-2,2,29,1,record_lda,1,1,0.7098964137510513
VisualCogA_Task-2,2,32,1,record_lda,-1,1,0.6203563845263409
VisualCogA_Task-2,2,35,1,record_lda,-1,1,0.5419837370148413
VisualCogA_Task-2,2,36,1,record_lda,1,-1,0.44583369008476487
VisualCogA_Task-2,2,37,1,record_lda,1,-1,0.24011349417138048
VisualCogA_Task-2,2,38,1,record_lda,-1,-1,0.49346591092664405
VisualCogA_Task-2,2,40,1,record_lda,-1,1,0.74184536078495
VisualCogB_Task-1,1,21,1,record_lda,1,-1,0.46177235792890514
VisualCogB_Task-1,1,22,1,record_lda,1,1,0.5093058192234127
VisualCogB_Task-1,1,24,1,record_lda,1,1,0.5062460226337563
VisualCogB_Task-1,1,26,1,record_lda,1,1,0.5203736142014316
VisualCogB_Task-1,1,27,1,record_lda,1,-1,0.424910322007116
VisualCogB_Task-1,1,28,1,record_lda,1,-1,0.4547109539854091
VisualCogB_Task-1,1,29,1,record_lda,1,1,0.5197132718079736
VisualCogB_Task-1,1,30,1,record_lda,-1,1,0.578013406790523
VisualCogB_Task-1,1,31,1,record_lda,1,1,0.6107674275978866
VisualCogB_Task-1,1,32,1,record_lda,-1,1,0.6336755529453589
VisualCogB_Task-1,1,33,1,record_lda,-1,-1,0.4708755144193251
VisualCogB_Task-1,1,34,1,record_lda,1,1,0.5368634594328294
VisualCogB_Task-1,1,35,1,record_lda,-1,1,0.5981141219065256
VisualCogB_Task-1,1,37,1,record_lda,-1,-1,0.48176930247113436
VisualCogB_Task-1,1,38,1,record_lda,-1,1,0.6920939521276137
VisualCogB_Task-1,1,39,1,record_lda,1,1,0.5883312100395692
VisualCogB_Task-1,1,40,1,record_lda,1,-1,0.34681776950870813
VisualCogB_Task-2,2,21,1,record_lda,1,-1,0.32240895454612356
VisualCogB_Task-2,2,22,1,record_lda,1,-1,0.3608095440062868
VisualCogB_Task-2,2,24,1,record_lda,-1,-1,0.3903795996277174
VisualCogB_Task-2,2,25,1,record_lda,-1,-1,0.4560133922950753
VisualCogB_Task-2,2,26,1,record_lda,1,1,0.8281591382198001
VisualCogB_Task-2,2,27,1,record_lda,-1,-1,0.3104076240408943
VisualCogB_Task-2,2,28,1,record_lda,-1,-1,0.4826053235492109
VisualCogB_Task-2,2,29,1,record_lda,-1,-1,0.4934351377327175
VisualCogB_Task-2,2,30,1,record_lda,1,1,0.6385780600368136
VisualCogB_Task-2,2,31,1,record_lda,1,-1,0.4367085840567611
VisualCogB_Task-2,2,33,1,record_lda,1,-1,0.46539311975750364
VisualCogB_Task-2,2,34,1,record_lda,1,-1,0.3095614871226678
VisualCogB_Task-2,2,35,1,record_lda,-1,-1,0.4738188061614994
VisualCogB_Task-2,2,36,1,record_lda,1,1,0.7199400126984026
VisualCogB_Task-2,2,37,1,record_lda,-1,-1,0.44859013356373445
VisualCogB_Task-2,2,38,1,record_lda,-1,1,0.7518786985877265
VisualCogB_Task-2,2,39,1,record_lda,1,-1,0.40620498246439407
VisualCogB_Task-2,2,40,1,record_lda,1,-1,0.4874138226681412
VisualCogA_Task-1,1,21,1,pooled,-1,-1,0.45746063047236724
VisualCogA_Task-1,1,23,1,pooled,1,-1,0.456771451685313
VisualCogA_Task-1,1,24,1,pooled,-1,-1,0.38976721220075
VisualCogA_Task-1,1,25,1,pooled,-1,1,0.5866208621597464
VisualCogA_Task-1,1,26,1,pooled,1,-1,0.3534384162770445
VisualCogA_Task-1,1,28,1,pooled,-1,-1,0.451975483070372
VisualCogA_Task-1,1,29,1,pooled,-1,-1,0.47784109722303336
VisualCogA_Task-1,1,30,1,pooled,-1,-1,0.4938090556134449
VisualCogA_Task-1,1,31,1,pooled,-1,-1,0.49502326265506325
VisualCogA_Task-1,1,32,1,pooled,1,1,0.5046904066854868
VisualCogA_Task-1,1,33,1,pooled,1,1,0.5110987482418342
VisualCogA_Task-1,1,34,1,pooled,-1,1,0.5599840499321886
VisualCogA_Task-1,1,35,1,pooled,1,-1,0.48588956799465133
VisualCogA_Task-1,1,37,1,pooled,-1,1,0.5030616971733425
VisualCogA_Task-1,1,38,1,pooled,-1,-1,0.4840776779673419
VisualCogB_Task-1,1,21,1,pooled,1,1,0.5029434843307453
VisualCogB_Task-1,1,22,1,pooled,1,1,0.5167242277669324
VisualCogB_Task-1,1,24,1,pooled,1,1,0.5066449009424052
VisualCogB_Task-1,1,26,1,pooled,1,1,0.528359862866801
VisualCogB_Task-1,1,27,1,pooled,1,-1,0.4777307123496667
VisualCogB_Task-1,1,28,1,pooled,1,1,0.5080779553979764
VisualCogB_Task-1,1,29,1,pooled,1,1,0.5191525193006549
VisualCogB_Task-1,1,30,1,pooled,-1,-1,0.43545813644058384
VisualCogB_Task-1,1,31,1,pooled,1,1,0.6188144312800196
VisualCogB_Task-1,1,32,1,pooled,-1,1,0.5234419885779172
VisualCogB_Task-1,1,33,1,pooled,-1,1,0.5072020870378691
VisualCogB_Task-1,1,34,1,pooled,1,-1,0.47237852110689216
VisualCogB_Task-1,1,35,1,pooled,-1,1,0.6868069727055639
VisualCogB_Task-1,1,37,1,pooled,-1,1,0.6044115772926466
VisualCogB_Task-1,1,38,1,pooled,-1,1,0.5176319561343103
VisualCogB_Task-1,1,39,1,pooled,1,-1,0.44927547748411395
VisualCogB_Task-1,1,40,1,pooled,1,1,0.5218718369576327
VisualCogA_Task-2,2,21,1,pooled,1,-1,0.44217343219627264
VisualCogA_Task-2,2,22,1,pooled,-1,1,0.6158501857123095
VisualCogA_Task-2,2,24,1,pooled,1,-1,0.48581327659275614
VisualCogA_Task-2,2,25,1,pooled,-1,1,0.5060700368005672
VisualCogA_Task-2,2,26,1,pooled,-1,-1,0.4839774195657958
VisualCogA_Task-2,2,27,1,pooled,1,1,0.6157268181177407
VisualCogA_Task-2,2,28,1,pooled,1,-1,0.4988392643346233
VisualCogA_Task-2,2,29,1,pooled,1,1,0.6442935724450318
VisualCogA_Task-2,2,32,1,pooled,-1,1,0.5297994642481904
VisualCogA_Task-2,2,35,1,pooled,-1,1,0.5044206485042033
VisualCogA_Task-2,2,36,1,pooled,1,-1,0.4639902226657657
VisualCogA_Task-2,2,37,1,pooled,1,-1,0.4176793194366065
VisualCogA_Task-2,2,38,1,pooled,-1,-1,0.49969145516406765
VisualCogA_Task-2,2,40,1,pooled,-1,1,0.6463305152332983
VisualCogB_Task-2,2,21,1,pooled,1,-1,0.3910904419690625
VisualCogB_Task-2,2,22,1,pooled,1,-1,0.45640763899913395
VisualCogB_Task-2,2,24,1,pooled,-1,1,0.522672082670738
VisualCogB_Task-2,2,25,1,pooled,-1,1,0.5549103590686129
VisualCogB_Task-2,2,26,1,pooled,1,1,0.7755217085358601
VisualCogB_Task-2,2,27,1,pooled,-1,-1,0.33514518321056014
VisualCogB_Task-2,2,28,1,pooled,-1,-1,0.46349524184468327
VisualCogB_Task-2,2,29,1,pooled,-1,1,0.6341456535469401
VisualCogB_Task-2,2,30,1,pooled,1,1,0.5100541105449434
VisualCogB_Task-2,2,31,1,pooled,1,1,0.5391013306878087
VisualCogB_Task-2,2,33,1,pooled,1,1,0.5253709237991534
VisualCogB_Task-2,2,34,1,pooled,1,-1,0.47630789494111914
VisualCogB_Task-2,2,35,1,pooled,-1,1,0.5541857263602694
VisualCogB_Task-2,2,36,1,pooled,1,1,0.5616822406381422
VisualCogB_Task-2,2,37,1,pooled,-1,-1,0.45699211890289587
VisualCogB_Task-2,2,38,1,pooled,-1,1,0.765325448153049
VisualCogB_Task-2,2,39,1,pooled,1,-1,0.47585444819485123
VisualCogB_Task-2,2,40,1,pooled,1,-1,0.45412466026153797
VisualCogA_Task-1,1,21,1,qc_weighted,-1,-1,0.4519238996213838
VisualCogA_Task-1,1,23,1,qc_weighted,1,1,0.5863666736206564
VisualCogA_Task-1,1,24,1,qc_weighted,-1,-1,0.08721830064480016
VisualCogA_Task-1,1,25,1,qc_weighted,-1,1,0.6699273705597708
VisualCogA_Task-1,1,26,1,qc_weighted,1,-1,0.054134007761056084
VisualCogA_Task-1,1,28,1,qc_weighted,-1,-1,0.11342578214704932
VisualCogA_Task-1,1,29,1,qc_weighted,-1,-1,0.24992715330119425
VisualCogA_Task-1,1,30,1,qc_weighted,-1,-1,0.3882510690220942
VisualCogA_Task-1,1,31,1,qc_weighted,-1,-1,0.47209619961674704
VisualCogA_Task-1,1,32,1,qc_weighted,1,1,0.5620311489391365
VisualCogA_Task-1,1,33,1,qc_weighted,1,-1,0.48891088902319346
VisualCogA_Task-1,1,34,1,qc_weighted,-1,1,0.7854880656491922
VisualCogA_Task-1,1,35,1,qc_weighted,1,-1,0.4535365500317816
VisualCogA_Task-1,1,37,1,qc_weighted,-1,1,0.6608128959510159
VisualCogA_Task-1,1,38,1,qc_weighted,-1,-1,0.47988354347079315
VisualCogA_Task-2,2,21,1,qc_weighted,1,-1,0.4377851794298569
VisualCogA_Task-2,2,22,1,qc_weighted,-1,1,0.7081151711442591
VisualCogA_Task-2,2,24,1,qc_weighted,1,-1,0.4707830591510276
VisualCogA_Task-2,2,25,1,qc_weighted,-1,1,0.5044669363290004
VisualCogA_Task-2,2,26,1,qc_weighted,-1,-1,0.471726497778961
VisualCogA_Task-2,2,27,1,qc_weighted,1,1,0.647194502499026
VisualCogA_Task-2,2,28,1,qc_weighted,1,-1,0.4835973532768483
VisualCogA_Task-2,2,29,1,qc_weighted,1,1,0.6933736492387538
VisualCogA_Task-2,2,32,1,qc_weighted,-1,1,0.5524049333597486
VisualCogA_Task-2,2,35,1,qc_weighted,-1,1,0.5092462918830942
VisualCogA_Task-2,2,36,1,qc_weighted,1,-1,0.43408172636765835
VisualCogA_Task-2,2,37,1,qc_weighted,1,-1,0.2884156112433043
VisualCogA_Task-2,2,38,1,qc_weighted,-1,-1,0.4866214597533432
VisualCogA_Task-2,2,40,1,qc_weighted,-1,1,0.7120275495806718
VisualCogB_Task-1,1,21,1,qc_weighted,1,-1,0.4867945167490763
VisualCogB_Task-1,1,22,1,qc_weighted,1,1,0.5220828086311957
VisualCogB_Task-1,1,24,1,qc_weighted,1,1,0.5081010201895698
VisualCogB_Task-1,1,26,1,qc_weighted,1,1,0.5488239951571655
VisualCogB_Task-1,1,27,1,qc_weighted,1,-1,0.4937096774219453
VisualCogB_Task-1,1,28,1,qc_weighted,1,-1,0.47739672019656193
VisualCogB_Task-1,1,29,1,qc_weighted,1,1,0.5294084075982908
VisualCogB_Task-1,1,30,1,qc_weighted,-1,1,0.5174903643358347
VisualCogB_Task-1,1,31,1,qc_weighted,1,1,0.6000537399654338
VisualCogB_Task-1,1,32,1,qc_weighted,-1,-1,0.4615349924023935
VisualCogB_Task-1,1,33,1,qc_weighted,-1,-1,0.494537025566319
VisualCogB_Task-1,1,34,1,qc_weighted,1,-1,0.44571929185198417
VisualCogB_Task-1,1,35,1,qc_weighted,-1,1,0.630864198027944
VisualCogB_Task-1,1,37,1,qc_weighted,-1,1,0.5630657118369049
VisualCogB_Task-1,1,38,1,qc_weighted,-1,1,0.5111763568935745
VisualCogB_Task-1,1,39,1,qc_weighted,1,-1,0.4744889252547083
VisualCogB_Task-1,1,40,1,qc_weighted,1,1,0.600479863202658
VisualCogB_Task-2,2,21,1,qc_weighted,1,-1,0.3737612446967996
VisualCogB_Task-2,2,22,1,qc_weighted,1,-1,0.39378914639714646
VisualCogB_Task-2,2,24,1,qc_weighted,-1,-1,0.4111088463744069
VisualCogB_Task-2,2,25,1,qc_weighted,-1,-1,0.4203553116291497
VisualCogB_Task-2,2,26,1,qc_weighted,1,1,0.7299673489297059
VisualCogB_Task-2,2,27,1,qc_weighted,-1,-1,0.420947747785026
VisualCogB_Task-2,2,28,1,qc_weighted,-1,-1,0.4996243263196534
VisualCogB_Task-2,2,29,1,qc_weighted,-1,-1,0.4394379449439865
VisualCogB_Task-2,2,30,1,qc_weighted,1,1,0.5471001834007576
VisualCogB_Task-2,2,31,1,qc_weighted,1,-1,0.4416361212636239
VisualCogB_Task-2,2,33,1,qc_weighted,1,1,0.5225754219106921
VisualCogB_Task-2,2,34,1,qc_weighted,1,-1,0.3443507837588934
VisualCogB_Task-2,2,35,1,qc_weighted,-1,-1,0.44618169745744907
VisualCogB_Task-2,2,36,1,qc_weighted,1,1,0.6413628997096174
VisualCogB_Task-2,2,37,1,qc_weighted,-1,-1,0.47342037699328476
VisualCogB_Task-2,2,38,1,qc_weighted,-1,1,0.6836042383918874
VisualCogB_Task-2,2,39,1,qc_weighted,1,-1,0.41538153972266434
VisualCogB_Task-2,2,40,1,qc_weighted,1,1,0.5013029340678677
VisualCogA_Task-1,1,21,1,mechanistic,-1,-1,0.4725118181352052
VisualCogA_Task-1,1,23,1,mechanistic,1,1,0.5763412314682619
VisualCogA_Task-1,1,24,1,mechanistic,-1,-1,0.3240344770666618
VisualCogA_Task-1,1,25,1,mechanistic,-1,1,0.5510822717342305
VisualCogA_Task-1,1,26,1,mechanistic,1,-1,0.2660400151882721
VisualCogA_Task-1,1,28,1,mechanistic,-1,-1,0.364646374435791
VisualCogA_Task-1,1,29,1,mechanistic,-1,-1,0.40806418668952416
VisualCogA_Task-1,1,30,1,mechanistic,-1,-1,0.4533621519305215
VisualCogA_Task-1,1,31,1,mechanistic,-1,-1,0.44811313842264205
VisualCogA_Task-1,1,32,1,mechanistic,1,1,0.5170587340568025
VisualCogA_Task-1,1,33,1,mechanistic,1,1,0.5006158979518033
VisualCogA_Task-1,1,34,1,mechanistic,-1,1,0.6187916625647705
VisualCogA_Task-1,1,35,1,mechanistic,1,-1,0.4730008281609412
VisualCogA_Task-1,1,37,1,mechanistic,-1,1,0.5424089447460133
VisualCogA_Task-1,1,38,1,mechanistic,-1,-1,0.4654560833422034
VisualCogA_Task-2,2,21,1,mechanistic,1,-1,0.429641127671202
VisualCogA_Task-2,2,22,1,mechanistic,-1,1,0.6879446254659072
VisualCogA_Task-2,2,24,1,mechanistic,1,-1,0.4926320417889015
VisualCogA_Task-2,2,25,1,mechanistic,-1,-1,0.49781756275860106
VisualCogA_Task-2,2,26,1,mechanistic,-1,-1,0.4597944899350362
VisualCogA_Task-2,2,27,1,mechanistic,1,1,0.631064586946866
VisualCogA_Task-2,2,28,1,mechanistic,1,1,0.5109180924433819
VisualCogA_Task-2,2,29,1,mechanistic,1,1,0.6779500111465062
VisualCogA_Task-2,2,32,1,mechanistic,-1,1,0.5414080981876971
VisualCogA_Task-2,2,35,1,mechanistic,-1,1,0.5056094665024367
VisualCogA_Task-2,2,36,1,mechanistic,1,-1,0.4656972274413757
VisualCogA_Task-2,2,37,1,mechanistic,1,-1,0.33606289335693407
VisualCogA_Task-2,2,38,1,mechanistic,-1,-1,0.47344129250696837
VisualCogA_Task-2,2,40,1,mechanistic,-1,1,0.675780468694542
VisualCogB_Task-1,1,21,1,mechanistic,1,-1,0.49142948366506967
VisualCogB_Task-1,1,22,1,mechanistic,1,1,0.521215851987516
VisualCogB_Task-1,1,24,1,mechanistic,1,-1,0.40420484599923323
VisualCogB_Task-1,1,26,1,mechanistic,1,1,0.5326793186823017
VisualCogB_Task-1,1,27,1,mechanistic,1,-1,0.4411339414504786
VisualCogB_Task-1,1,28,1,mechanistic,1,1,0.5413544115164354
VisualCogB_Task-1,1,29,1,mechanistic,1,-1,0.48051258271374964
VisualCogB_Task-1,1,30,1,mechanistic,-1,1,0.6157083650347642
VisualCogB_Task-1,1,31,1,mechanistic,1,1,0.5887189134419643
VisualCogB_Task-1,1,32,1,mechanistic,-1,1,0.6026288655901687
VisualCogB_Task-1,1,33,1,mechanistic,-1,1,0.5196081641998312
VisualCogB_Task-1,1,34,1,mechanistic,1,1,0.5419923299724424
VisualCogB_Task-1,1,35,1,mechanistic,-1,1,0.5938302040787582
VisualCogB_Task-1,1,37,1,mechanistic,-1,1,0.5070602069877705
VisualCogB_Task-1,1,38,1,mechanistic,-1,1,0.5788422951382984
VisualCogB_Task-1,1,39,1,mechanistic,1,1,0.5942682641693658
VisualCogB_Task-1,1,40,1,mechanistic,1,-1,0.3653958583016386
VisualCogB_Task-2,2,21,1,mechanistic,1,-1,0.38157269999870475
VisualCogB_Task-2,2,22,1,mechanistic,1,-1,0.4191702629398433
VisualCogB_Task-2,2,24,1,mechanistic,-1,-1,0.46280878571966255
VisualCogB_Task-2,2,25,1,mechanistic,-1,1,0.542995338410825
VisualCogB_Task-2,2,26,1,mechanistic,1,1,0.7494467515032301
VisualCogB_Task-2,2,27,1,mechanistic,-1,-1,0.3306366707243807
VisualCogB_Task-2,2,28,1,mechanistic,-1,-1,0.48810800538884735
VisualCogB_Task-2,2,29,1,mechanistic,-1,1,0.54069385035298
VisualCogB_Task-2,2,30,1,mechanistic,1,1,0.5998690402134879
VisualCogB_Task-2,2,31,1,mechanistic,1,-1,0.4731149221595107
VisualCogB_Task-2,2,33,1,mechanistic,1,-1,0.4741468597042279
VisualCogB_Task-2,2,34,1,mechanistic,1,-1,0.4045802867376645
VisualCogB_Task-2,2,35,1,mechanistic,-1,1,0.5091983272199191
VisualCogB_Task-2,2,36,1,mechanistic,1,1,0.6506567109830131
VisualCogB_Task-2,2,37,1,mechanistic,-1,-1,0.4648465866976244
VisualCogB_Task-2,2,38,1,mechanistic,-1,1,0.7176388122435765
VisualCogB_Task-2,2,39,1,mechanistic,1,-1,0.4561890571938171
VisualCogB_Task-2,2,40,1,mechanistic,1,1,0.5185651873621467
VisualCogA_Task-1,1,21,1,ecg_adjusted,-1,-1,0.472084603046634
VisualCogA_Task-1,1,23,1,ecg_adjusted,1,1,0.5697065844506279
VisualCogA_Task-1,1,24,1,ecg_adjusted,-1,-1,0.30134665021508444
VisualCogA_Task-1,1,25,1,ecg_adjusted,-1,1,0.5627361394663262
VisualCogA_Task-1,1,26,1,ecg_adjusted,1,-1,0.24661446245335403
VisualCogA_Task-1,1,28,1,ecg_adjusted,-1,-1,0.345964446277574
VisualCogA_Task-1,1,29,1,ecg_adjusted,-1,-1,0.3894032159211103
VisualCogA_Task-1,1,30,1,ecg_adjusted,-1,-1,0.4470755228564854
VisualCogA_Task-1,1,31,1,ecg_adjusted,-1,-1,0.4677915573641891
VisualCogA_Task-1,1,32,1,ecg_adjusted,1,1,0.521278909657879
VisualCogA_Task-1,1,33,1,ecg_adjusted,1,-1,0.4996224985890513
VisualCogA_Task-1,1,34,1,ecg_adjusted,-1,1,0.6380974905399449
VisualCogA_Task-1,1,35,1,ecg_adjusted,1,-1,0.48516012659690416
VisualCogA_Task-1,1,37,1,ecg_adjusted,-1,1,0.547288142181992
VisualCogA_Task-1,1,38,1,ecg_adjusted,-1,-1,0.4647049884644269
VisualCogA_Task-2,2,21,1,ecg_adjusted,1,-1,0.4380070345469798
VisualCogA_Task-2,2,22,1,ecg_adjusted,-1,1,0.6689028005350109
VisualCogA_Task-2,2,24,1,ecg_adjusted,1,-1,0.4743874088065223
VisualCogA_Task-2,2,25,1,ecg_adjusted,-1,1,0.5034197391615983
VisualCogA_Task-2,2,26,1,ecg_adjusted,-1,-1,0.47535938676879835
VisualCogA_Task-2,2,27,1,ecg_adjusted,1,1,0.6182599007280782
VisualCogA_Task-2,2,28,1,ecg_adjusted,1,-1,0.48327363208212626
VisualCogA_Task-2,2,29,1,ecg_adjusted,1,1,0.6567196172984089
VisualCogA_Task-2,2,32,1,ecg_adjusted,-1,1,0.5380347433550445
VisualCogA_Task-2,2,35,1,ecg_adjusted,-1,1,0.5112502556173382
VisualCogA_Task-2,2,36,1,ecg_adjusted,1,-1,0.46236425218301075
VisualCogA_Task-2,2,37,1,ecg_adjusted,1,-1,0.36525485463504376
VisualCogA_Task-2,2,38,1,ecg_adjusted,-1,-1,0.4872221926998177
VisualCogA_Task-2,2,40,1,ecg_adjusted,-1,1,0.6583110276793666
VisualCogB_Task-1,1,21,1,ecg_adjusted,1,-1,0.49014909635199094
VisualCogB_Task-1,1,22,1,ecg_adjusted,1,1,0.5033231559127065
VisualCogB_Task-1,1,24,1,ecg_adjusted,1,1,0.5242615020581778
VisualCogB_Task-1,1,26,1,ecg_adjusted,1,1,0.5145070776663849
VisualCogB_Task-1,1,27,1,ecg_adjusted,1,-1,0.4353473360033064
VisualCogB_Task-1,1,28,1,ecg_adjusted,1,-1,0.4899488725412292
VisualCogB_Task-1,1,29,1,ecg_adjusted,1,1,0.5241763019589816
VisualCogB_Task-1,1,30,1,ecg_adjusted,-1,1,0.5382604849494305
VisualCogB_Task-1,1,31,1,ecg_adjusted,1,1,0.5538635173878713
VisualCogB_Task-1,1,32,1,ecg_adjusted,-1,1,0.5792826099631011
VisualCogB_Task-1,1,33,1,ecg_adjusted,-1,-1,0.49018107988724524
VisualCogB_Task-1,1,34,1,ecg_adjusted,1,1,0.5273557868995619
VisualCogB_Task-1,1,35,1,ecg_adjusted,-1,1,0.5752685889285184
VisualCogB_Task-1,1,37,1,ecg_adjusted,-1,-1,0.49978994801645316
VisualCogB_Task-1,1,38,1,ecg_adjusted,-1,1,0.6304040503386024
VisualCogB_Task-1,1,39,1,ecg_adjusted,1,1,0.554234166171489
VisualCogB_Task-1,1,40,1,ecg_adjusted,1,-1,0.41192450002195885
VisualCogB_Task-2,2,21,1,ecg_adjusted,1,-1,0.3727219271121772
VisualCogB_Task-2,2,22,1,ecg_adjusted,1,-1,0.42309883715510765
VisualCogB_Task-2,2,24,1,ecg_adjusted,-1,-1,0.45871236497853835
VisualCogB_Task-2,2,25,1,ecg_adjusted,-1,1,0.509267264958366
VisualCogB_Task-2,2,26,1,ecg_adjusted,1,1,0.7559092904858262
VisualCogB_Task-2,2,27,1,ecg_adjusted,-1,-1,0.3456887611850102
VisualCogB_Task-2,2,28,1,ecg_adjusted,-1,-1,0.4909024284501203
VisualCogB_Task-2,2,29,1,ecg_adjusted,-1,1,0.5348193360794259
VisualCogB_Task-2,2,30,1,ecg_adjusted,1,1,0.5972234302062445
VisualCogB_Task-2,2,31,1,ecg_adjusted,1,-1,0.47932179387577917
VisualCogB_Task-2,2,33,1,ecg_adjusted,1,-1,0.4570343985772707
VisualCogB_Task-2,2,34,1,ecg_adjusted,1,-1,0.40101661834092844
VisualCogB_Task-2,2,35,1,ecg_adjusted,-1,1,0.5004279003409067
VisualCogB_Task-2,2,36,1,ecg_adjusted,1,1,0.6422914819015956
VisualCogB_Task-2,2,37,1,ecg_adjusted,-1,-1,0.4624777638130655
VisualCogB_Task-2,2,38,1,ecg_adjusted,-1,1,0.7018791608723792
VisualCogB_Task-2,2,39,1,ecg_adjusted,1,-1,0.44473284263807505
VisualCogB_Task-2,2,40,1,ecg_adjusted,1,-1,0.4928822979101101
VisualCogA_Task-1,1,21,1,qc_adjusted,-1,1,0.5288748501494661
VisualCogA_Task-1,1,23,1,qc_adjusted,1,1,0.5662172881716231
VisualCogA_Task-1,1,24,1,qc_adjusted,-1,-1,0.12284114833326534
VisualCogA_Task-1,1,25,1,qc_adjusted,-1,-1,0.26878711973006053
VisualCogA_Task-1,1,26,1,qc_adjusted,1,-1,0.08643107186740537
VisualCogA_Task-1,1,28,1,qc_adjusted,-1,-1,0.18100475479322606
VisualCogA_Task-1,1,29,1,qc_adjusted,-1,-1,0.29045887514265717
VisualCogA_Task-1,1,30,1,qc_adjusted,-1,-1,0.4258975980943618
VisualCogA_Task-1,1,31,1,qc_adjusted,-1,-1,0.30561193187995556
VisualCogA_Task-1,1,32,1,qc_adjusted,1,1,0.5655296216470905
VisualCogA_Task-1,1,33,1,qc_adjusted,1,-1,0.4709192576573292
VisualCogA_Task-1,1,34,1,qc_adjusted,-1,1,0.6296250178527821
VisualCogA_Task-1,1,35,1,qc_adjusted,1,-1,0.42409527670486913
VisualCogA_Task-1,1,37,1,qc_adjusted,-1,1,0.9523995083267935
VisualCogA_Task-1,1,38,1,qc_adjusted,-1,-1,0.46624457009173526
VisualCogA_Task-2,2,21,1,qc_adjusted,1,-1,0.46014475947518707
VisualCogA_Task-2,2,22,1,qc_adjusted,-1,1,0.5923548821121171
VisualCogA_Task-2,2,24,1,qc_adjusted,1,1,0.5002550414140926
VisualCogA_Task-2,2,25,1,qc_adjusted,-1,-1,0.4982349776724825
VisualCogA_Task-2,2,26,1,qc_adjusted,-1,1,0.5748497077596438
VisualCogA_Task-2,2,27,1,qc_adjusted,1,1,0.5747363954096778
VisualCogA_Task-2,2,28,1,qc_adjusted,1,-1,0.4440813006346409
VisualCogA_Task-2,2,29,1,qc_adjusted,1,1,0.5714906640625149
VisualCogA_Task-2,2,32,1,qc_adjusted,-1,1,0.5728283408884222
VisualCogA_Task-2,2,35,1,qc_adjusted,-1,-1,0.49604859126826134
VisualCogA_Task-2,2,36,1,qc_adjusted,1,1,0.5083138612525627
VisualCogA_Task-2,2,37,1,qc_adjusted,1,-1,0.22266329273096178
VisualCogA_Task-2,2,38,1,qc_adjusted,-1,1,0.5152058283296954
VisualCogA_Task-2,2,40,1,qc_adjusted,-1,1,0.5967283442078283
VisualCogB_Task-1,1,21,1,qc_adjusted,1,-1,0.4780234228961535
VisualCogB_Task-1,1,22,1,qc_adjusted,1,1,0.5111413928159365
VisualCogB_Task-1,1,24,1,qc_adjusted,1,-1,0.43655769862670946
VisualCogB_Task-1,1,26,1,qc_adjusted,1,1,0.5209277560244288
VisualCogB_Task-1,1,27,1,qc_adjusted,1,-1,0.49129289954447636
VisualCogB_Task-1,1,28,1,qc_adjusted,1,1,0.6002829605876808
VisualCogB_Task-1,1,29,1,qc_adjusted,1,1,0.5480636871721146
VisualCogB_Task-1,1,30,1,qc_adjusted,-1,-1,0.41835842748714486
VisualCogB_Task-1,1,31,1,qc_adjusted,1,-1,0.4787978159486467
VisualCogB_Task-1,1,32,1,qc_adjusted,-1,1,0.517427027808571
VisualCogB_Task-1,1,33,1,qc_adjusted,-1,1,0.5536815596228924
VisualCogB_Task-1,1,34,1,qc_adjusted,1,-1,0.4883269740950847
VisualCogB_Task-1,1,35,1,qc_adjusted,-1,-1,0.356304424951102
VisualCogB_Task-1,1,37,1,qc_adjusted,-1,-1,0.40659903747642157
VisualCogB_Task-1,1,38,1,qc_adjusted,-1,-1,0.43986298059123724
VisualCogB_Task-1,1,39,1,qc_adjusted,1,1,0.5084551976801965
VisualCogB_Task-1,1,40,1,qc_adjusted,1,-1,0.40068710961942655
VisualCogB_Task-2,2,21,1,qc_adjusted,1,1,0.510847843950429
VisualCogB_Task-2,2,22,1,qc_adjusted,1,1,0.5718410938269741
VisualCogB_Task-2,2,24,1,qc_adjusted,-1,-1,0.41720673459424795
VisualCogB_Task-2,2,25,1,qc_adjusted,-1,1,0.6695377191950076
VisualCogB_Task-2,2,26,1,qc_adjusted,1,1,0.7519487113435931
VisualCogB_Task-2,2,27,1,qc_adjusted,-1,-1,0.4201144817576511
VisualCogB_Task-2,2,28,1,qc_adjusted,-1,1,0.5036118426880746
VisualCogB_Task-2,2,29,1,qc_adjusted,-1,1,0.7155194914822556
VisualCogB_Task-2,2,30,1,qc_adjusted,1,-1,0.47495674156014517
VisualCogB_Task-2,2,31,1,qc_adjusted,1,1,0.6245465510502498
VisualCogB_Task-2,2,33,1,qc_adjusted,1,1,0.6119587733367037
VisualCogB_Task-2,2,34,1,qc_adjusted,1,-1,0.44434486088750536
VisualCogB_Task-2,2,35,1,qc_adjusted,-1,1,0.6747661541658911
VisualCogB_Task-2,2,36,1,qc_adjusted,1,-1,0.3205726056151252
VisualCogB_Task-2,2,37,1,qc_adjusted,-1,1,0.5128125307771125
VisualCogB_Task-2,2,38,1,qc_adjusted,-1,1,0.651350955532969
VisualCogB_Task-2,2,39,1,qc_adjusted,1,1,0.5194274130530236
VisualCogB_Task-2,2,40,1,qc_adjusted,1,1,0.6124198310562292
VisualCogA_Task-1,1,21,1,order_adjusted,-1,-1,0.4602867155100438
VisualCogA_Task-1,1,23,1,order_adjusted,1,1,0.5541147647181487
VisualCogA_Task-1,1,24,1,order_adjusted,-1,-1,0.25183130198991655
VisualCogA_Task-1,1,25,1,order_adjusted,-1,1,0.5590445358384322
VisualCogA_Task-1,1,26,1,order_adjusted,1,-1,0.20155575692390978
VisualCogA_Task-1,1,28,1,order_adjusted,-1,-1,0.2954165076290141
VisualCogA_Task-1,1,29,1,order_adjusted,-1,-1,0.36419095032274135
VisualCogA_Task-1,1,30,1,order_adjusted,-1,-1,0.4361049048286213
VisualCogA_Task-1,1,31,1,order_adjusted,-1,-1,0.45309227089181847
VisualCogA_Task-1,1,32,1,order_adjusted,1,1,0.5060354730199236
VisualCogA_Task-1,1,33,1,order_adjusted,1,-1,0.48004858816386564
VisualCogA_Task-1,1,34,1,order_adjusted,-1,1,0.629247771316164
VisualCogA_Task-1,1,35,1,order_adjusted,1,-1,0.4505320475555207
VisualCogA_Task-1,1,37,1,order_adjusted,-1,1,0.5698090379931346
VisualCogA_Task-1,1,38,1,order_adjusted,-1,-1,0.4742876103440532
VisualCogA_Task-2,2,21,1,order_adjusted,1,-1,0.43604941550029275
VisualCogA_Task-2,2,22,1,order_adjusted,-1,1,0.6748383237483628
VisualCogA_Task-2,2,24,1,order_adjusted,1,-1,0.46801495081355526
VisualCogA_Task-2,2,25,1,order_adjusted,-1,-1,0.49226104213858557
VisualCogA_Task-2,2,26,1,order_adjusted,-1,-1,0.4731450516138561
VisualCogA_Task-2,2,27,1,order_adjusted,1,1,0.5967741112330439
VisualCogA_Task-2,2,28,1,order_adjusted,1,-1,0.48506741548263904
VisualCogA_Task-2,2,29,1,order_adjusted,1,1,0.6382428527685386
VisualCogA_Task-2,2,32,1,order_adjusted,-1,1,0.5314960389061978
VisualCogA_Task-2,2,35,1,order_adjusted,-1,1,0.5021239691496875
VisualCogA_Task-2,2,36,1,order_adjusted,1,-1,0.4511355205369874
VisualCogA_Task-2,2,37,1,order_adjusted,1,-1,0.36618334812130793
VisualCogA_Task-2,2,38,1,order_adjusted,-1,-1,0.4825855846617119
VisualCogA_Task-2,2,40,1,order_adjusted,-1,1,0.6524019408527877
VisualCogB_Task-1,1,21,1,order_adjusted,1,-1,0.46259410993114175
VisualCogB_Task-1,1,22,1,order_adjusted,1,-1,0.48670590515665524
VisualCogB_Task-1,1,24,1,order_adjusted,1,1,0.5027074489507699
VisualCogB_Task-1,1,26,1,order_adjusted,1,-1,0.49133222371248486
VisualCogB_Task-1,1,27,1,order_adjusted,1,-1,0.44701119374758813
VisualCogB_Task-1,1,28,1,order_adjusted,1,-1,0.4546895129997487
VisualCogB_Task-1,1,29,1,order_adjusted,1,-1,0.4966757169475754
VisualCogB_Task-1,1,30,1,order_adjusted,-1,1,0.5347770929921227
VisualCogB_Task-1,1,31,1,order_adjusted,1,1,0.5371503906496408
VisualCogB_Task-1,1,32,1,order_adjusted,-1,1,0.5920281923246306
VisualCogB_Task-1,1,33,1,order_adjusted,-1,-1,0.4658186254393541
VisualCogB_Task-1,1,34,1,order_adjusted,1,1,0.5186633682684566
VisualCogB_Task-1,1,35,1,order_adjusted,-1,1,0.5066960752326672
VisualCogB_Task-1,1,37,1,order_adjusted,-1,-1,0.450844990186452
VisualCogB_Task-1,1,38,1,order_adjusted,-1,1,0.6603326603703661
VisualCogB_Task-1,1,39,1,order_adjusted,1,1,0.5728993039432704
VisualCogB_Task-1,1,40,1,order_adjusted,1,-1,0.38023315396493607
VisualCogB_Task-2,2,21,1,order_adjusted,1,-1,0.36544900621547444
VisualCogB_Task-2,2,22,1,order_adjusted,1,-1,0.39934831803471293
VisualCogB_Task-2,2,24,1,order_adjusted,-1,-1,0.42716825706948536
VisualCogB_Task-2,2,25,1,order_adjusted,-1,-1,0.480649865016924
VisualCogB_Task-2,2,26,1,order_adjusted,1,1,0.7268276892658279
VisualCogB_Task-2,2,27,1,order_adjusted,-1,-1,0.3502994014744815
VisualCogB_Task-2,2,28,1,order_adjusted,-1,-1,0.47440644033382834
VisualCogB_Task-2,2,29,1,order_adjusted,-1,1,0.501854598998132
VisualCogB_Task-2,2,30,1,order_adjusted,1,1,0.5735919722196331
VisualCogB_Task-2,2,31,1,order_adjusted,1,-1,0.4555926459295073
VisualCogB_Task-2,2,33,1,order_adjusted,1,-1,0.4575852620035307
VisualCogB_Task-2,2,34,1,order_adjusted,1,-1,0.3790236691638958
VisualCogB_Task-2,2,35,1,order_adjusted,-1,-1,0.4826307675430608
VisualCogB_Task-2,2,36,1,order_adjusted,1,1,0.632776852163969
VisualCogB_Task-2,2,37,1,order_adjusted,-1,-1,0.45500624798842354
VisualCogB_Task-2,2,38,1,order_adjusted,-1,1,0.6791867364266734
VisualCogB_Task-2,2,39,1,order_adjusted,1,-1,0.4375101902913824
VisualCogB_Task-2,2,40,1,order_adjusted,1,-1,0.48338969609180155
VisualCogA_Task-1,1,21,1,all_adjusted,-1,1,0.5243553175342065
VisualCogA_Task-1,1,23,1,all_adjusted,1,1,0.536824724309744
VisualCogA_Task-1,1,24,1,all_adjusted,-1,-1,0.091895572987704
VisualCogA_Task-1,1,25,1,all_adjusted,-1,-1,0.2738862246560093
VisualCogA_Task-1,1,26,1,all_adjusted,1,-1,0.0624164889741997
VisualCogA_Task-1,1,28,1,all_adjusted,-1,-1,0.15021422332622317
VisualCogA_Task-1,1,29,1,all_adjusted,-1,-1,0.2355510573034015
VisualCogA_Task-1,1,30,1,all_adjusted,-1,-1,0.4244878251907625
VisualCogA_Task-1,1,31,1,all_adjusted,-1,-1,0.2867305628058595
VisualCogA_Task-1,1,32,1,all_adjusted,1,1,0.5452685963978999
VisualCogA_Task-1,1,33,1,all_adjusted,1,-1,0.4611437736090395
VisualCogA_Task-1,1,34,1,all_adjusted,-1,1,0.6148678792467157
VisualCogA_Task-1,1,35,1,all_adjusted,1,-1,0.3876528237806508
VisualCogA_Task-1,1,37,1,all_adjusted,-1,1,0.9700045208982078
VisualCogA_Task-1,1,38,1,all_adjusted,-1,-1,0.472929451326582
VisualCogA_Task-2,2,21,1,all_adjusted,1,-1,0.44805339233711766
VisualCogA_Task-2,2,22,1,all_adjusted,-1,1,0.5789949682811903
VisualCogA_Task-2,2,24,1,all_adjusted,1,-1,0.4953578716743926
VisualCogA_Task-2,2,25,1,all_adjusted,-1,-1,0.4889215207968028
VisualCogA_Task-2,2,26,1,all_adjusted,-1,1,0.5738455769532603
VisualCogA_Task-2,2,27,1,all_adjusted,1,1,0.570030903310882
VisualCogA_Task-2,2,28,1,all_adjusted,1,-1,0.4327661253637114
VisualCogA_Task-2,2,29,1,all_adjusted,1,1,0.5673919482095341
VisualCogA_Task-2,2,32,1,all_adjusted,-1,1,0.5663127002892769
VisualCogA_Task-2,2,35,1,all_adjusted,-1,-1,0.4848246559222688
VisualCogA_Task-2,2,36,1,all_adjusted,1,1,0.5084199904978749
VisualCogA_Task-2,2,37,1,all_adjusted,1,-1,0.22724639392777293
VisualCogA_Task-2,2,38,1,all_adjusted,-1,1,0.5043703220836971
VisualCogA_Task-2,2,40,1,all_adjusted,-1,1,0.5831443995996711
VisualCogB_Task-1,1,21,1,all_adjusted,1,-1,0.4988677889537665
VisualCogB_Task-1,1,22,1,all_adjusted,1,1,0.531934060413837
VisualCogB_Task-1,1,24,1,all_adjusted,1,-1,0.43269406255142157
VisualCogB_Task-1,1,26,1,all_adjusted,1,1,0.5386753815428623
VisualCogB_Task-1,1,27,1,all_adjusted,1,-1,0.4499046417939017
VisualCogB_Task-1,1,28,1,all_adjusted,1,1,0.6695859553836804
VisualCogB_Task-1,1,29,1,all_adjusted,1,1,0.5796958756369607
VisualCogB_Task-1,1,30,1,all_adjusted,-1,-1,0.3883311573548075
VisualCogB_Task-1,1,31,1,all_adjusted,1,-1,0.478517085483339
VisualCogB_Task-1,1,32,1,all_adjusted,-1,-1,0.47005751778080657
VisualCogB_Task-1,1,33,1,all_adjusted,-1,1,0.6001310093187461
VisualCogB_Task-1,1,34,1,all_adjusted,1,-1,0.46786142863713703
VisualCogB_Task-1,1,35,1,all_adjusted,-1,-1,0.3971801549766868
VisualCogB_Task-1,1,37,1,all_adjusted,-1,-1,0.4394774911834253
VisualCogB_Task-1,1,38,1,all_adjusted,-1,-1,0.4028173830969206
VisualCogB_Task-1,1,39,1,all_adjusted,1,-1,0.4769089865044599
VisualCogB_Task-1,1,40,1,all_adjusted,1,-1,0.3780294436976336
VisualCogB_Task-2,2,21,1,all_adjusted,1,1,0.5328225362564809
VisualCogB_Task-2,2,22,1,all_adjusted,1,1,0.5678903261454291
VisualCogB_Task-2,2,24,1,all_adjusted,-1,-1,0.40052179462983467
VisualCogB_Task-2,2,25,1,all_adjusted,-1,1,0.6876476210349656
VisualCogB_Task-2,2,26,1,all_adjusted,1,1,0.7455034735795675
VisualCogB_Task-2,2,27,1,all_adjusted,-1,-1,0.4129515937737026
VisualCogB_Task-2,2,28,1,all_adjusted,-1,-1,0.49488689353105053
VisualCogB_Task-2,2,29,1,all_adjusted,-1,1,0.7106361032143084
VisualCogB_Task-2,2,30,1,all_adjusted,1,-1,0.46742047951482546
VisualCogB_Task-2,2,31,1,all_adjusted,1,1,0.6211975220592025
VisualCogB_Task-2,2,33,1,all_adjusted,1,1,0.6018527203019668
VisualCogB_Task-2,2,34,1,all_adjusted,1,-1,0.4427991792047599
VisualCogB_Task-2,2,35,1,all_adjusted,-1,1,0.684714014409402
VisualCogB_Task-2,2,36,1,all_adjusted,1,-1,0.32286680648732724
VisualCogB_Task-2,2,37,1,all_adjusted,-1,1,0.5121892437148557
VisualCogB_Task-2,2,38,1,all_adjusted,-1,1,0.6561367701131134
VisualCogB_Task-2,2,39,1,all_adjusted,1,1,0.5298763623284605
VisualCogB_Task-2,2,40,1,all_adjusted,1,1,0.6059510644536801
VisualCogA_Task-1,1,21,1,prestim_only,-1,-1,0.4742560299902794
VisualCogA_Task-1,1,23,1,prestim_only,1,-1,0.4752341560436761
VisualCogA_Task-1,1,24,1,prestim_only,-1,-1,0.4908520560634264
VisualCogA_Task-1,1,25,1,prestim_only,-1,1,0.5751404897101854
VisualCogA_Task-1,1,26,1,prestim_only,1,-1,0.49941469243052894
VisualCogA_Task-1,1,28,1,prestim_only,-1,1,0.5001446445818771
VisualCogA_Task-1,1,29,1,prestim_only,-1,-1,0.39962562160071163
VisualCogA_Task-1,1,30,1,prestim_only,-1,-1,0.43988698781485613
VisualCogA_Task-1,1,31,1,prestim_only,-1,-1,0.4620655812956911
VisualCogA_Task-1,1,32,1,prestim_only,1,1,0.533145810024795
VisualCogA_Task-1,1,33,1,prestim_only,1,1,0.5225045592354124
VisualCogA_Task-1,1,34,1,prestim_only,-1,1,0.5960917898396462
VisualCogA_Task-1,1,35,1,prestim_only,1,1,0.5376916582937343
VisualCogA_Task-1,1,37,1,prestim_only,-1,-1,0.48826385678040696
VisualCogA_Task-1,1,38,1,prestim_only,-1,-1,0.43883142937644476
VisualCogA_Task-2,2,21,1,prestim_only,1,1,0.5828591266730666
VisualCogA_Task-2,2,22,1,prestim_only,-1,1,0.7162279374100778
VisualCogA_Task-2,2,24,1,prestim_only,1,-1,0.4088104786242959
VisualCogA_Task-2,2,25,1,prestim_only,-1,-1,0.44182813461143255
VisualCogA_Task-2,2,26,1,prestim_only,-1,-1,0.4335578984901161
VisualCogA_Task-2,2,27,1,prestim_only,1,1,0.635709265557059
VisualCogA_Task-2,2,28,1,prestim_only,1,1,0.5724062595224457
VisualCogA_Task-2,2,29,1,prestim_only,1,1,0.6651171247713584
VisualCogA_Task-2,2,32,1,prestim_only,-1,-1,0.3413641082723124
VisualCogA_Task-2,2,35,1,prestim_only,-1,-1,0.3997628690655092
VisualCogA_Task-2,2,36,1,prestim_only,1,-1,0.3659831614273219
VisualCogA_Task-2,2,37,1,prestim_only,1,1,0.6617233568596146
VisualCogA_Task-2,2,38,1,prestim_only,-1,-1,0.4415131279052937
VisualCogA_Task-2,2,40,1,prestim_only,-1,1,0.6027692525699784
VisualCogB_Task-1,1,21,1,prestim_only,1,-1,0.3825793922148431
VisualCogB_Task-1,1,22,1,prestim_only,1,-1,0.40733067710249676
VisualCogB_Task-1,1,24,1,prestim_only,1,1,0.5403042005507652
VisualCogB_Task-1,1,26,1,prestim_only,1,-1,0.4538716491364253
VisualCogB_Task-1,1,27,1,prestim_only,1,1,0.5375222166210875
VisualCogB_Task-1,1,28,1,prestim_only,1,1,0.7055877511920521
VisualCogB_Task-1,1,29,1,prestim_only,1,-1,0.4729900098602081
VisualCogB_Task-1,1,30,1,prestim_only,-1,1,0.6360566782701814
VisualCogB_Task-1,1,31,1,prestim_only,1,-1,0.48382518519872686
VisualCogB_Task-1,1,32,1,prestim_only,-1,1,0.5596870603233924
VisualCogB_Task-1,1,33,1,prestim_only,-1,-1,0.4404051064594043
VisualCogB_Task-1,1,34,1,prestim_only,1,-1,0.44765954734905616
VisualCogB_Task-1,1,35,1,prestim_only,-1,1,0.6067207261931082
VisualCogB_Task-1,1,37,1,prestim_only,-1,1,0.6141971266700667
VisualCogB_Task-1,1,38,1,prestim_only,-1,1,0.6656541654485196
VisualCogB_Task-1,1,39,1,prestim_only,1,1,0.506842595822793
VisualCogB_Task-1,1,40,1,prestim_only,1,-1,0.3455249866163862
VisualCogB_Task-2,2,21,1,prestim_only,1,-1,0.4073829926944074
VisualCogB_Task-2,2,22,1,prestim_only,1,-1,0.4399003456113549
VisualCogB_Task-2,2,24,1,prestim_only,-1,1,0.5533648500697903
VisualCogB_Task-2,2,25,1,prestim_only,-1,1,0.6694921101307427
VisualCogB_Task-2,2,26,1,prestim_only,1,1,0.7001563140163328
VisualCogB_Task-2,2,27,1,prestim_only,-1,-1,0.3789861359753478
VisualCogB_Task-2,2,28,1,prestim_only,-1,-1,0.47048042841693954
VisualCogB_Task-2,2,29,1,prestim_only,-1,1,0.6177757154586482
VisualCogB_Task-2,2,30,1,prestim_only,1,1,0.7385217727870761
VisualCogB_Task-2,2,31,1,prestim_only,1,-1,0.4828014386397085
VisualCogB_Task-2,2,33,1,prestim_only,1,1,0.6264346140088266
VisualCogB_Task-2,2,34,1,prestim_only,1,-1,0.47775548294429127
VisualCogB_Task-2,2,35,1,prestim_only,-1,1,0.725274982881125
VisualCogB_Task-2,2,36,1,prestim_only,1,1,0.6550347939841361
VisualCogB_Task-2,2,37,1,prestim_only,-1,-1,0.39267160208414204
VisualCogB_Task-2,2,38,1,prestim_only,-1,1,0.5853777805576097
VisualCogB_Task-2,2,39,1,prestim_only,1,-1,0.46728245627237863
VisualCogB_Task-2,2,40,1,prestim_only,1,-1,0.4504332489114079
VisualCogA_Task-1,1,42,2,main,1,1,0.6116082540684179
VisualCogA_Task-1,1,43,2,main,-1,-1,0.4858775514985126
VisualCogA_Task-1,1,44,2,main,1,1,0.5240574335795075
VisualCogA_Task-1,1,45,2,main,-1,-1,0.4479304348788986
VisualCogA_Task-1,1,47,2,main,-1,1,0.5114786057759719
VisualCogA_Task-1,1,48,2,main,1,1,0.5055466272217655
VisualCogA_Task-1,1,49,2,main,-1,1,0.5477588183277117
VisualCogA_Task-1,1,50,2,main,-1,-1,0.4857783145497007
VisualCogA_Task-1,1,51,2,main,1,1,0.7299815485726554
VisualCogA_Task-1,1,52,2,main,1,1,0.7653327979874424
VisualCogA_Task-1,1,54,2,main,-1,1,0.8063684781539439
VisualCogA_Task-1,1,55,2,main,1,1,0.6235870313622655
VisualCogA_Task-1,1,56,2,main,-1,1,0.5355272896556662
VisualCogA_Task-1,1,57,2,main,-1,1,0.5666595574682612
VisualCogA_Task-1,1,58,2,main,1,1,0.5463852066185673
VisualCogA_Task-1,1,59,2,main,1,1,0.5312358913387006
VisualCogA_Task-1,1,60,2,main,-1,1,0.516049341989274
VisualCogA_Task-2,2,42,2,main,-1,-1,0.4754319840802598
VisualCogA_Task-2,2,44,2,main,-1,-1,0.46483416247558373
VisualCogA_Task-2,2,46,2,main,-1,1,0.5566464296988048
VisualCogA_Task-2,2,47,2,main,-1,1,0.5641019469841421
VisualCogA_Task-2,2,48,2,main,-1,-1,0.41442043188904176
VisualCogA_Task-2,2,49,2,main,1,1,0.6212197963345665
VisualCogA_Task-2,2,50,2,main,1,-1,0.4314356841461725
VisualCogA_Task-2,2,51,2,main,-1,1,0.8212707490050734
VisualCogA_Task-2,2,52,2,main,1,-1,0.3055904844112062
VisualCogA_Task-2,2,53,2,main,1,-1,0.4956143151470606
VisualCogA_Task-2,2,54,2,main,-1,1,0.6078047917749827
VisualCogA_Task-2,2,55,2,main,-1,1,0.7076744633586822
VisualCogA_Task-2,2,56,2,main,1,1,0.6530509857230796
VisualCogA_Task-2,2,57,2,main,1,-1,0.4743366867514092
VisualCogA_Task-2,2,58,2,main,1,1,0.5009622912390841
VisualCogA_Task-2,2,59,2,main,1,-1,0.4891558751974129
VisualCogA_Task-2,2,60,2,main,1,1,0.6801564003030242
VisualCogB_Task-1,1,41,2,main,-1,-1,0.4970229560099117
VisualCogB_Task-1,1,42,2,main,1,1,0.5022174624520795
VisualCogB_Task-1,1,43,2,main,1,1,0.5243295537355969
VisualCogB_Task-1,1,44,2,main,1,1,0.5074154825086382
VisualCogB_Task-1,1,45,2,main,1,1,0.5159604175873738
VisualCogB_Task-1,1,48,2,main,1,-1,0.45857965700245457
VisualCogB_Task-1,1,49,2,main,1,-1,0.4690792855663905
VisualCogB_Task-1,1,50,2,main,-1,-1,0.44533945569895694
VisualCogB_Task-1,1,51,2,main,1,1,0.5469040446101346
VisualCogB_Task-1,1,52,2,main,-1,1,0.5210738289565034
VisualCogB_Task-1,1,53,2,main,1,1,0.5048059275366351
VisualCogB_Task-1,1,55,2,main,1,-1,0.4143810424095161
VisualCogB_Task-1,1,56,2,main,-1,-1,0.46745488097579024
VisualCogB_Task-1,1,57,2,main,1,1,0.5237717475476475
VisualCogB_Task-1,1,58,2,main,1,1,0.6250511804831731
VisualCogB_Task-1,1,59,2,main,1,1,0.5713783936164449
VisualCogB_Task-1,1,60,2,main,1,1,0.5139785050516491
VisualCogB_Task-2,2,41,2,main,1,1,0.7049768433257989
VisualCogB_Task-2,2,44,2,main,1,-1,0.488471783897006
VisualCogB_Task-2,2,45,2,main,-1,1,0.7158508226035046
VisualCogB_Task-2,2,46,2,main,-1,-1,0.48033351715150613
VisualCogB_Task-2,2,47,2,main,1,1,0.5188136386585853
VisualCogB_Task-2,2,48,2,main,-1,-1,0.46738447160701035
VisualCogB_Task-2,2,52,2,main,-1,-1,0.4898025876497616
VisualCogB_Task-2,2,53,2,main,1,-1,0.4476986883816326
VisualCogB_Task-2,2,55,2,main,1,1,0.5232438836371271
VisualCogB_Task-2,2,58,2,main,-1,-1,0.4635343984578769
VisualCogB_Task-2,2,59,2,main,-1,-1,0.4917871221134428
VisualCogB_Task-2,2,60,2,main,-1,-1,0.4364797748392137
VisualCogA_Task-1,1,42,2,record_lda,1,1,0.6397648689832123
VisualCogA_Task-1,1,43,2,record_lda,-1,-1,0.462408579468707
VisualCogA_Task-1,1,44,2,record_lda,1,1,0.5357482978496513
VisualCogA_Task-1,1,45,2,record_lda,-1,-1,0.41980333045711155
VisualCogA_Task-1,1,47,2,record_lda,-1,1,0.5147028116075101
VisualCogA_Task-1,1,48,2,record_lda,1,-1,0.4870928869919563
VisualCogA_Task-1,1,49,2,record_lda,-1,1,0.5750541435205563
VisualCogA_Task-1,1,50,2,record_lda,-1,-1,0.47047145305377297
VisualCogA_Task-1,1,51,2,record_lda,1,1,0.8516972473390285
VisualCogA_Task-1,1,52,2,record_lda,1,1,0.7581557873174946
VisualCogA_Task-1,1,54,2,record_lda,-1,1,0.900294701119371
VisualCogA_Task-1,1,55,2,record_lda,1,1,0.7206459713382034
VisualCogA_Task-1,1,56,2,record_lda,-1,1,0.5383568650064521
VisualCogA_Task-1,1,57,2,record_lda,-1,1,0.6257838800359162
VisualCogA_Task-1,1,58,2,record_lda,1,1,0.5901138323452546
VisualCogA_Task-1,1,59,2,record_lda,1,1,0.5374911074288783
VisualCogA_Task-1,1,60,2,record_lda,-1,1,0.5809611727761556
VisualCogA_Task-2,2,42,2,record_lda,-1,-1,0.4736563064935826
VisualCogA_Task-2,2,44,2,record_lda,-1,-1,0.462551175581465
VisualCogA_Task-2,2,46,2,record_lda,-1,1,0.5816802580985561
VisualCogA_Task-2,2,47,2,record_lda,-1,1,0.5751485810938516
VisualCogA_Task-2,2,48,2,record_lda,-1,-1,0.41322940249059564
VisualCogA_Task-2,2,49,2,record_lda,1,1,0.6397265203131254
VisualCogA_Task-2,2,50,2,record_lda,1,-1,0.40915924219692884
VisualCogA_Task-2,2,51,2,record_lda,-1,1,0.8750703530665838
VisualCogA_Task-2,2,52,2,record_lda,1,-1,0.22611358188031774
VisualCogA_Task-2,2,53,2,record_lda,1,-1,0.4865270065421867
VisualCogA_Task-2,2,54,2,record_lda,-1,1,0.611640822394243
VisualCogA_Task-2,2,55,2,record_lda,-1,1,0.741438872363614
VisualCogA_Task-2,2,56,2,record_lda,1,1,0.7083961006236563
VisualCogA_Task-2,2,57,2,record_lda,1,1,0.5260633124974625
VisualCogA_Task-2,2,58,2,record_lda,1,-1,0.48670489412932916
VisualCogA_Task-2,2,59,2,record_lda,1,-1,0.4942514612996068
VisualCogA_Task-2,2,60,2,record_lda,1,1,0.7538462317082545
VisualCogB_Task-1,1,41,2,record_lda,-1,-1,0.4922006713457184
VisualCogB_Task-1,1,42,2,record_lda,1,1,0.5039054990039282
VisualCogB_Task-1,1,43,2,record_lda,1,1,0.5315660286472088
VisualCogB_Task-1,1,44,2,record_lda,1,1,0.5130042124598305
VisualCogB_Task-1,1,45,2,record_lda,1,1,0.5256896492723923
VisualCogB_Task-1,1,48,2,record_lda,1,-1,0.44720110783306033
VisualCogB_Task-1,1,49,2,record_lda,1,-1,0.4447513941564995
VisualCogB_Task-1,1,50,2,record_lda,-1,-1,0.40669960062122235
VisualCogB_Task-1,1,51,2,record_lda,1,1,0.5875027331227665
VisualCogB_Task-1,1,52,2,record_lda,-1,1,0.5354701041131432
VisualCogB_Task-1,1,53,2,record_lda,1,1,0.5079469306742226
VisualCogB_Task-1,1,55,2,record_lda,1,-1,0.35140080889743713
VisualCogB_Task-1,1,56,2,record_lda,-1,-1,0.4541471613972209
VisualCogB_Task-1,1,57,2,record_lda,1,1,0.5388971570815171
VisualCogB_Task-1,1,58,2,record_lda,1,1,0.7249304234568447
VisualCogB_Task-1,1,59,2,record_lda,1,1,0.6056091982125704
VisualCogB_Task-1,1,60,2,record_lda,1,1,0.5240886563682172
VisualCogB_Task-2,2,41,2,record_lda,1,1,0.7798164254318353
VisualCogB_Task-2,2,44,2,record_lda,1,-1,0.4771185253896345
VisualCogB_Task-2,2,45,2,record_lda,-1,1,0.8031171808644921
VisualCogB_Task-2,2,46,2,record_lda,-1,-1,0.46857257925005436
VisualCogB_Task-2,2,47,2,record_lda,1,1,0.5510871080503177
VisualCogB_Task-2,2,48,2,record_lda,-1,-1,0.46895284986868085
VisualCogB_Task-2,2,52,2,record_lda,-1,-1,0.48642929502939125
VisualCogB_Task-2,2,53,2,record_lda,1,-1,0.43931356783966535
VisualCogB_Task-2,2,55,2,record_lda,1,1,0.5723016557968353
VisualCogB_Task-2,2,58,2,record_lda,-1,-1,0.4432402786387665
VisualCogB_Task-2,2,59,2,record_lda,-1,-1,0.48215176196599707
VisualCogB_Task-2,2,60,2,record_lda,-1,-1,0.4115922083832016
VisualCogA_Task-1,1,42,2,pooled,1,-1,0.4953835879835661
VisualCogA_Task-1,1,43,2,pooled,-1,-1,0.47363335844656096
VisualCogA_Task-1,1,44,2,pooled,1,-1,0.4948952647994629
VisualCogA_Task-1,1,45,2,pooled,-1,-1,0.46234314169461693
VisualCogA_Task-1,1,47,2,pooled,-1,-1,0.4915302041224241
VisualCogA_Task-1,1,48,2,pooled,1,-1,0.4938683623727049
VisualCogA_Task-1,1,49,2,pooled,-1,1,0.5244111775541502
VisualCogA_Task-1,1,50,2,pooled,-1,1,0.5447817073435145
VisualCogA_Task-1,1,51,2,pooled,1,1,0.6051953701231015
VisualCogA_Task-1,1,52,2,pooled,1,1,0.5057238746682968
VisualCogA_Task-1,1,54,2,pooled,-1,1,0.5426024168263727
VisualCogA_Task-1,1,55,2,pooled,1,1,0.5320862756599052
VisualCogA_Task-1,1,56,2,pooled,-1,1,0.5098163121046652
VisualCogA_Task-1,1,57,2,pooled,-1,1,0.554387847019871
VisualCogA_Task-1,1,58,2,pooled,1,1,0.5369645550951857
VisualCogA_Task-1,1,59,2,pooled,1,-1,0.49438918826154016
VisualCogA_Task-1,1,60,2,pooled,-1,1,0.5643713640355293
VisualCogB_Task-1,1,41,2,pooled,-1,-1,0.4871879792464138
VisualCogB_Task-1,1,42,2,pooled,1,-1,0.4966004739821557
VisualCogB_Task-1,1,43,2,pooled,1,-1,0.44761652485851916
VisualCogB_Task-1,1,44,2,pooled,1,-1,0.49008197561905253
VisualCogB_Task-1,1,45,2,pooled,1,-1,0.4960169296862846
VisualCogB_Task-1,1,48,2,pooled,1,-1,0.4226460187484929
VisualCogB_Task-1,1,49,2,pooled,1,-1,0.49745454445079623
VisualCogB_Task-1,1,50,2,pooled,-1,1,0.6549000124707489
VisualCogB_Task-1,1,51,2,pooled,1,-1,0.4745711233904831
VisualCogB_Task-1,1,52,2,pooled,-1,1,0.5148474554555527
VisualCogB_Task-1,1,53,2,pooled,1,-1,0.49772071613302243
VisualCogB_Task-1,1,55,2,pooled,1,-1,0.31576788329538324
VisualCogB_Task-1,1,56,2,pooled,-1,-1,0.4695841418107327
VisualCogB_Task-1,1,57,2,pooled,1,1,0.5266414485093591
VisualCogB_Task-1,1,58,2,pooled,1,1,0.7006971857980528
VisualCogB_Task-1,1,59,2,pooled,1,-1,0.45670001132111115
VisualCogB_Task-1,1,60,2,pooled,1,1,0.5065700590866571
VisualCogA_Task-2,2,42,2,pooled,-1,-1,0.4808834872143669
VisualCogA_Task-2,2,44,2,pooled,-1,1,0.5000095801293625
VisualCogA_Task-2,2,46,2,pooled,-1,1,0.5522801535879468
VisualCogA_Task-2,2,47,2,pooled,-1,1,0.5643118362306796
VisualCogA_Task-2,2,48,2,pooled,-1,-1,0.439702781327401
VisualCogA_Task-2,2,49,2,pooled,1,1,0.6389621556901317
VisualCogA_Task-2,2,50,2,pooled,1,-1,0.39805674102804856
VisualCogA_Task-2,2,51,2,pooled,-1,1,0.7989745802034395
VisualCogA_Task-2,2,52,2,pooled,1,-1,0.33595027811033074
VisualCogA_Task-2,2,53,2,pooled,1,-1,0.4898876328679345
VisualCogA_Task-2,2,54,2,pooled,-1,1,0.6052501923169611
VisualCogA_Task-2,2,55,2,pooled,-1,1,0.6970002299089012
VisualCogA_Task-2,2,56,2,pooled,1,1,0.6330420436033464
VisualCogA_Task-2,2,57,2,pooled,1,-1,0.45386723833682524
VisualCogA_Task-2,2,58,2,pooled,1,-1,0.49963618818986794
VisualCogA_Task-2,2,59,2,pooled,1,-1,0.4966615179029962
VisualCogA_Task-2,2,60,2,pooled,1,1,0.644454940865432
VisualCogB_Task-2,2,41,2,pooled,1,1,0.7535651949058193
VisualCogB_Task-2,2,44,2,pooled,1,-1,0.4817489980518623
VisualCogB_Task-2,2,45,2,pooled,-1,1,0.7446818980125114
VisualCogB_Task-2,2,46,2,pooled,-1,-1,0.4685224122006981
VisualCogB_Task-2,2,47,2,pooled,1,1,0.5118845776851684
VisualCogB_Task-2,2,48,2,pooled,-1,-1,0.4819130455602334
VisualCogB_Task-2,2,52,2,pooled,-1,-1,0.4767555116200768
VisualCogB_Task-2,2,53,2,pooled,1,-1,0.404225160559796
VisualCogB_Task-2,2,55,2,pooled,1,-1,0.4790034996505785
VisualCogB_Task-2,2,58,2,pooled,-1,-1,0.4222477542396145
VisualCogB_Task-2,2,59,2,pooled,-1,-1,0.4619715509764944
VisualCogB_Task-2,2,60,2,pooled,-1,-1,0.42327566649305676
VisualCogA_Task-1,1,42,2,qc_weighted,1,1,0.7596282527869683
VisualCogA_Task-1,1,43,2,qc_weighted,-1,-1,0.44223468881016603
VisualCogA_Task-1,1,44,2,qc_weighted,1,1,0.5166327092037897
VisualCogA_Task-1,1,45,2,qc_weighted,-1,-1,0.42658377982298845
VisualCogA_Task-1,1,47,2,qc_weighted,-1,-1,0.49910291149859076
VisualCogA_Task-1,1,48,2,qc_weighted,1,-1,0.4558143695721542
VisualCogA_Task-1,1,49,2,qc_weighted,-1,1,0.6187630735351258
VisualCogA_Task-1,1,50,2,qc_weighted,-1,-1,0.47735242967555713
VisualCogA_Task-1,1,51,2,qc_weighted,1,1,0.7221582884731357
VisualCogA_Task-1,1,52,2,qc_weighted,1,1,0.9404795626946173
VisualCogA_Task-1,1,54,2,qc_weighted,-1,1,0.9060974563723299
VisualCogA_Task-1,1,55,2,qc_weighted,1,1,0.6600271257027538
VisualCogA_Task-1,1,56,2,qc_weighted,-1,1,0.5317386888264354
VisualCogA_Task-1,1,57,2,qc_weighted,-1,1,0.5136986164326245
VisualCogA_Task-1,1,58,2,qc_weighted,1,1,0.5591935855694442
VisualCogA_Task-1,1,59,2,qc_weighted,1,1,0.5272780896637882
VisualCogA_Task-1,1,60,2,qc_weighted,-1,-1,0.39898773963397605
VisualCogA_Task-2,2,42,2,qc_weighted,-1,-1,0.46579269762263736
VisualCogA_Task-2,2,44,2,qc_weighted,-1,-1,0.4580351305113218
VisualCogA_Task-2,2,46,2,qc_weighted,-1,1,0.5555218697940122
VisualCogA_Task-2,2,47,2,qc_weighted,-1,1,0.5486663541208704
VisualCogA_Task-2,2,48,2,qc_weighted,-1,-1,0.41101901816862857
VisualCogA_Task-2,2,49,2,qc_weighted,1,1,0.6049219646013481
VisualCogA_Task-2,2,50,2,qc_weighted,1,-1,0.4445552761162249
VisualCogA_Task-2,2,51,2,qc_weighted,-1,1,0.8031910850044547
VisualCogA_Task-2,2,52,2,qc_weighted,1,-1,0.3375653482695643
VisualCogA_Task-2,2,53,2,qc_weighted,1,-1,0.49716945091751635
VisualCogA_Task-2,2,54,2,qc_weighted,-1,1,0.6117336854242443
VisualCogA_Task-2,2,55,2,qc_weighted,-1,1,0.6748502852694441
VisualCogA_Task-2,2,56,2,qc_weighted,1,1,0.6417129528140029
VisualCogA_Task-2,2,57,2,qc_weighted,1,1,0.5048508547750971
VisualCogA_Task-2,2,58,2,qc_weighted,1,1,0.5077027726907927
VisualCogA_Task-2,2,59,2,qc_weighted,1,-1,0.48349646635975746
VisualCogA_Task-2,2,60,2,qc_weighted,1,1,0.6725701535458013
VisualCogB_Task-1,1,41,2,qc_weighted,-1,1,0.5085492926877744
VisualCogB_Task-1,1,42,2,qc_weighted,1,1,0.5145656839397885
VisualCogB_Task-1,1,43,2,qc_weighted,1,-1,0.4638429950966661
VisualCogB_Task-1,1,44,2,qc_weighted,1,1,0.5203197009607435
VisualCogB_Task-1,1,45,2,qc_weighted,1,1,0.5306714098503988
VisualCogB_Task-1,1,48,2,qc_weighted,1,-1,0.46829855869486686
VisualCogB_Task-1,1,49,2,qc_weighted,1,-1,0.4629088064890889
VisualCogB_Task-1,1,50,2,qc_weighted,-1,1,0.5657709570694645
VisualCogB_Task-1,1,51,2,qc_weighted,1,1,0.512516780588723
VisualCogB_Task-1,1,52,2,qc_weighted,-1,1,0.5010545979497931
VisualCogB_Task-1,1,53,2,qc_weighted,1,1,0.5190045680532211
VisualCogB_Task-1,1,55,2,qc_weighted,1,-1,0.4008764300900463
VisualCogB_Task-1,1,56,2,qc_weighted,-1,-1,0.4680409083751708
VisualCogB_Task-1,1,57,2,qc_weighted,1,1,0.5641963245710765
VisualCogB_Task-1,1,58,2,qc_weighted,1,1,0.6614189921711078
VisualCogB_Task-1,1,59,2,qc_weighted,1,1,0.5157284719595265
VisualCogB_Task-1,1,60,2,qc_weighted,1,1,0.5339677350426826
VisualCogB_Task-2,2,41,2,qc_weighted,1,1,0.6557980771921487
VisualCogB_Task-2,2,44,2,qc_weighted,1,-1,0.4887805329766859
VisualCogB_Task-2,2,45,2,qc_weighted,-1,1,0.6466032782612668
VisualCogB_Task-2,2,46,2,qc_weighted,-1,-1,0.48514274158237924
VisualCogB_Task-2,2,47,2,qc_weighted,1,1,0.5188080766663319
VisualCogB_Task-2,2,48,2,qc_weighted,-1,-1,0.4916980278169005
VisualCogB_Task-2,2,52,2,qc_weighted,-1,-1,0.4919176387260909
VisualCogB_Task-2,2,53,2,qc_weighted,1,-1,0.4642019757385123
VisualCogB_Task-2,2,55,2,qc_weighted,1,1,0.506656274449501
VisualCogB_Task-2,2,58,2,qc_weighted,-1,-1,0.46183718064185236
VisualCogB_Task-2,2,59,2,qc_weighted,-1,-1,0.4849855013033487
VisualCogB_Task-2,2,60,2,qc_weighted,-1,-1,0.45382519983629943
VisualCogA_Task-1,1,42,2,mechanistic,1,1,0.6092518312458098
VisualCogA_Task-1,1,43,2,mechanistic,-1,-1,0.4868462363592308
VisualCogA_Task-1,1,44,2,mechanistic,1,1,0.524197859390237
VisualCogA_Task-1,1,45,2,mechanistic,-1,-1,0.44062627381532066
VisualCogA_Task-1,1,47,2,mechanistic,-1,1,0.5132324297038493
VisualCogA_Task-1,1,48,2,mechanistic,1,1,0.5035215119061084
VisualCogA_Task-1,1,49,2,mechanistic,-1,1,0.5524335546212468
VisualCogA_Task-1,1,50,2,mechanistic,-1,-1,0.4866328286808482
VisualCogA_Task-1,1,51,2,mechanistic,1,1,0.7248773467013162
VisualCogA_Task-1,1,52,2,mechanistic,1,1,0.7764999214165224
VisualCogA_Task-1,1,54,2,mechanistic,-1,1,0.7974250549873342
VisualCogA_Task-1,1,55,2,mechanistic,1,1,0.6320963712904291
VisualCogA_Task-1,1,56,2,mechanistic,-1,1,0.5441735924708985
VisualCogA_Task-1,1,57,2,mechanistic,-1,1,0.5646429920685455
VisualCogA_Task-1,1,58,2,mechanistic,1,1,0.5470679047118371
VisualCogA_Task-1,1,59,2,mechanistic,1,1,0.5309022976220971
VisualCogA_Task-1,1,60,2,mechanistic,-1,1,0.5167111922467957
VisualCogA_Task-2,2,42,2,mechanistic,-1,1,0.508400197988302
VisualCogA_Task-2,2,44,2,mechanistic,-1,-1,0.46983462941427834
VisualCogA_Task-2,2,46,2,mechanistic,-1,1,0.5654901519250661
VisualCogA_Task-2,2,47,2,mechanistic,-1,1,0.5448845528621873
VisualCogA_Task-2,2,48,2,mechanistic,-1,-1,0.4112039649921483
VisualCogA_Task-2,2,49,2,mechanistic,1,1,0.615195998484958
VisualCogA_Task-2,2,50,2,mechanistic,1,-1,0.41294264870082353
VisualCogA_Task-2,2,51,2,mechanistic,-1,1,0.8438621046807809
VisualCogA_Task-2,2,52,2,mechanistic,1,-1,0.2820585086540041
VisualCogA_Task-2,2,53,2,mechanistic,1,1,0.5055778326792555
VisualCogA_Task-2,2,54,2,mechanistic,-1,1,0.6081128722126165
VisualCogA_Task-2,2,55,2,mechanistic,-1,1,0.7144013148357324
VisualCogA_Task-2,2,56,2,mechanistic,1,1,0.6916802537435311
VisualCogA_Task-2,2,57,2,mechanistic,1,1,0.5691784786970894
VisualCogA_Task-2,2,58,2,mechanistic,1,-1,0.4937544819932328
VisualCogA_Task-2,2,59,2,mechanistic,1,-1,0.4866699543864841
VisualCogA_Task-2,2,60,2,mechanistic,1,1,0.7288860843371419
VisualCogB_Task-1,1,41,2,mechanistic,-1,-1,0.4905469696072005
VisualCogB_Task-1,1,42,2,mechanistic,1,-1,0.48461942306895267
VisualCogB_Task-1,1,43,2,mechanistic,1,1,0.5179368894660996
VisualCogB_Task-1,1,44,2,mechanistic,1,1,0.5156411845111842
VisualCogB_Task-1,1,45,2,mechanistic,1,1,0.5423511910237289
VisualCogB_Task-1,1,48,2,mechanistic,1,-1,0.4753978367654243
VisualCogB_Task-1,1,49,2,mechanistic,1,-1,0.433353989014165
VisualCogB_Task-1,1,50,2,mechanistic,-1,-1,0.3770408385036169
VisualCogB_Task-1,1,51,2,mechanistic,1,1,0.6062585694809782
VisualCogB_Task-1,1,52,2,mechanistic,-1,1,0.5508583728440687
VisualCogB_Task-1,1,53,2,mechanistic,1,1,0.5136603731021254
VisualCogB_Task-1,1,55,2,mechanistic,1,-1,0.28161130989291266
VisualCogB_Task-1,1,56,2,mechanistic,-1,-1,0.45831707721916015
VisualCogB_Task-1,1,57,2,mechanistic,1,1,0.535655401064645
VisualCogB_Task-1,1,58,2,mechanistic,1,1,0.7874394411422074
VisualCogB_Task-1,1,59,2,mechanistic,1,1,0.6093536042767473
VisualCogB_Task-1,1,60,2,mechanistic,1,1,0.5080539644180184
VisualCogB_Task-2,2,41,2,mechanistic,1,1,0.7042307686070735
VisualCogB_Task-2,2,44,2,mechanistic,1,-1,0.48861639683194774
VisualCogB_Task-2,2,45,2,mechanistic,-1,1,0.7152924644805576
VisualCogB_Task-2,2,46,2,mechanistic,-1,-1,0.4788564448209079
VisualCogB_Task-2,2,47,2,mechanistic,1,1,0.5190174707721034
VisualCogB_Task-2,2,48,2,mechanistic,-1,-1,0.466062697864515
VisualCogB_Task-2,2,52,2,mechanistic,-1,-1,0.48895523815395914
VisualCogB_Task-2,2,53,2,mechanistic,1,-1,0.44952738038237855
VisualCogB_Task-2,2,55,2,mechanistic,1,1,0.5232150815356966
VisualCogB_Task-2,2,58,2,mechanistic,-1,-1,0.4648137062460319
VisualCogB_Task-2,2,59,2,mechanistic,-1,-1,0.49373999196364476
VisualCogB_Task-2,2,60,2,mechanistic,-1,-1,0.43423734742981074
VisualCogA_Task-1,1,42,2,ecg_adjusted,1,1,0.6033989522259671
VisualCogA_Task-1,1,43,2,ecg_adjusted,-1,-1,0.49015591539380376
VisualCogA_Task-1,1,44,2,ecg_adjusted,1,1,0.5228643331845326
VisualCogA_Task-1,1,45,2,ecg_adjusted,-1,-1,0.44693632410005796
VisualCogA_Task-1,1,47,2,ecg_adjusted,-1,1,0.51792738442637
VisualCogA_Task-1,1,48,2,ecg_adjusted,1,1,0.5006104393272874
VisualCogA_Task-1,1,49,2,ecg_adjusted,-1,1,0.5417825467466452
VisualCogA_Task-1,1,50,2,ecg_adjusted,-1,1,0.5096301650253543
VisualCogA_Task-1,1,51,2,ecg_adjusted,1,1,0.6983165464770376
VisualCogA_Task-1,1,52,2,ecg_adjusted,1,1,0.7619629848365732
VisualCogA_Task-1,1,54,2,ecg_adjusted,-1,1,0.76577625527463
VisualCogA_Task-1,1,55,2,ecg_adjusted,1,1,0.5960071255293491
VisualCogA_Task-1,1,56,2,ecg_adjusted,-1,1,0.5408940542555473
VisualCogA_Task-1,1,57,2,ecg_adjusted,-1,1,0.5643187402637905
VisualCogA_Task-1,1,58,2,ecg_adjusted,1,1,0.5352120545093711
VisualCogA_Task-1,1,59,2,ecg_adjusted,1,1,0.5221253532363843
VisualCogA_Task-1,1,60,2,ecg_adjusted,-1,1,0.515281914268978
VisualCogA_Task-2,2,42,2,ecg_adjusted,-1,-1,0.4737471413424544
VisualCogA_Task-2,2,44,2,ecg_adjusted,-1,-1,0.4639570949084066
VisualCogA_Task-2,2,46,2,ecg_adjusted,-1,1,0.5571882809955293
VisualCogA_Task-2,2,47,2,ecg_adjusted,-1,1,0.566978354459862
VisualCogA_Task-2,2,48,2,ecg_adjusted,-1,-1,0.41563741363160395
VisualCogA_Task-2,2,49,2,ecg_adjusted,1,1,0.6225655697919098
VisualCogA_Task-2,2,50,2,ecg_adjusted,1,-1,0.437724936201909
VisualCogA_Task-2,2,51,2,ecg_adjusted,-1,1,0.8246491345187064
VisualCogA_Task-2,2,52,2,ecg_adjusted,1,-1,0.3025873223588766
VisualCogA_Task-2,2,53,2,ecg_adjusted,1,1,0.501724278386833
VisualCogA_Task-2,2,54,2,ecg_adjusted,-1,1,0.6099716970984936
VisualCogA_Task-2,2,55,2,ecg_adjusted,-1,1,0.7095989588839641
VisualCogA_Task-2,2,56,2,ecg_adjusted,1,1,0.6510918909965306
VisualCogA_Task-2,2,57,2,ecg_adjusted,1,-1,0.4750184475115422
VisualCogA_Task-2,2,58,2,ecg_adjusted,1,1,0.5031736537154701
VisualCogA_Task-2,2,59,2,ecg_adjusted,1,-1,0.4925388480163043
VisualCogA_Task-2,2,60,2,ecg_adjusted,1,1,0.6798824623882546
VisualCogB_Task-1,1,41,2,ecg_adjusted,-1,-1,0.4884040185525926
VisualCogB_Task-1,1,42,2,ecg_adjusted,1,1,0.5079390436276614
VisualCogB_Task-1,1,43,2,ecg_adjusted,1,1,0.5050494125428067
VisualCogB_Task-1,1,44,2,ecg_adjusted,1,1,0.5098071365440737
VisualCogB_Task-1,1,45,2,ecg_adjusted,1,1,0.5217535044729756
VisualCogB_Task-1,1,48,2,ecg_adjusted,1,-1,0.45009850784930955
VisualCogB_Task-1,1,49,2,ecg_adjusted,1,-1,0.4730292853280025
VisualCogB_Task-1,1,50,2,ecg_adjusted,-1,-1,0.4564133237556352
VisualCogB_Task-1,1,51,2,ecg_adjusted,1,1,0.5229663866025662
VisualCogB_Task-1,1,52,2,ecg_adjusted,-1,-1,0.49122653540941313
VisualCogB_Task-1,1,53,2,ecg_adjusted,1,1,0.5111603688781506
VisualCogB_Task-1,1,55,2,ecg_adjusted,1,-1,0.40864394614851207
VisualCogB_Task-1,1,56,2,ecg_adjusted,-1,-1,0.480133341157128
VisualCogB_Task-1,1,57,2,ecg_adjusted,1,1,0.5134952837198712
VisualCogB_Task-1,1,58,2,ecg_adjusted,1,1,0.6548536498159288
VisualCogB_Task-1,1,59,2,ecg_adjusted,1,1,0.5614911287707505
VisualCogB_Task-1,1,60,2,ecg_adjusted,1,1,0.5121767085072323
VisualCogB_Task-2,2,41,2,ecg_adjusted,1,1,0.7049646755757915
VisualCogB_Task-2,2,44,2,ecg_adjusted,1,-1,0.4827958440428673
VisualCogB_Task-2,2,45,2,ecg_adjusted,-1,1,0.7054616629674771
VisualCogB_Task-2,2,46,2,ecg_adjusted,-1,-1,0.46491731365326583
VisualCogB_Task-2,2,47,2,ecg_adjusted,1,1,0.5013957103297179
VisualCogB_Task-2,2,48,2,ecg_adjusted,-1,-1,0.4569212988903108
VisualCogB_Task-2,2,52,2,ecg_adjusted,-1,1,0.5002992229511866
VisualCogB_Task-2,2,53,2,ecg_adjusted,1,-1,0.45172228197302117
VisualCogB_Task-2,2,55,2,ecg_adjusted,1,1,0.5250466180504962
VisualCogB_Task-2,2,58,2,ecg_adjusted,-1,-1,0.4678564840055762
VisualCogB_Task-2,2,59,2,ecg_adjusted,-1,-1,0.48707810857901135
VisualCogB_Task-2,2,60,2,ecg_adjusted,-1,-1,0.4358680316364041
VisualCogA_Task-1,1,42,2,qc_adjusted,1,1,0.524183556622048
VisualCogA_Task-1,1,43,2,qc_adjusted,-1,-1,0.425231472819741
VisualCogA_Task-1,1,44,2,qc_adjusted,1,-1,0.49886442384081864
VisualCogA_Task-1,1,45,2,qc_adjusted,-1,-1,0.4329237473435982
VisualCogA_Task-1,1,47,2,qc_adjusted,-1,-1,0.4774534629484979
VisualCogA_Task-1,1,48,2,qc_adjusted,1,-1,0.4437043317584278
VisualCogA_Task-1,1,49,2,qc_adjusted,-1,1,0.5386066179033226
VisualCogA_Task-1,1,50,2,qc_adjusted,-1,-1,0.40927302203755217
VisualCogA_Task-1,1,51,2,qc_adjusted,1,1,0.6975216302510486
VisualCogA_Task-1,1,52,2,qc_adjusted,1,-1,0.4925842046084056
VisualCogA_Task-1,1,54,2,qc_adjusted,-1,1,0.7444662815979901
VisualCogA_Task-1,1,55,2,qc_adjusted,1,1,0.628868767326877
VisualCogA_Task-1,1,56,2,qc_adjusted,-1,-1,0.440620822464768
VisualCogA_Task-1,1,57,2,qc_adjusted,-1,1,0.5260310257992666
VisualCogA_Task-1,1,58,2,qc_adjusted,1,1,0.5235305192750502
VisualCogA_Task-1,1,59,2,qc_adjusted,1,1,0.5034774194413816
VisualCogA_Task-1,1,60,2,qc_adjusted,-1,1,0.5542260068069668
VisualCogA_Task-2,2,42,2,qc_adjusted,-1,1,0.502627616711894
VisualCogA_Task-2,2,44,2,qc_adjusted,-1,-1,0.4821726060407018
VisualCogA_Task-2,2,46,2,qc_adjusted,-1,1,0.5122430201757026
VisualCogA_Task-2,2,47,2,qc_adjusted,-1,1,0.5813771106720996
VisualCogA_Task-2,2,48,2,qc_adjusted,-1,-1,0.4582663175486057
VisualCogA_Task-2,2,49,2,qc_adjusted,1,1,0.5504246182226197
VisualCogA_Task-2,2,50,2,qc_adjusted,1,1,0.5145330594510515
VisualCogA_Task-2,2,51,2,qc_adjusted,-1,1,0.7539375372176641
VisualCogA_Task-2,2,52,2,qc_adjusted,1,-1,0.2799235287836304
VisualCogA_Task-2,2,53,2,qc_adjusted,1,1,0.5009141211233301
VisualCogA_Task-2,2,54,2,qc_adjusted,-1,1,0.5073248513608187
VisualCogA_Task-2,2,55,2,qc_adjusted,-1,1,0.6367786076539125
VisualCogA_Task-2,2,56,2,qc_adjusted,1,1,0.5857520184449049
VisualCogA_Task-2,2,57,2,qc_adjusted,1,1,0.5227805675814968
VisualCogA_Task-2,2,58,2,qc_adjusted,1,-1,0.43886030415642113
VisualCogA_Task-2,2,59,2,qc_adjusted,1,1,0.5102375854235105
VisualCogA_Task-2,2,60,2,qc_adjusted,1,1,0.5410217035350344
VisualCogB_Task-1,1,41,2,qc_adjusted,-1,1,0.5364267223413889
VisualCogB_Task-1,1,42,2,qc_adjusted,1,1,0.5023127605479839
VisualCogB_Task-1,1,43,2,qc_adjusted,1,1,0.6747187230381253
VisualCogB_Task-1,1,44,2,qc_adjusted,1,1,0.5207181002525543
VisualCogB_Task-1,1,45,2,qc_adjusted,1,1,0.5268312121140317
VisualCogB_Task-1,1,48,2,qc_adjusted,1,-1,0.496638854651265
VisualCogB_Task-1,1,49,2,qc_adjusted,1,-1,0.4597277900867602
VisualCogB_Task-1,1,50,2,qc_adjusted,-1,-1,0.32539851366855554
VisualCogB_Task-1,1,51,2,qc_adjusted,1,1,0.5461163137573108
VisualCogB_Task-1,1,52,2,qc_adjusted,-1,1,0.6185932269706446
VisualCogB_Task-1,1,53,2,qc_adjusted,1,1,0.5633251034472652
VisualCogB_Task-1,1,55,2,qc_adjusted,1,-1,0.20768569601253642
VisualCogB_Task-1,1,56,2,qc_adjusted,-1,-1,0.3921087510861106
VisualCogB_Task-1,1,57,2,qc_adjusted,1,1,0.5244941338304797
VisualCogB_Task-1,1,58,2,qc_adjusted,1,1,0.7425071144184727
VisualCogB_Task-1,1,59,2,qc_adjusted,1,1,0.6826111413430731
VisualCogB_Task-1,1,60,2,qc_adjusted,1,1,0.556557359217289
VisualCogB_Task-2,2,41,2,qc_adjusted,1,-1,0.3512633683436927
VisualCogB_Task-2,2,44,2,qc_adjusted,1,1,0.5701158292322627
VisualCogB_Task-2,2,45,2,qc_adjusted,-1,1,0.5704369387940735
VisualCogB_Task-2,2,46,2,qc_adjusted,-1,1,0.5366605628079752
VisualCogB_Task-2,2,47,2,qc_adjusted,1,1,0.5521255659808216
VisualCogB_Task-2,2,48,2,qc_adjusted,-1,-1,0.36465382174861233
VisualCogB_Task-2,2,52,2,qc_adjusted,-1,1,0.5580972808529665
VisualCogB_Task-2,2,53,2,qc_adjusted,1,-1,0.4773536699336562
VisualCogB_Task-2,2,55,2,qc_adjusted,1,1,0.5169151164026944
VisualCogB_Task-2,2,58,2,qc_adjusted,-1,-1,0.4199127889687188
VisualCogB_Task-2,2,59,2,qc_adjusted,-1,-1,0.4926253683596101
VisualCogB_Task-2,2,60,2,qc_adjusted,-1,-1,0.4390259034952303
VisualCogA_Task-1,1,42,2,order_adjusted,1,1,0.6693916305463892
VisualCogA_Task-1,1,43,2,order_adjusted,-1,-1,0.4887926854083048
VisualCogA_Task-1,1,44,2,order_adjusted,1,1,0.5388416959467461
VisualCogA_Task-1,1,45,2,order_adjusted,-1,-1,0.48007256827803707
VisualCogA_Task-1,1,47,2,order_adjusted,-1,1,0.5146320457633596
VisualCogA_Task-1,1,48,2,order_adjusted,1,-1,0.49041295442725397
VisualCogA_Task-1,1,49,2,order_adjusted,-1,1,0.5635354159180314
VisualCogA_Task-1,1,50,2,order_adjusted,-1,-1,0.45283241622866094
VisualCogA_Task-1,1,51,2,order_adjusted,1,1,0.7452161386322423
VisualCogA_Task-1,1,52,2,order_adjusted,1,1,0.8352695179704953
VisualCogA_Task-1,1,54,2,order_adjusted,-1,1,0.8827545142251947
VisualCogA_Task-1,1,55,2,order_adjusted,1,1,0.6152165250737158
VisualCogA_Task-1,1,56,2,order_adjusted,-1,1,0.5182900698801696
VisualCogA_Task-1,1,57,2,order_adjusted,-1,1,0.5446652850753335
VisualCogA_Task-1,1,58,2,order_adjusted,1,1,0.5380748912054623
VisualCogA_Task-1,1,59,2,order_adjusted,1,1,0.5303987163090726
VisualCogA_Task-1,1,60,2,order_adjusted,-1,-1,0.48016520366298004
VisualCogA_Task-2,2,42,2,order_adjusted,-1,-1,0.4749656381915323
VisualCogA_Task-2,2,44,2,order_adjusted,-1,-1,0.4699018003086428
VisualCogA_Task-2,2,46,2,order_adjusted,-1,1,0.5513471576350119
VisualCogA_Task-2,2,47,2,order_adjusted,-1,1,0.5608602719829224
VisualCogA_Task-2,2,48,2,order_adjusted,-1,-1,0.41956340416243193
VisualCogA_Task-2,2,49,2,order_adjusted,1,1,0.6233560966701479
VisualCogA_Task-2,2,50,2,order_adjusted,1,-1,0.4273324697978979
VisualCogA_Task-2,2,51,2,order_adjusted,-1,1,0.8109548434863544
VisualCogA_Task-2,2,52,2,order_adjusted,1,-1,0.3187038330051705
VisualCogA_Task-2,2,53,2,order_adjusted,1,-1,0.49391409476311665
VisualCogA_Task-2,2,54,2,order_adjusted,-1,1,0.6061139176718687
VisualCogA_Task-2,2,55,2,order_adjusted,-1,1,0.7087350728027454
VisualCogA_Task-2,2,56,2,order_adjusted,1,1,0.6414001628364507
VisualCogA_Task-2,2,57,2,order_adjusted,1,-1,0.46792559994883076
VisualCogA_Task-2,2,58,2,order_adjusted,1,1,0.502469437802541
VisualCogA_Task-2,2,59,2,order_adjusted,1,-1,0.49384269081289356
VisualCogA_Task-2,2,60,2,order_adjusted,1,1,0.667129011869903
VisualCogB_Task-1,1,41,2,order_adjusted,-1,-1,0.4954084237123719
VisualCogB_Task-1,1,42,2,order_adjusted,1,1,0.501217593864948
VisualCogB_Task-1,1,43,2,order_adjusted,1,1,0.5138993688121175
VisualCogB_Task-1,1,44,2,order_adjusted,1,1,0.504732630040706
VisualCogB_Task-1,1,45,2,order_adjusted,1,1,0.5137005048940263
VisualCogB_Task-1,1,48,2,order_adjusted,1,-1,0.46639465094904464
VisualCogB_Task-1,1,49,2,order_adjusted,1,-1,0.4702872518362597
VisualCogB_Task-1,1,50,2,order_adjusted,-1,-1,0.46897060360797704
VisualCogB_Task-1,1,51,2,order_adjusted,1,1,0.5348063084852881
VisualCogB_Task-1,1,52,2,order_adjusted,-1,1,0.5211962168966348
VisualCogB_Task-1,1,53,2,order_adjusted,1,1,0.5054882154476702
VisualCogB_Task-1,1,55,2,order_adjusted,1,-1,0.40393225107419756
VisualCogB_Task-1,1,56,2,order_adjusted,-1,-1,0.4662509100278665
VisualCogB_Task-1,1,57,2,order_adjusted,1,1,0.5243563387604372
VisualCogB_Task-1,1,58,2,order_adjusted,1,1,0.6244961897706983
VisualCogB_Task-1,1,59,2,order_adjusted,1,1,0.5559303781841717
VisualCogB_Task-1,1,60,2,order_adjusted,1,1,0.5152216346658798
VisualCogB_Task-2,2,41,2,order_adjusted,1,1,0.7006772399365732
VisualCogB_Task-2,2,44,2,order_adjusted,1,-1,0.48841726424765936
VisualCogB_Task-2,2,45,2,order_adjusted,-1,1,0.7133873215138419
VisualCogB_Task-2,2,46,2,order_adjusted,-1,-1,0.4730175911512569
VisualCogB_Task-2,2,47,2,order_adjusted,1,1,0.5231467743012536
VisualCogB_Task-2,2,48,2,order_adjusted,-1,-1,0.47904031340332076
VisualCogB_Task-2,2,52,2,order_adjusted,-1,-1,0.4868584403611045
VisualCogB_Task-2,2,53,2,order_adjusted,1,-1,0.4411661815355995
VisualCogB_Task-2,2,55,2,order_adjusted,1,1,0.5269674927609537
VisualCogB_Task-2,2,58,2,order_adjusted,-1,-1,0.4567685727759189
VisualCogB_Task-2,2,59,2,order_adjusted,-1,-1,0.48421405205442347
VisualCogB_Task-2,2,60,2,order_adjusted,-1,-1,0.4413024252437331
VisualCogA_Task-1,1,42,2,all_adjusted,1,1,0.6503392864681299
VisualCogA_Task-1,1,43,2,all_adjusted,-1,-1,0.4417589105774516
VisualCogA_Task-1,1,44,2,all_adjusted,1,1,0.5075489078661545
VisualCogA_Task-1,1,45,2,all_adjusted,-1,1,0.5197763369881132
VisualCogA_Task-1,1,47,2,all_adjusted,-1,-1,0.4663509321325113
VisualCogA_Task-1,1,48,2,all_adjusted,1,-1,0.42004768717329116
VisualCogA_Task-1,1,49,2,all_adjusted,-1,1,0.5244477952943682
VisualCogA_Task-1,1,50,2,all_adjusted,-1,-1,0.3841832693962139
VisualCogA_Task-1,1,51,2,all_adjusted,1,1,0.7116200507083225
VisualCogA_Task-1,1,52,2,all_adjusted,1,-1,0.33479014033772475
VisualCogA_Task-1,1,54,2,all_adjusted,-1,1,0.9522377386422701
VisualCogA_Task-1,1,55,2,all_adjusted,1,1,0.5781834508618227
VisualCogA_Task-1,1,56,2,all_adjusted,-1,-1,0.39781250210828545
VisualCogA_Task-1,1,57,2,all_adjusted,-1,1,0.5272645369695761
VisualCogA_Task-1,1,58,2,all_adjusted,1,1,0.5134943120728979
VisualCogA_Task-1,1,59,2,all_adjusted,1,-1,0.47785656021707323
VisualCogA_Task-1,1,60,2,all_adjusted,-1,1,0.519401112373306
VisualCogA_Task-2,2,42,2,all_adjusted,-1,-1,0.49730815543758605
VisualCogA_Task-2,2,44,2,all_adjusted,-1,-1,0.4770213764429459
VisualCogA_Task-2,2,46,2,all_adjusted,-1,1,0.5041749124059507
VisualCogA_Task-2,2,47,2,all_adjusted,-1,1,0.5787346456412992
VisualCogA_Task-2,2,48,2,all_adjusted,-1,-1,0.4623198605211593
VisualCogA_Task-2,2,49,2,all_adjusted,1,1,0.5549395518223174
VisualCogA_Task-2,2,50,2,all_adjusted,1,1,0.5289955116691617
VisualCogA_Task-2,2,51,2,all_adjusted,-1,1,0.7243714234855226
VisualCogA_Task-2,2,52,2,all_adjusted,1,-1,0.2997359310810795
VisualCogA_Task-2,2,53,2,all_adjusted,1,1,0.5071195282231036
VisualCogA_Task-2,2,54,2,all_adjusted,-1,1,0.5092231814563498
VisualCogA_Task-2,2,55,2,all_adjusted,-1,1,0.6450134637322054
VisualCogA_Task-2,2,56,2,all_adjusted,1,1,0.5740083790539481
VisualCogA_Task-2,2,57,2,all_adjusted,1,1,0.5259665910354424
VisualCogA_Task-2,2,58,2,all_adjusted,1,-1,0.4490916414017948
VisualCogA_Task-2,2,59,2,all_adjusted,1,1,0.5074313277533125
VisualCogA_Task-2,2,60,2,all_adjusted,1,1,0.5359528686755086
VisualCogB_Task-1,1,41,2,all_adjusted,-1,1,0.5252395897240195
VisualCogB_Task-1,1,42,2,all_adjusted,1,1,0.5109050675667651
VisualCogB_Task-1,1,43,2,all_adjusted,1,1,0.6450227551397021
VisualCogB_Task-1,1,44,2,all_adjusted,1,1,0.5285267470307081
VisualCogB_Task-1,1,45,2,all_adjusted,1,1,0.534437059993421
VisualCogB_Task-1,1,48,2,all_adjusted,1,1,0.5076004434705604
VisualCogB_Task-1,1,49,2,all_adjusted,1,-1,0.4713280386290419
VisualCogB_Task-1,1,50,2,all_adjusted,-1,-1,0.25484241625887966
VisualCogB_Task-1,1,51,2,all_adjusted,1,-1,0.48227349033055394
VisualCogB_Task-1,1,52,2,all_adjusted,-1,1,0.589574890420035
VisualCogB_Task-1,1,53,2,all_adjusted,1,1,0.5660395055727967
VisualCogB_Task-1,1,55,2,all_adjusted,1,-1,0.16971490249189483
VisualCogB_Task-1,1,56,2,all_adjusted,-1,-1,0.3953971956920799
VisualCogB_Task-1,1,57,2,all_adjusted,1,-1,0.49924121039250313
VisualCogB_Task-1,1,58,2,all_adjusted,1,1,0.7339260873197485
VisualCogB_Task-1,1,59,2,all_adjusted,1,1,0.640968640418528
VisualCogB_Task-1,1,60,2,all_adjusted,1,1,0.5550524545555102
VisualCogB_Task-2,2,41,2,all_adjusted,1,-1,0.3598079138538913
VisualCogB_Task-2,2,44,2,all_adjusted,1,1,0.5871056447985189
VisualCogB_Task-2,2,45,2,all_adjusted,-1,1,0.5656506591193032
VisualCogB_Task-2,2,46,2,all_adjusted,-1,1,0.5300919072604248
VisualCogB_Task-2,2,47,2,all_adjusted,1,1,0.5390526908587552
VisualCogB_Task-2,2,48,2,all_adjusted,-1,-1,0.36233234346707527
VisualCogB_Task-2,2,52,2,all_adjusted,-1,1,0.5868282820425321
VisualCogB_Task-2,2,53,2,all_adjusted,1,-1,0.4735878963215186
VisualCogB_Task-2,2,55,2,all_adjusted,1,1,0.5442170729369963
VisualCogB_Task-2,2,58,2,all_adjusted,-1,-1,0.4068477195541911
VisualCogB_Task-2,2,59,2,all_adjusted,-1,-1,0.48870742463124195
VisualCogB_Task-2,2,60,2,all_adjusted,-1,-1,0.4545902398265152
VisualCogA_Task-1,1,42,2,prestim_only,1,1,0.5806743362526754
VisualCogA_Task-1,1,43,2,prestim_only,-1,1,0.543848468993973
VisualCogA_Task-1,1,44,2,prestim_only,1,1,0.524116231195443
VisualCogA_Task-1,1,45,2,prestim_only,-1,1,0.5027045422458318
VisualCogA_Task-1,1,47,2,prestim_only,-1,1,0.5401742449863298
VisualCogA_Task-1,1,48,2,prestim_only,1,1,0.5186082359870456
VisualCogA_Task-1,1,49,2,prestim_only,-1,-1,0.48303414708009407
VisualCogA_Task-1,1,50,2,prestim_only,-1,-1,0.48857001712331494
VisualCogA_Task-1,1,51,2,prestim_only,1,1,0.6657843446981533
VisualCogA_Task-1,1,52,2,prestim_only,1,-1,0.48530533648145363
VisualCogA_Task-1,1,54,2,prestim_only,-1,1,0.5938829831694303
VisualCogA_Task-1,1,55,2,prestim_only,1,1,0.5063530329422413
VisualCogA_Task-1,1,56,2,prestim_only,-1,-1,0.48620332289247364
VisualCogA_Task-1,1,57,2,prestim_only,-1,1,0.5444048203100484
VisualCogA_Task-1,1,58,2,prestim_only,1,1,0.5114473848925978
VisualCogA_Task-1,1,59,2,prestim_only,1,1,0.5506203028364115
VisualCogA_Task-1,1,60,2,prestim_only,-1,1,0.5458980444431085
VisualCogA_Task-2,2,42,2,prestim_only,-1,-1,0.31407820105343137
VisualCogA_Task-2,2,44,2,prestim_only,-1,-1,0.366888174826863
VisualCogA_Task-2,2,46,2,prestim_only,-1,-1,0.4813984825816961
VisualCogA_Task-2,2,47,2,prestim_only,-1,-1,0.4874169016756197
VisualCogA_Task-2,2,48,2,prestim_only,-1,1,0.5206744469615028
VisualCogA_Task-2,2,49,2,prestim_only,1,1,0.558105579846983
VisualCogA_Task-2,2,50,2,prestim_only,1,-1,0.4466510062970674
VisualCogA_Task-2,2,51,2,prestim_only,-1,1,0.5225506813402211
VisualCogA_Task-2,2,52,2,prestim_only,1,-1,0.33269109893743076
VisualCogA_Task-2,2,53,2,prestim_only,1,-1,0.4375956084336005
VisualCogA_Task-2,2,54,2,prestim_only,-1,-1,0.43839121974169165
VisualCogA_Task-2,2,55,2,prestim_only,-1,1,0.5237492190090874
VisualCogA_Task-2,2,56,2,prestim_only,1,1,0.5907120432507255
VisualCogA_Task-2,2,57,2,prestim_only,1,-1,0.40635982696649353
VisualCogA_Task-2,2,58,2,prestim_only,1,-1,0.43646043446884075
VisualCogA_Task-2,2,59,2,prestim_only,1,-1,0.41400254767641614
VisualCogA_Task-2,2,60,2,prestim_only,1,1,0.6237190884306424
VisualCogB_Task-1,1,41,2,prestim_only,-1,1,0.5175264948822549
VisualCogB_Task-1,1,42,2,prestim_only,1,-1,0.4946521497465699
VisualCogB_Task-1,1,43,2,prestim_only,1,-1,0.39518118328167035
VisualCogB_Task-1,1,44,2,prestim_only,1,-1,0.4954669363783867
VisualCogB_Task-1,1,45,2,prestim_only,1,-1,0.4881180001933962
VisualCogB_Task-1,1,48,2,prestim_only,1,1,0.5530344606663952
VisualCogB_Task-1,1,49,2,prestim_only,1,1,0.5747018983143445
VisualCogB_Task-1,1,50,2,prestim_only,-1,-1,0.48286002648789655
VisualCogB_Task-1,1,51,2,prestim_only,1,-1,0.4302489218502746
VisualCogB_Task-1,1,52,2,prestim_only,-1,-1,0.4921208893075326
VisualCogB_Task-1,1,53,2,prestim_only,1,-1,0.49860933507965305
VisualCogB_Task-1,1,55,2,prestim_only,1,-1,0.4158452268593611
VisualCogB_Task-1,1,56,2,prestim_only,-1,1,0.5223213127456799
VisualCogB_Task-1,1,57,2,prestim_only,1,1,0.546354984820023
VisualCogB_Task-1,1,58,2,prestim_only,1,-1,0.3612636250758628
VisualCogB_Task-1,1,59,2,prestim_only,1,-1,0.34017162733373807
VisualCogB_Task-1,1,60,2,prestim_only,1,1,0.5195158773990837
VisualCogB_Task-2,2,41,2,prestim_only,1,1,0.746078468852049
VisualCogB_Task-2,2,44,2,prestim_only,1,-1,0.42474790846267046
VisualCogB_Task-2,2,45,2,prestim_only,-1,1,0.627535637242132
VisualCogB_Task-2,2,46,2,prestim_only,-1,-1,0.48328694049013726
VisualCogB_Task-2,2,47,2,prestim_only,1,-1,0.4799396536215312
VisualCogB_Task-2,2,48,2,prestim_only,-1,1,0.5355262830672667
VisualCogB_Task-2,2,52,2,prestim_only,-1,-1,0.46800257516009963
VisualCogB_Task-2,2,53,2,prestim_only,1,-1,0.49960551308335027
VisualCogB_Task-2,2,55,2,prestim_only,1,1,0.5011969116023919
VisualCogB_Task-2,2,58,2,prestim_only,-1,-1,0.4667059332942678
VisualCogB_Task-2,2,59,2,prestim_only,-1,1,0.5571475950091007
VisualCogB_Task-2,2,60,2,prestim_only,-1,-1,0.3519087250224209
VisualCogA_Task-1,1,61,3,main,1,1,0.53016623220054
VisualCogA_Task-1,1,62,3,main,-1,-1,0.46169290777272
VisualCogA_Task-1,1,63,3,main,1,-1,0.34579048569036197
VisualCogA_Task-1,1,64,3,main,1,-1,0.35778334358173597
VisualCogA_Task-1,1,65,3,main,-1,-1,0.4489982434692238
VisualCogA_Task-1,1,66,3,main,1,-1,0.49146118549596435
VisualCogA_Task-1,1,67,3,main,-1,-1,0.38021508832545997
VisualCogA_Task-1,1,68,3,main,-1,-1,0.48625346644787654
VisualCogA_Task-1,1,69,3,main,1,-1,0.46231698735297394
VisualCogA_Task-1,1,70,3,main,1,-1,0.4768955484146422
VisualCogA_Task-1,1,71,3,main,-1,-1,0.4810404812337011
VisualCogA_Task-1,1,72,3,main,1,-1,0.4926853394364615
VisualCogA_Task-1,1,73,3,main,-1,-1,0.45932319656976206
VisualCogA_Task-1,1,74,3,main,1,1,0.5184337941446969
VisualCogA_Task-1,1,75,3,main,-1,-1,0.44948089347237175
VisualCogA_Task-1,1,76,3,main,1,-1,0.4277336203963345
VisualCogA_Task-1,1,79,3,main,-1,1,0.5335862016986639
VisualCogA_Task-1,1,80,3,main,-1,-1,0.4977280147178789
VisualCogA_Task-2,2,61,3,main,-1,1,0.5150114837314596
VisualCogA_Task-2,2,64,3,main,-1,1,0.5520229841345717
VisualCogA_Task-2,2,65,3,main,1,-1,0.3727462862978899
VisualCogA_Task-2,2,66,3,main,-1,-1,0.3980945507468035
VisualCogA_Task-2,2,67,3,main,1,1,0.5516635639278534
VisualCogA_Task-2,2,69,3,main,-1,-1,0.4656285962395682
VisualCogA_Task-2,2,70,3,main,-1,1,0.5104992247074992
VisualCogA_Task-2,2,71,3,main,1,-1,0.45848182358527445
VisualCogA_Task-2,2,72,3,main,1,1,0.5284253976539496
VisualCogA_Task-2,2,73,3,main,1,-1,0.47075806704495327
VisualCogA_Task-2,2,74,3,main,1,1,0.5194540563672698
VisualCogA_Task-2,2,75,3,main,-1,-1,0.43675216296315833
VisualCogA_Task-2,2,76,3,main,-1,-1,0.4229496649868935
VisualCogA_Task-2,2,77,3,main,-1,-1,0.46683088633322484
VisualCogA_Task-2,2,78,3,main,1,1,0.5787137525361844
VisualCogA_Task-2,2,79,3,main,-1,-1,0.4831033440642925
VisualCogB_Task-1,1,61,3,main,-1,1,0.7181630014327504
VisualCogB_Task-1,1,62,3,main,-1,-1,0.10587253759588598
VisualCogB_Task-1,1,64,3,main,-1,-1,0.38985015258319833
VisualCogB_Task-1,1,65,3,main,-1,-1,0.4938935549361114
VisualCogB_Task-1,1,66,3,main,-1,-1,0.45625648812459946
VisualCogB_Task-1,1,67,3,main,1,1,0.5560612981498851
VisualCogB_Task-1,1,68,3,main,1,-1,0.4929254886660992
VisualCogB_Task-1,1,69,3,main,-1,1,0.5281745556114956
VisualCogB_Task-1,1,70,3,main,-1,-1,0.4600486080688703
VisualCogB_Task-1,1,72,3,main,1,-1,0.3482857843007337
VisualCogB_Task-1,1,73,3,main,-1,-1,0.4439402477173217
VisualCogB_Task-1,1,74,3,main,-1,-1,0.49651930485406914
VisualCogB_Task-1,1,75,3,main,1,-1,0.2784906013991617
VisualCogB_Task-1,1,76,3,main,-1,-1,0.44878194787856435
VisualCogB_Task-1,1,77,3,main,-1,-1,0.4584853389846978
VisualCogB_Task-1,1,79,3,main,1,1,0.5855593734289234
VisualCogB_Task-1,1,80,3,main,-1,-1,0.49509669038922244
VisualCogB_Task-2,2,61,3,main,-1,1,0.5002465996804766
VisualCogB_Task-2,2,62,3,main,1,-1,0.48244612228275835
VisualCogB_Task-2,2,63,3,main,-1,1,0.559141873019691
VisualCogB_Task-2,2,64,3,main,-1,-1,0.39847043035596236
VisualCogB_Task-2,2,65,3,main,1,-1,0.32433500748036065
VisualCogB_Task-2,2,67,3,main,1,1,0.5873070137333635
VisualCogB_Task-2,2,68,3,main,1,1,0.6779237587218482
VisualCogB_Task-2,2,69,3,main,-1,1,0.5100859346263821
VisualCogB_Task-2,2,70,3,main,-1,1,0.5029396557725487
VisualCogB_Task-2,2,71,3,main,1,1,0.53368938505784
VisualCogB_Task-2,2,72,3,main,1,-1,0.42190625606381826
VisualCogB_Task-2,2,73,3,main,1,1,0.5073408494561144
VisualCogB_Task-2,2,74,3,main,-1,-1,0.3985476269860091
VisualCogB_Task-2,2,75,3,main,-1,-1,0.46129165510417375
VisualCogB_Task-2,2,76,3,main,1,-1,0.3927673346972541
VisualCogB_Task-2,2,77,3,main,1,-1,0.48529517412154255
VisualCogB_Task-2,2,78,3,main,-1,1,0.5117809451456702
VisualCogB_Task-2,2,80,3,main,-1,-1,0.46964904657295325
VisualCogA_Task-1,1,61,3,record_lda,1,1,0.5464892595819324
VisualCogA_Task-1,1,62,3,record_lda,-1,-1,0.43433248644549133
VisualCogA_Task-1,1,63,3,record_lda,1,-1,0.2577599836110886
VisualCogA_Task-1,1,64,3,record_lda,1,-1,0.27627532864595056
VisualCogA_Task-1,1,65,3,record_lda,-1,-1,0.41041724727803314
VisualCogA_Task-1,1,66,3,record_lda,1,-1,0.48003906919459133
VisualCogA_Task-1,1,67,3,record_lda,-1,-1,0.30344457085563953
VisualCogA_Task-1,1,68,3,record_lda,-1,-1,0.48098206790320874
VisualCogA_Task-1,1,69,3,record_lda,1,-1,0.440167808964474
VisualCogA_Task-1,1,70,3,record_lda,1,-1,0.4540781432445107
VisualCogA_Task-1,1,71,3,record_lda,-1,-1,0.46139322981348685
VisualCogA_Task-1,1,72,3,record_lda,1,-1,0.48316617975605486
VisualCogA_Task-1,1,73,3,record_lda,-1,-1,0.43184560576375863
VisualCogA_Task-1,1,74,3,record_lda,1,1,0.5345968572758143
VisualCogA_Task-1,1,75,3,record_lda,-1,-1,0.4030640274363191
VisualCogA_Task-1,1,76,3,record_lda,1,-1,0.3777202626922985
VisualCogA_Task-1,1,79,3,record_lda,-1,1,0.5535523993587043
VisualCogA_Task-1,1,80,3,record_lda,-1,-1,0.49623641731936935
VisualCogA_Task-2,2,61,3,record_lda,-1,1,0.5707747012486176
VisualCogA_Task-2,2,64,3,record_lda,-1,1,0.55900433698321
VisualCogA_Task-2,2,65,3,record_lda,1,-1,0.33893745466298786
VisualCogA_Task-2,2,66,3,record_lda,-1,-1,0.33514607312656985
VisualCogA_Task-2,2,67,3,record_lda,1,1,0.5170109501841275
VisualCogA_Task-2,2,69,3,record_lda,-1,-1,0.47232959275324526
VisualCogA_Task-2,2,70,3,record_lda,-1,1,0.5080830153364677
VisualCogA_Task-2,2,71,3,record_lda,1,-1,0.4481655525846955
VisualCogA_Task-2,2,72,3,record_lda,1,-1,0.460248592867459
VisualCogA_Task-2,2,73,3,record_lda,1,1,0.5000932960556574
VisualCogA_Task-2,2,74,3,record_lda,1,1,0.54911564025821
VisualCogA_Task-2,2,75,3,record_lda,-1,-1,0.3913838038919768
VisualCogA_Task-2,2,76,3,record_lda,-1,-1,0.3630704130060937
VisualCogA_Task-2,2,77,3,record_lda,-1,-1,0.4424831584867374
VisualCogA_Task-2,2,78,3,record_lda,1,1,0.6250657189080749
VisualCogA_Task-2,2,79,3,record_lda,-1,1,0.5061433046279779
VisualCogB_Task-1,1,61,3,record_lda,-1,1,0.7926158982474775
VisualCogB_Task-1,1,62,3,record_lda,-1,-1,0.039873144342219086
VisualCogB_Task-1,1,64,3,record_lda,-1,-1,0.337313397759059
VisualCogB_Task-1,1,65,3,record_lda,-1,-1,0.4660079279817492
VisualCogB_Task-1,1,66,3,record_lda,-1,-1,0.40669306181440706
VisualCogB_Task-1,1,67,3,record_lda,1,1,0.5960611985222016
VisualCogB_Task-1,1,68,3,record_lda,1,1,0.5002093949970409
VisualCogB_Task-1,1,69,3,record_lda,-1,1,0.5525514976438939
VisualCogB_Task-1,1,70,3,record_lda,-1,-1,0.4622355494360499
VisualCogB_Task-1,1,72,3,record_lda,1,-1,0.31848290204653124
VisualCogB_Task-1,1,73,3,record_lda,-1,-1,0.4079733848904623
VisualCogB_Task-1,1,74,3,record_lda,-1,-1,0.4910484274161624
VisualCogB_Task-1,1,75,3,record_lda,1,-1,0.17760132527601968
VisualCogB_Task-1,1,76,3,record_lda,-1,-1,0.4172443236481344
VisualCogB_Task-1,1,77,3,record_lda,-1,-1,0.4477188886875276
VisualCogB_Task-1,1,79,3,record_lda,1,1,0.615526425749048
VisualCogB_Task-1,1,80,3,record_lda,-1,1,0.5125688313896891
VisualCogB_Task-2,2,61,3,record_lda,-1,-1,0.48994941342506815
VisualCogB_Task-2,2,62,3,record_lda,1,-1,0.4802272269451934
VisualCogB_Task-2,2,63,3,record_lda,-1,1,0.5844969901557857
VisualCogB_Task-2,2,64,3,record_lda,-1,-1,0.32087005115697775
VisualCogB_Task-2,2,65,3,record_lda,1,-1,0.19074233336915608
VisualCogB_Task-2,2,67,3,record_lda,1,1,0.7089055741578303
VisualCogB_Task-2,2,68,3,record_lda,1,1,0.7478853517829563
VisualCogB_Task-2,2,69,3,record_lda,-1,1,0.5282680010724278
VisualCogB_Task-2,2,70,3,record_lda,-1,1,0.518328415192073
VisualCogB_Task-2,2,71,3,record_lda,1,1,0.5520631951349947
VisualCogB_Task-2,2,72,3,record_lda,1,-1,0.499168304027866
VisualCogB_Task-2,2,73,3,record_lda,1,-1,0.49470069037057557
VisualCogB_Task-2,2,74,3,record_lda,-1,-1,0.34727125853365237
VisualCogB_Task-2,2,75,3,record_lda,-1,-1,0.4255961531805351
VisualCogB_Task-2,2,76,3,record_lda,1,-1,0.33347495154402673
VisualCogB_Task-2,2,77,3,record_lda,1,-1,0.4810288122236194
VisualCogB_Task-2,2,78,3,record_lda,-1,1,0.5133872112040291
VisualCogB_Task-2,2,80,3,record_lda,-1,-1,0.4774211431884648
VisualCogA_Task-1,1,61,3,pooled,1,1,0.5197098309915792
VisualCogA_Task-1,1,62,3,pooled,-1,1,0.5135532541338715
VisualCogA_Task-1,1,63,3,pooled,1,-1,0.48354689954169744
VisualCogA_Task-1,1,64,3,pooled,1,1,0.504204086891212
VisualCogA_Task-1,1,65,3,pooled,-1,-1,0.47826296250973505
VisualCogA_Task-1,1,66,3,pooled,1,1,0.525857502741848
VisualCogA_Task-1,1,67,3,pooled,-1,-1,0.4712085065020213
VisualCogA_Task-1,1,68,3,pooled,-1,1,0.5017646679520018
VisualCogA_Task-1,1,69,3,pooled,1,-1,0.45440436273774953
VisualCogA_Task-1,1,70,3,pooled,1,-1,0.48636757650780155
VisualCogA_Task-1,1,71,3,pooled,-1,1,0.509383365759895
VisualCogA_Task-1,1,72,3,pooled,1,1,0.5219182714694129
VisualCogA_Task-1,1,73,3,pooled,-1,-1,0.4965471126723523
VisualCogA_Task-1,1,74,3,pooled,1,1,0.575087176606113
VisualCogA_Task-1,1,75,3,pooled,-1,1,0.5290054898118873
VisualCogA_Task-1,1,76,3,pooled,1,-1,0.48331415057475063
VisualCogA_Task-1,1,79,3,pooled,-1,1,0.518414268285972
VisualCogA_Task-1,1,80,3,pooled,-1,1,0.5090434797571549
VisualCogB_Task-1,1,61,3,pooled,-1,1,0.5820353251865364
VisualCogB_Task-1,1,62,3,pooled,-1,-1,0.3064141218572557
VisualCogB_Task-1,1,64,3,pooled,-1,-1,0.46726558532479073
VisualCogB_Task-1,1,65,3,pooled,-1,-1,0.4222468787666482
VisualCogB_Task-1,1,66,3,pooled,-1,-1,0.33626914582304074
VisualCogB_Task-1,1,67,3,pooled,1,1,0.5372372587911716
VisualCogB_Task-1,1,68,3,pooled,1,1,0.5023202274834281
VisualCogB_Task-1,1,69,3,pooled,-1,1,0.5927820944195892
VisualCogB_Task-1,1,70,3,pooled,-1,1,0.506627394096696
VisualCogB_Task-1,1,72,3,pooled,1,1,0.5102035116340817
VisualCogB_Task-1,1,73,3,pooled,-1,-1,0.46132590816402586
VisualCogB_Task-1,1,74,3,pooled,-1,1,0.508508211695145
VisualCogB_Task-1,1,75,3,pooled,1,-1,0.3507015649914596
VisualCogB_Task-1,1,76,3,pooled,-1,-1,0.48469877962626773
VisualCogB_Task-1,1,77,3,pooled,-1,1,0.5094676378348667
VisualCogB_Task-1,1,79,3,pooled,1,-1,0.4873306099134803
VisualCogB_Task-1,1,80,3,pooled,-1,1,0.5275838947058121
VisualCogA_Task-2,2,61,3,pooled,-1,-1,0.4892257305049031
VisualCogA_Task-2,2,64,3,pooled,-1,1,0.5618003955852897
VisualCogA_Task-2,2,65,3,pooled,1,-1,0.4105518221377272
VisualCogA_Task-2,2,66,3,pooled,-1,-1,0.4044987581332689
VisualCogA_Task-2,2,67,3,pooled,1,1,0.556777357129807
VisualCogA_Task-2,2,69,3,pooled,-1,-1,0.4849176551043451
VisualCogA_Task-2,2,70,3,pooled,-1,1,0.5201233302084667
VisualCogA_Task-2,2,71,3,pooled,1,-1,0.4724190901135158
VisualCogA_Task-2,2,72,3,pooled,1,1,0.5555755136613857
VisualCogA_Task-2,2,73,3,pooled,1,-1,0.4610844525724811
VisualCogA_Task-2,2,74,3,pooled,1,1,0.5119224934530429
VisualCogA_Task-2,2,75,3,pooled,-1,-1,0.46407766380032006
VisualCogA_Task-2,2,76,3,pooled,-1,-1,0.44093758630117263
VisualCogA_Task-2,2,77,3,pooled,-1,-1,0.4863502472515011
VisualCogA_Task-2,2,78,3,pooled,1,1,0.554779001828682
VisualCogA_Task-2,2,79,3,pooled,-1,-1,0.48547595618746986
VisualCogB_Task-2,2,61,3,pooled,-1,1,0.5031356094543805
VisualCogB_Task-2,2,62,3,pooled,1,-1,0.4822446325547119
VisualCogB_Task-2,2,63,3,pooled,-1,1,0.5341801431547757
VisualCogB_Task-2,2,64,3,pooled,-1,-1,0.41117522169410614
VisualCogB_Task-2,2,65,3,pooled,1,-1,0.3975557033804355
VisualCogB_Task-2,2,67,3,pooled,1,-1,0.4909708315856639
VisualCogB_Task-2,2,68,3,pooled,1,1,0.6456434613288927
VisualCogB_Task-2,2,69,3,pooled,-1,1,0.5053921503455396
VisualCogB_Task-2,2,70,3,pooled,-1,1,0.5181622902347791
VisualCogB_Task-2,2,71,3,pooled,1,1,0.5236616238231222
VisualCogB_Task-2,2,72,3,pooled,1,-1,0.4095278565683899
VisualCogB_Task-2,2,73,3,pooled,1,1,0.52462508818383
VisualCogB_Task-2,2,74,3,pooled,-1,-1,0.4231159697329194
VisualCogB_Task-2,2,75,3,pooled,-1,-1,0.44919765191189465
VisualCogB_Task-2,2,76,3,pooled,1,-1,0.4573816730682108
VisualCogB_Task-2,2,77,3,pooled,1,-1,0.45987064555275703
VisualCogB_Task-2,2,78,3,pooled,-1,1,0.5029030551728875
VisualCogB_Task-2,2,80,3,pooled,-1,-1,0.4626681232276634
VisualCogA_Task-1,1,61,3,qc_weighted,1,1,0.5589602046517634
VisualCogA_Task-1,1,62,3,qc_weighted,-1,-1,0.479845134967521
VisualCogA_Task-1,1,63,3,qc_weighted,1,-1,0.36030935419680726
VisualCogA_Task-1,1,64,3,qc_weighted,1,-1,0.34933410357820666
VisualCogA_Task-1,1,65,3,qc_weighted,-1,-1,0.41543616373814685
VisualCogA_Task-1,1,66,3,qc_weighted,1,-1,0.4790895782322727
VisualCogA_Task-1,1,67,3,qc_weighted,-1,-1,0.36313423580871373
VisualCogA_Task-1,1,68,3,qc_weighted,-1,1,0.5169424698314569
VisualCogA_Task-1,1,69,3,qc_weighted,1,-1,0.4620842410593244
VisualCogA_Task-1,1,70,3,qc_weighted,1,-1,0.4738682698254118
VisualCogA_Task-1,1,71,3,qc_weighted,-1,1,0.523385339225681
VisualCogA_Task-1,1,72,3,qc_weighted,1,-1,0.48928732231622074
VisualCogA_Task-1,1,73,3,qc_weighted,-1,-1,0.4622373219393239
VisualCogA_Task-1,1,74,3,qc_weighted,1,1,0.593635690918086
VisualCogA_Task-1,1,75,3,qc_weighted,-1,-1,0.4150536660416309
VisualCogA_Task-1,1,76,3,qc_weighted,1,-1,0.4555694985684252
VisualCogA_Task-1,1,79,3,qc_weighted,-1,1,0.5308642989910404
VisualCogA_Task-1,1,80,3,qc_weighted,-1,-1,0.49022495096162605
VisualCogA_Task-2,2,61,3,qc_weighted,-1,-1,0.4836354885819191
VisualCogA_Task-2,2,64,3,qc_weighted,-1,1,0.5811356412995919
VisualCogA_Task-2,2,65,3,qc_weighted,1,-1,0.33608905310034287
VisualCogA_Task-2,2,66,3,qc_weighted,-1,-1,0.37848408919462223
VisualCogA_Task-2,2,67,3,qc_weighted,1,1,0.5730356684114731
VisualCogA_Task-2,2,69,3,qc_weighted,-1,-1,0.46543812300751014
VisualCogA_Task-2,2,70,3,qc_weighted,-1,1,0.515904727458508
VisualCogA_Task-2,2,71,3,qc_weighted,1,-1,0.4373074996440308
VisualCogA_Task-2,2,72,3,qc_weighted,1,1,0.5543712680899389
VisualCogA_Task-2,2,73,3,qc_weighted,1,-1,0.44682435049802344
VisualCogA_Task-2,2,74,3,qc_weighted,1,1,0.5193753043373409
VisualCogA_Task-2,2,75,3,qc_weighted,-1,-1,0.41744175006092094
VisualCogA_Task-2,2,76,3,qc_weighted,-1,-1,0.4147037302593045
VisualCogA_Task-2,2,77,3,qc_weighted,-1,-1,0.46074127020990263
VisualCogA_Task-2,2,78,3,qc_weighted,1,1,0.6025231989213414
VisualCogA_Task-2,2,79,3,qc_weighted,-1,-1,0.47677288246996813
VisualCogB_Task-1,1,61,3,qc_weighted,-1,1,0.708243084771664
VisualCogB_Task-1,1,62,3,qc_weighted,-1,-1,0.1277416790423961
VisualCogB_Task-1,1,64,3,qc_weighted,-1,-1,0.3903855128010176
VisualCogB_Task-1,1,65,3,qc_weighted,-1,-1,0.4273950589665783
VisualCogB_Task-1,1,66,3,qc_weighted,-1,-1,0.3399859999803076
VisualCogB_Task-1,1,67,3,qc_weighted,1,1,0.5754766872729269
VisualCogB_Task-1,1,68,3,qc_weighted,1,1,0.5148710195507484
VisualCogB_Task-1,1,69,3,qc_weighted,-1,1,0.5627987448101051
VisualCogB_Task-1,1,70,3,qc_weighted,-1,1,0.528753098025103
VisualCogB_Task-1,1,72,3,qc_weighted,1,-1,0.4408368362262855
VisualCogB_Task-1,1,73,3,qc_weighted,-1,-1,0.42909680874346523
VisualCogB_Task-1,1,74,3,qc_weighted,-1,-1,0.48953208736473547
VisualCogB_Task-1,1,75,3,qc_weighted,1,-1,0.2016929162063286
VisualCogB_Task-1,1,76,3,qc_weighted,-1,-1,0.4421756210986978
VisualCogB_Task-1,1,77,3,qc_weighted,-1,-1,0.49034652184908145
VisualCogB_Task-1,1,79,3,qc_weighted,1,1,0.5498342334571836
VisualCogB_Task-1,1,80,3,qc_weighted,-1,1,0.5398521997134711
VisualCogB_Task-2,2,61,3,qc_weighted,-1,1,0.5051744070157279
VisualCogB_Task-2,2,62,3,qc_weighted,1,-1,0.4812225632432362
VisualCogB_Task-2,2,63,3,qc_weighted,-1,1,0.5419545183453578
VisualCogB_Task-2,2,64,3,qc_weighted,-1,-1,0.39821668822940764
VisualCogB_Task-2,2,65,3,qc_weighted,1,-1,0.30552881501628293
VisualCogB_Task-2,2,67,3,qc_weighted,1,1,0.5862551702833352
VisualCogB_Task-2,2,68,3,qc_weighted,1,1,0.6321118404675063
VisualCogB_Task-2,2,69,3,qc_weighted,-1,1,0.5158094394424583
VisualCogB_Task-2,2,70,3,qc_weighted,-1,1,0.5026814977484613
VisualCogB_Task-2,2,71,3,qc_weighted,1,1,0.5312698003628104
VisualCogB_Task-2,2,72,3,qc_weighted,1,-1,0.4820032850989673
VisualCogB_Task-2,2,73,3,qc_weighted,1,-1,0.4939406750535961
VisualCogB_Task-2,2,74,3,qc_weighted,-1,-1,0.41320972520799726
VisualCogB_Task-2,2,75,3,qc_weighted,-1,-1,0.44989663382667244
VisualCogB_Task-2,2,76,3,qc_weighted,1,-1,0.41262335351312673
VisualCogB_Task-2,2,77,3,qc_weighted,1,-1,0.4804157469797891
VisualCogB_Task-2,2,78,3,qc_weighted,-1,1,0.5030061794628133
VisualCogB_Task-2,2,80,3,qc_weighted,-1,-1,0.4759780674948817
VisualCogA_Task-1,1,61,3,mechanistic,1,1,0.5306457173222118
VisualCogA_Task-1,1,62,3,mechanistic,-1,-1,0.461990286446968
VisualCogA_Task-1,1,63,3,mechanistic,1,-1,0.345983641381516
VisualCogA_Task-1,1,64,3,mechanistic,1,-1,0.35794362041038486
VisualCogA_Task-1,1,65,3,mechanistic,-1,-1,0.4487673275652227
VisualCogA_Task-1,1,66,3,mechanistic,1,-1,0.49152392450109034
VisualCogA_Task-1,1,67,3,mechanistic,-1,-1,0.38021149760923756
VisualCogA_Task-1,1,68,3,mechanistic,-1,-1,0.4867551630868925
VisualCogA_Task-1,1,69,3,mechanistic,1,-1,0.4628174547819012
VisualCogA_Task-1,1,70,3,mechanistic,1,-1,0.4768197031621471
VisualCogA_Task-1,1,71,3,mechanistic,-1,-1,0.48124864524060124
VisualCogA_Task-1,1,72,3,mechanistic,1,-1,0.4924698895137086
VisualCogA_Task-1,1,73,3,mechanistic,-1,-1,0.4587516375638081
VisualCogA_Task-1,1,74,3,mechanistic,1,1,0.5185456564344036
VisualCogA_Task-1,1,75,3,mechanistic,-1,-1,0.4488671254684448
VisualCogA_Task-1,1,76,3,mechanistic,1,-1,0.4277515785243154
VisualCogA_Task-1,1,79,3,mechanistic,-1,1,0.5334048935488072
VisualCogA_Task-1,1,80,3,mechanistic,-1,-1,0.49781402005719466
VisualCogA_Task-2,2,61,3,mechanistic,-1,-1,0.48563654044550353
VisualCogA_Task-2,2,64,3,mechanistic,-1,1,0.5579811144752387
VisualCogA_Task-2,2,65,3,mechanistic,1,-1,0.3693018400300397
VisualCogA_Task-2,2,66,3,mechanistic,-1,-1,0.38355977913189193
VisualCogA_Task-2,2,67,3,mechanistic,1,1,0.5283710341536074
VisualCogA_Task-2,2,69,3,mechanistic,-1,-1,0.45741223766312167
VisualCogA_Task-2,2,70,3,mechanistic,-1,1,0.5038681507765923
VisualCogA_Task-2,2,71,3,mechanistic,1,-1,0.4678203966103283
VisualCogA_Task-2,2,72,3,mechanistic,1,1,0.5048097404209592
VisualCogA_Task-2,2,73,3,mechanistic,1,-1,0.46029900341602176
VisualCogA_Task-2,2,74,3,mechanistic,1,1,0.5172432601414098
VisualCogA_Task-2,2,75,3,mechanistic,-1,-1,0.4087388593860864
VisualCogA_Task-2,2,76,3,mechanistic,-1,-1,0.389093556146956
VisualCogA_Task-2,2,77,3,mechanistic,-1,-1,0.4601731446265026
VisualCogA_Task-2,2,78,3,mechanistic,1,1,0.5857086292741934
VisualCogA_Task-2,2,79,3,mechanistic,-1,-1,0.47802504124286777
VisualCogB_Task-1,1,61,3,mechanistic,-1,1,0.7076168771838606
VisualCogB_Task-1,1,62,3,mechanistic,-1,-1,0.08255197879425377
VisualCogB_Task-1,1,64,3,mechanistic,-1,-1,0.37892590527873954
VisualCogB_Task-1,1,65,3,mechanistic,-1,1,0.5109929996784095
VisualCogB_Task-1,1,66,3,mechanistic,-1,-1,0.40833603163137405
VisualCogB_Task-1,1,67,3,mechanistic,1,1,0.5624331341473399
VisualCogB_Task-1,1,68,3,mechanistic,1,-1,0.4908483874808117
VisualCogB_Task-1,1,69,3,mechanistic,-1,1,0.5363671664636629
VisualCogB_Task-1,1,70,3,mechanistic,-1,-1,0.4575160768220154
VisualCogB_Task-1,1,72,3,mechanistic,1,-1,0.36055246562296156
VisualCogB_Task-1,1,73,3,mechanistic,-1,-1,0.4405162305132438
VisualCogB_Task-1,1,74,3,mechanistic,-1,-1,0.4927797884184866
VisualCogB_Task-1,1,75,3,mechanistic,1,-1,0.26952754588464956
VisualCogB_Task-1,1,76,3,mechanistic,-1,-1,0.4330865878459277
VisualCogB_Task-1,1,77,3,mechanistic,-1,-1,0.45462877276333186
VisualCogB_Task-1,1,79,3,mechanistic,1,1,0.5910637344336801
VisualCogB_Task-1,1,80,3,mechanistic,-1,1,0.5179649529908837
VisualCogB_Task-2,2,61,3,mechanistic,-1,1,0.5225637285096346
VisualCogB_Task-2,2,62,3,mechanistic,1,-1,0.4666751629062126
VisualCogB_Task-2,2,63,3,mechanistic,-1,1,0.5566741752632984
VisualCogB_Task-2,2,64,3,mechanistic,-1,-1,0.36597680704538377
VisualCogB_Task-2,2,65,3,mechanistic,1,-1,0.213768948697293
VisualCogB_Task-2,2,67,3,mechanistic,1,1,0.6379562793614968
VisualCogB_Task-2,2,68,3,mechanistic,1,1,0.6911125059010014
VisualCogB_Task-2,2,69,3,mechanistic,-1,-1,0.49635818552014416
VisualCogB_Task-2,2,70,3,mechanistic,-1,-1,0.42880256686273127
VisualCogB_Task-2,2,71,3,mechanistic,1,1,0.5402446453480011
VisualCogB_Task-2,2,72,3,mechanistic,1,-1,0.4945100653199623
VisualCogB_Task-2,2,73,3,mechanistic,1,-1,0.498683760865351
VisualCogB_Task-2,2,74,3,mechanistic,-1,-1,0.3911587133704065
VisualCogB_Task-2,2,75,3,mechanistic,-1,-1,0.42320861541972943
VisualCogB_Task-2,2,76,3,mechanistic,1,-1,0.37880685999220204
VisualCogB_Task-2,2,77,3,mechanistic,1,-1,0.49741092200734427
VisualCogB_Task-2,2,78,3,mechanistic,-1,1,0.5112152506688281
VisualCogB_Task-2,2,80,3,mechanistic,-1,-1,0.47174122159052945
VisualCogA_Task-1,1,61,3,ecg_adjusted,1,1,0.5450254934268087
VisualCogA_Task-1,1,62,3,ecg_adjusted,-1,-1,0.4702960648905031
VisualCogA_Task-1,1,63,3,ecg_adjusted,1,-1,0.3502157237512308
VisualCogA_Task-1,1,64,3,ecg_adjusted,1,-1,0.3370785488620833
VisualCogA_Task-1,1,65,3,ecg_adjusted,-1,-1,0.4466625831382165
VisualCogA_Task-1,1,66,3,ecg_adjusted,1,-1,0.4891209811202161
VisualCogA_Task-1,1,67,3,ecg_adjusted,-1,-1,0.3636829439120742
VisualCogA_Task-1,1,68,3,ecg_adjusted,-1,-1,0.496531021440574
VisualCogA_Task-1,1,69,3,ecg_adjusted,1,-1,0.480942852707692
VisualCogA_Task-1,1,70,3,ecg_adjusted,1,-1,0.47711290949552637
VisualCogA_Task-1,1,71,3,ecg_adjusted,-1,-1,0.4688125492224857
VisualCogA_Task-1,1,72,3,ecg_adjusted,1,-1,0.4674531213629095
VisualCogA_Task-1,1,73,3,ecg_adjusted,-1,-1,0.45542710477656145
VisualCogA_Task-1,1,74,3,ecg_adjusted,1,1,0.5085908401923362
VisualCogA_Task-1,1,75,3,ecg_adjusted,-1,-1,0.46416644160260634
VisualCogA_Task-1,1,76,3,ecg_adjusted,1,-1,0.4464740977042957
VisualCogA_Task-1,1,79,3,ecg_adjusted,-1,1,0.55006000065562
VisualCogA_Task-1,1,80,3,ecg_adjusted,-1,-1,0.48309534578245644
VisualCogA_Task-2,2,61,3,ecg_adjusted,-1,1,0.5130122434432707
VisualCogA_Task-2,2,64,3,ecg_adjusted,-1,1,0.575090731161096
VisualCogA_Task-2,2,65,3,ecg_adjusted,1,-1,0.35812475522440884
VisualCogA_Task-2,2,66,3,ecg_adjusted,-1,-1,0.4105247451927031
VisualCogA_Task-2,2,67,3,ecg_adjusted,1,1,0.5447650038429778
VisualCogA_Task-2,2,69,3,ecg_adjusted,-1,-1,0.4650956156687187
VisualCogA_Task-2,2,70,3,ecg_adjusted,-1,1,0.5261407482764084
VisualCogA_Task-2,2,71,3,ecg_adjusted,1,-1,0.46802244404740756
VisualCogA_Task-2,2,72,3,ecg_adjusted,1,1,0.5395094570236065
VisualCogA_Task-2,2,73,3,ecg_adjusted,1,-1,0.46140052336860843
VisualCogA_Task-2,2,74,3,ecg_adjusted,1,1,0.5200590036821067
VisualCogA_Task-2,2,75,3,ecg_adjusted,-1,-1,0.42419788188949464
VisualCogA_Task-2,2,76,3,ecg_adjusted,-1,-1,0.4224716827142546
VisualCogA_Task-2,2,77,3,ecg_adjusted,-1,-1,0.4644025590403465
VisualCogA_Task-2,2,78,3,ecg_adjusted,1,1,0.5812612698546277
VisualCogA_Task-2,2,79,3,ecg_adjusted,-1,-1,0.47274312438285654
VisualCogB_Task-1,1,61,3,ecg_adjusted,-1,1,0.7323099207452195
VisualCogB_Task-1,1,62,3,ecg_adjusted,-1,-1,0.07870260648147867
VisualCogB_Task-1,1,64,3,ecg_adjusted,-1,-1,0.3670570681117138
VisualCogB_Task-1,1,65,3,ecg_adjusted,-1,-1,0.48657636861663983
VisualCogB_Task-1,1,66,3,ecg_adjusted,-1,-1,0.39906829454650244
VisualCogB_Task-1,1,67,3,ecg_adjusted,1,1,0.5722780442483576
VisualCogB_Task-1,1,68,3,ecg_adjusted,1,-1,0.49718629950685944
VisualCogB_Task-1,1,69,3,ecg_adjusted,-1,1,0.5426123173317022
VisualCogB_Task-1,1,70,3,ecg_adjusted,-1,-1,0.4645594996352771
VisualCogB_Task-1,1,72,3,ecg_adjusted,1,-1,0.3653659548870632
VisualCogB_Task-1,1,73,3,ecg_adjusted,-1,-1,0.4402749312237719
VisualCogB_Task-1,1,74,3,ecg_adjusted,-1,-1,0.4687879142645804
VisualCogB_Task-1,1,75,3,ecg_adjusted,1,-1,0.23867425665148845
VisualCogB_Task-1,1,76,3,ecg_adjusted,-1,-1,0.4408179858207214
VisualCogB_Task-1,1,77,3,ecg_adjusted,-1,-1,0.4429586254871867
VisualCogB_Task-1,1,79,3,ecg_adjusted,1,1,0.5797339158361693
VisualCogB_Task-1,1,80,3,ecg_adjusted,-1,1,0.5172373342143672
VisualCogB_Task-2,2,61,3,ecg_adjusted,-1,-1,0.4863567304539639
VisualCogB_Task-2,2,62,3,ecg_adjusted,1,-1,0.4812093663564026
VisualCogB_Task-2,2,63,3,ecg_adjusted,-1,1,0.5636618886243967
VisualCogB_Task-2,2,64,3,ecg_adjusted,-1,-1,0.3837754897666327
VisualCogB_Task-2,2,65,3,ecg_adjusted,1,-1,0.30387987159823626
VisualCogB_Task-2,2,67,3,ecg_adjusted,1,1,0.5928781868624645
VisualCogB_Task-2,2,68,3,ecg_adjusted,1,1,0.6898979245289111
VisualCogB_Task-2,2,69,3,ecg_adjusted,-1,-1,0.4953339275641488
VisualCogB_Task-2,2,70,3,ecg_adjusted,-1,1,0.5065173811561102
VisualCogB_Task-2,2,71,3,ecg_adjusted,1,1,0.533577699142492
VisualCogB_Task-2,2,72,3,ecg_adjusted,1,-1,0.43430905597605807
VisualCogB_Task-2,2,73,3,ecg_adjusted,1,1,0.5112397144776285
VisualCogB_Task-2,2,74,3,ecg_adjusted,-1,-1,0.39517219717966673
VisualCogB_Task-2,2,75,3,ecg_adjusted,-1,-1,0.4559931124381499
VisualCogB_Task-2,2,76,3,ecg_adjusted,1,-1,0.3971824353083758
VisualCogB_Task-2,2,77,3,ecg_adjusted,1,-1,0.4828232043347328
VisualCogB_Task-2,2,78,3,ecg_adjusted,-1,1,0.509106290800372
VisualCogB_Task-2,2,80,3,ecg_adjusted,-1,-1,0.4711087392329104
VisualCogA_Task-1,1,61,3,qc_adjusted,1,-1,0.462206262575954
VisualCogA_Task-1,1,62,3,qc_adjusted,-1,-1,0.4846756949880037
VisualCogA_Task-1,1,63,3,qc_adjusted,1,1,0.8941433206903506
VisualCogA_Task-1,1,64,3,qc_adjusted,1,-1,0.2324492818286867
VisualCogA_Task-1,1,65,3,qc_adjusted,-1,-1,0.3864687484619744
VisualCogA_Task-1,1,66,3,qc_adjusted,1,1,0.730758997039277
VisualCogA_Task-1,1,67,3,qc_adjusted,-1,-1,0.2867802184864881
VisualCogA_Task-1,1,68,3,qc_adjusted,-1,1,0.5718596540689334
VisualCogA_Task-1,1,69,3,qc_adjusted,1,-1,0.42793019647126684
VisualCogA_Task-1,1,70,3,qc_adjusted,1,-1,0.43059332265076383
VisualCogA_Task-1,1,71,3,qc_adjusted,-1,1,0.5873625500087952
VisualCogA_Task-1,1,72,3,qc_adjusted,1,-1,0.41625004906453095
VisualCogA_Task-1,1,73,3,qc_adjusted,-1,1,0.6866002141013773
VisualCogA_Task-1,1,74,3,qc_adjusted,1,1,0.870401741454839
VisualCogA_Task-1,1,75,3,qc_adjusted,-1,1,0.5971651848276308
VisualCogA_Task-1,1,76,3,qc_adjusted,1,-1,0.37535439945731547
VisualCogA_Task-1,1,79,3,qc_adjusted,-1,1,0.5009436474837159
VisualCogA_Task-1,1,80,3,qc_adjusted,-1,-1,0.4773700627629259
VisualCogA_Task-2,2,61,3,qc_adjusted,-1,-1,0.4481185147053345
VisualCogA_Task-2,2,64,3,qc_adjusted,-1,1,0.5890807318083041
VisualCogA_Task-2,2,65,3,qc_adjusted,1,-1,0.46503922571159606
VisualCogA_Task-2,2,66,3,qc_adjusted,-1,-1,0.47375962223664486
VisualCogA_Task-2,2,67,3,qc_adjusted,1,1,0.5117502424038698
VisualCogA_Task-2,2,69,3,qc_adjusted,-1,-1,0.48914977526578163
VisualCogA_Task-2,2,70,3,qc_adjusted,-1,-1,0.4872784470242027
VisualCogA_Task-2,2,71,3,qc_adjusted,1,-1,0.4962117590490028
VisualCogA_Task-2,2,72,3,qc_adjusted,1,1,0.5878009009878814
VisualCogA_Task-2,2,73,3,qc_adjusted,1,-1,0.492282441596305
VisualCogA_Task-2,2,74,3,qc_adjusted,1,-1,0.48180670205240195
VisualCogA_Task-2,2,75,3,qc_adjusted,-1,-1,0.47404487302292614
VisualCogA_Task-2,2,76,3,qc_adjusted,-1,-1,0.4800598946552775
VisualCogA_Task-2,2,77,3,qc_adjusted,-1,-1,0.4950441212993131
VisualCogA_Task-2,2,78,3,qc_adjusted,1,1,0.5398055497561626
VisualCogA_Task-2,2,79,3,qc_adjusted,-1,-1,0.4880095644731832
VisualCogB_Task-1,1,61,3,qc_adjusted,-1,1,0.7959378962747813
VisualCogB_Task-1,1,62,3,qc_adjusted,-1,-1,0.059952236732728474
VisualCogB_Task-1,1,64,3,qc_adjusted,-1,-1,0.44004320593988605
VisualCogB_Task-1,1,65,3,qc_adjusted,-1,1,0.5355965969072101
VisualCogB_Task-1,1,66,3,qc_adjusted,-1,-1,0.2601996432131438
VisualCogB_Task-1,1,67,3,qc_adjusted,1,1,0.559887188328994
VisualCogB_Task-1,1,68,3,qc_adjusted,1,1,0.562112095231793
VisualCogB_Task-1,1,69,3,qc_adjusted,-1,-1,0.39404639018829024
VisualCogB_Task-1,1,70,3,qc_adjusted,-1,-1,0.30750554444656997
VisualCogB_Task-1,1,72,3,qc_adjusted,1,-1,0.3411199220443001
VisualCogB_Task-1,1,73,3,qc_adjusted,-1,-1,0.4677469454287063
VisualCogB_Task-1,1,74,3,qc_adjusted,-1,-1,0.49550612562255314
VisualCogB_Task-1,1,75,3,qc_adjusted,1,-1,0.2138134315470026
VisualCogB_Task-1,1,76,3,qc_adjusted,-1,-1,0.41409475298433074
VisualCogB_Task-1,1,77,3,qc_adjusted,-1,-1,0.47213254256460985
VisualCogB_Task-1,1,79,3,qc_adjusted,1,1,0.5941252190699994
VisualCogB_Task-1,1,80,3,qc_adjusted,-1,1,0.5627346456114585
VisualCogB_Task-2,2,61,3,qc_adjusted,-1,1,0.5214817483561864
VisualCogB_Task-2,2,62,3,qc_adjusted,1,-1,0.484994235298826
VisualCogB_Task-2,2,63,3,qc_adjusted,-1,1,0.5216762630531485
VisualCogB_Task-2,2,64,3,qc_adjusted,-1,-1,0.4324819876108188
VisualCogB_Task-2,2,65,3,qc_adjusted,1,-1,0.2759795745089716
VisualCogB_Task-2,2,67,3,qc_adjusted,1,1,0.5765827616980436
VisualCogB_Task-2,2,68,3,qc_adjusted,1,1,0.5898771811155075
VisualCogB_Task-2,2,69,3,qc_adjusted,-1,-1,0.48951207100884386
VisualCogB_Task-2,2,70,3,qc_adjusted,-1,1,0.5311805497513262
VisualCogB_Task-2,2,71,3,qc_adjusted,1,-1,0.4785108544539592
VisualCogB_Task-2,2,72,3,qc_adjusted,1,1,0.5866304053435408
VisualCogB_Task-2,2,73,3,qc_adjusted,1,-1,0.4746925533671971
VisualCogB_Task-2,2,74,3,qc_adjusted,-1,-1,0.32328420562252236
VisualCogB_Task-2,2,75,3,qc_adjusted,-1,-1,0.45486869254239215
VisualCogB_Task-2,2,76,3,qc_adjusted,1,-1,0.35167866555617183
VisualCogB_Task-2,2,77,3,qc_adjusted,1,1,0.5567930738052564
VisualCogB_Task-2,2,78,3,qc_adjusted,-1,1,0.5400657256622811
VisualCogB_Task-2,2,80,3,qc_adjusted,-1,-1,0.4875195428718769
VisualCogA_Task-1,1,61,3,order_adjusted,1,1,0.5235547243551255
VisualCogA_Task-1,1,62,3,order_adjusted,-1,-1,0.45369396832667813
VisualCogA_Task-1,1,63,3,order_adjusted,1,-1,0.37065114659405496
VisualCogA_Task-1,1,64,3,order_adjusted,1,-1,0.3550327797519141
VisualCogA_Task-1,1,65,3,order_adjusted,-1,-1,0.4461735515410326
VisualCogA_Task-1,1,66,3,order_adjusted,1,-1,0.4849993222832835
VisualCogA_Task-1,1,67,3,order_adjusted,-1,-1,0.3789994090703108
VisualCogA_Task-1,1,68,3,order_adjusted,-1,1,0.5026446629423953
VisualCogA_Task-1,1,69,3,order_adjusted,1,-1,0.4652722586288314
VisualCogA_Task-1,1,70,3,order_adjusted,1,-1,0.4633459030587585
VisualCogA_Task-1,1,71,3,order_adjusted,-1,-1,0.48817523985945227
VisualCogA_Task-1,1,72,3,order_adjusted,1,-1,0.468138011048524
VisualCogA_Task-1,1,73,3,order_adjusted,-1,-1,0.44465736807672157
VisualCogA_Task-1,1,74,3,order_adjusted,1,1,0.5129708367297123
VisualCogA_Task-1,1,75,3,order_adjusted,-1,-1,0.40370473388974715
VisualCogA_Task-1,1,76,3,order_adjusted,1,-1,0.4270964112571884
VisualCogA_Task-1,1,79,3,order_adjusted,-1,1,0.5114675034532202
VisualCogA_Task-1,1,80,3,order_adjusted,-1,-1,0.48525864479475617
VisualCogA_Task-2,2,61,3,order_adjusted,-1,1,0.5165729258652366
VisualCogA_Task-2,2,64,3,order_adjusted,-1,1,0.5556956617753002
VisualCogA_Task-2,2,65,3,order_adjusted,1,-1,0.3849065520416425
VisualCogA_Task-2,2,66,3,order_adjusted,-1,-1,0.4093901113579521
VisualCogA_Task-2,2,67,3,order_adjusted,1,1,0.555301263454589
VisualCogA_Task-2,2,69,3,order_adjusted,-1,-1,0.4749503045674016
VisualCogA_Task-2,2,70,3,order_adjusted,-1,1,0.5171969648456708
VisualCogA_Task-2,2,71,3,order_adjusted,1,-1,0.4684992873268111
VisualCogA_Task-2,2,72,3,order_adjusted,1,1,0.536476208554279
VisualCogA_Task-2,2,73,3,order_adjusted,1,-1,0.4780611749272862
VisualCogA_Task-2,2,74,3,order_adjusted,1,1,0.5246459244645286
VisualCogA_Task-2,2,75,3,order_adjusted,-1,-1,0.44924406474103873
VisualCogA_Task-2,2,76,3,order_adjusted,-1,-1,0.4350246645245076
VisualCogA_Task-2,2,77,3,order_adjusted,-1,-1,0.47880525973001636
VisualCogA_Task-2,2,78,3,order_adjusted,1,1,0.581097150171619
VisualCogA_Task-2,2,79,3,order_adjusted,-1,-1,0.49266562858972224
VisualCogB_Task-1,1,61,3,order_adjusted,-1,1,0.7290703482236166
VisualCogB_Task-1,1,62,3,order_adjusted,-1,-1,0.10173513603760281
VisualCogB_Task-1,1,64,3,order_adjusted,-1,-1,0.3934015247926319
VisualCogB_Task-1,1,65,3,order_adjusted,-1,1,0.5018827334599734
VisualCogB_Task-1,1,66,3,order_adjusted,-1,-1,0.4630396725714741
VisualCogB_Task-1,1,67,3,order_adjusted,1,1,0.5666573202277695
VisualCogB_Task-1,1,68,3,order_adjusted,1,1,0.5017037399868337
VisualCogB_Task-1,1,69,3,order_adjusted,-1,1,0.5416231518850145
VisualCogB_Task-1,1,70,3,order_adjusted,-1,-1,0.4688711831078355
VisualCogB_Task-1,1,72,3,order_adjusted,1,-1,0.353282188409827
VisualCogB_Task-1,1,73,3,order_adjusted,-1,-1,0.45352519399744207
VisualCogB_Task-1,1,74,3,order_adjusted,-1,1,0.5087081593557228
VisualCogB_Task-1,1,75,3,order_adjusted,1,-1,0.2823102215325674
VisualCogB_Task-1,1,76,3,order_adjusted,-1,-1,0.459929961964262
VisualCogB_Task-1,1,77,3,order_adjusted,-1,-1,0.46989183375593363
VisualCogB_Task-1,1,79,3,order_adjusted,1,1,0.6011420440109412
VisualCogB_Task-1,1,80,3,order_adjusted,-1,1,0.5083874485991728
VisualCogB_Task-2,2,61,3,order_adjusted,-1,1,0.5007202518445675
VisualCogB_Task-2,2,62,3,order_adjusted,1,-1,0.49001243638792946
VisualCogB_Task-2,2,63,3,order_adjusted,-1,1,0.557176917655927
VisualCogB_Task-2,2,64,3,order_adjusted,-1,-1,0.40782552328113064
VisualCogB_Task-2,2,65,3,order_adjusted,1,-1,0.3331430882042222
VisualCogB_Task-2,2,67,3,order_adjusted,1,1,0.5982081131518364
VisualCogB_Task-2,2,68,3,order_adjusted,1,1,0.6716990448823196
VisualCogB_Task-2,2,69,3,order_adjusted,-1,1,0.510026945168084
VisualCogB_Task-2,2,70,3,order_adjusted,-1,1,0.505028480963976
VisualCogB_Task-2,2,71,3,order_adjusted,1,1,0.534906148111699
VisualCogB_Task-2,2,72,3,order_adjusted,1,-1,0.4545776858154384
VisualCogB_Task-2,2,73,3,order_adjusted,1,1,0.5137174138922147
VisualCogB_Task-2,2,74,3,order_adjusted,-1,-1,0.4135648109542314
VisualCogB_Task-2,2,75,3,order_adjusted,-1,-1,0.4690042091864378
VisualCogB_Task-2,2,76,3,order_adjusted,1,-1,0.40946344145354774
VisualCogB_Task-2,2,77,3,order_adjusted,1,-1,0.4956414940331267
VisualCogB_Task-2,2,78,3,order_adjusted,-1,1,0.5158763480584998
VisualCogB_Task-2,2,80,3,order_adjusted,-1,-1,0.4871427018586616
VisualCogA_Task-1,1,61,3,all_adjusted,1,-1,0.4864049381742032
VisualCogA_Task-1,1,62,3,all_adjusted,-1,1,0.5251429335223362
VisualCogA_Task-1,1,63,3,all_adjusted,1,1,0.8976027846842647
VisualCogA_Task-1,1,64,3,all_adjusted,1,-1,0.2090380863851714
VisualCogA_Task-1,1,65,3,all_adjusted,-1,-1,0.38735670340588657
VisualCogA_Task-1,1,66,3,all_adjusted,1,1,0.713925267682879
VisualCogA_Task-1,1,67,3,all_adjusted,-1,-1,0.2840773107664014
VisualCogA_Task-1,1,68,3,all_adjusted,-1,1,0.6244599483686781
VisualCogA_Task-1,1,69,3,all_adjusted,1,-1,0.47430596696040805
VisualCogA_Task-1,1,70,3,all_adjusted,1,-1,0.41176943803947563
VisualCogA_Task-1,1,71,3,all_adjusted,-1,1,0.5527301588305491
VisualCogA_Task-1,1,72,3,all_adjusted,1,-1,0.35521925739505916
VisualCogA_Task-1,1,73,3,all_adjusted,-1,1,0.661460910669454
VisualCogA_Task-1,1,74,3,all_adjusted,1,1,0.8433240950416987
VisualCogA_Task-1,1,75,3,all_adjusted,-1,1,0.5642062794529493
VisualCogA_Task-1,1,76,3,all_adjusted,1,-1,0.3849946482631474
VisualCogA_Task-1,1,79,3,all_adjusted,-1,1,0.5219540305543267
VisualCogA_Task-1,1,80,3,all_adjusted,-1,-1,0.44340809920889224
VisualCogA_Task-2,2,61,3,all_adjusted,-1,-1,0.4464440855874252
VisualCogA_Task-2,2,64,3,all_adjusted,-1,1,0.6274433545062373
VisualCogA_Task-2,2,65,3,all_adjusted,1,-1,0.4202637980950437
VisualCogA_Task-2,2,66,3,all_adjusted,-1,-1,0.4865960333822514
VisualCogA_Task-2,2,67,3,all_adjusted,1,-1,0.47089092536267557
VisualCogA_Task-2,2,69,3,all_adjusted,-1,-1,0.4853768349095151
VisualCogA_Task-2,2,70,3,all_adjusted,-1,-1,0.49995251924031237
VisualCogA_Task-2,2,71,3,all_adjusted,1,1,0.5222471139863386
VisualCogA_Task-2,2,72,3,all_adjusted,1,1,0.606607221327422
VisualCogA_Task-2,2,73,3,all_adjusted,1,-1,0.4787240944851045
VisualCogA_Task-2,2,74,3,all_adjusted,1,-1,0.47076073480465486
VisualCogA_Task-2,2,75,3,all_adjusted,-1,-1,0.42415961274702185
VisualCogA_Task-2,2,76,3,all_adjusted,-1,-1,0.47482024319460153
VisualCogA_Task-2,2,77,3,all_adjusted,-1,-1,0.48422427561154524
VisualCogA_Task-2,2,78,3,all_adjusted,1,1,0.5272385563023454
VisualCogA_Task-2,2,79,3,all_adjusted,-1,-1,0.4626797355932735
VisualCogB_Task-1,1,61,3,all_adjusted,-1,1,0.836680846596583
VisualCogB_Task-1,1,62,3,all_adjusted,-1,-1,0.03984862320507677
VisualCogB_Task-1,1,64,3,all_adjusted,-1,-1,0.4187957855618931
VisualCogB_Task-1,1,65,3,all_adjusted,-1,1,0.5211977994356785
VisualCogB_Task-1,1,66,3,all_adjusted,-1,-1,0.1880264628011987
VisualCogB_Task-1,1,67,3,all_adjusted,1,1,0.587129262165379
VisualCogB_Task-1,1,68,3,all_adjusted,1,1,0.5866003838532589
VisualCogB_Task-1,1,69,3,all_adjusted,-1,-1,0.3673738810601132
VisualCogB_Task-1,1,70,3,all_adjusted,-1,-1,0.2981245789726416
VisualCogB_Task-1,1,72,3,all_adjusted,1,-1,0.3558454778813848
VisualCogB_Task-1,1,73,3,all_adjusted,-1,-1,0.47465869608332095
VisualCogB_Task-1,1,74,3,all_adjusted,-1,-1,0.45968086443701645
VisualCogB_Task-1,1,75,3,all_adjusted,1,-1,0.19093951383012722
VisualCogB_Task-1,1,76,3,all_adjusted,-1,-1,0.4284676862925221
VisualCogB_Task-1,1,77,3,all_adjusted,-1,-1,0.450414950461125
VisualCogB_Task-1,1,79,3,all_adjusted,1,1,0.597707051228518
VisualCogB_Task-1,1,80,3,all_adjusted,-1,1,0.5991329300221795
VisualCogB_Task-2,2,61,3,all_adjusted,-1,1,0.5047741750301303
VisualCogB_Task-2,2,62,3,all_adjusted,1,1,0.501953747021899
VisualCogB_Task-2,2,63,3,all_adjusted,-1,1,0.5141818413995614
VisualCogB_Task-2,2,64,3,all_adjusted,-1,-1,0.4016875936613537
VisualCogB_Task-2,2,65,3,all_adjusted,1,-1,0.24804651158593968
VisualCogB_Task-2,2,67,3,all_adjusted,1,1,0.5818562560265307
VisualCogB_Task-2,2,68,3,all_adjusted,1,1,0.5976111550981763
VisualCogB_Task-2,2,69,3,all_adjusted,-1,-1,0.4792501933004486
VisualCogB_Task-2,2,70,3,all_adjusted,-1,1,0.545780390433709
VisualCogB_Task-2,2,71,3,all_adjusted,1,-1,0.49979608885218413
VisualCogB_Task-2,2,72,3,all_adjusted,1,1,0.5946128383231877
VisualCogB_Task-2,2,73,3,all_adjusted,1,-1,0.4843354621644807
VisualCogB_Task-2,2,74,3,all_adjusted,-1,-1,0.3021026266100068
VisualCogB_Task-2,2,75,3,all_adjusted,-1,-1,0.4520007696659902
VisualCogB_Task-2,2,76,3,all_adjusted,1,-1,0.3637168335649002
VisualCogB_Task-2,2,77,3,all_adjusted,1,1,0.5515638387873939
VisualCogB_Task-2,2,78,3,all_adjusted,-1,1,0.5275908475972368
VisualCogB_Task-2,2,80,3,all_adjusted,-1,1,0.5059673147139588
VisualCogA_Task-1,1,61,3,prestim_only,1,-1,0.48318395543885534
VisualCogA_Task-1,1,62,3,prestim_only,-1,-1,0.48179673410225965
VisualCogA_Task-1,1,63,3,prestim_only,1,-1,0.478989997280018
VisualCogA_Task-1,1,64,3,prestim_only,1,1,0.5289448276834325
VisualCogA_Task-1,1,65,3,prestim_only,-1,-1,0.4502709057525494
VisualCogA_Task-1,1,66,3,prestim_only,1,-1,0.4569956010489144
VisualCogA_Task-1,1,67,3,prestim_only,-1,1,0.523982131752889
VisualCogA_Task-1,1,68,3,prestim_only,-1,1,0.504461136844032
VisualCogA_Task-1,1,69,3,prestim_only,1,-1,0.43199117614255267
VisualCogA_Task-1,1,70,3,prestim_only,1,-1,0.49116363501720706
VisualCogA_Task-1,1,71,3,prestim_only,-1,1,0.6088313863920124
VisualCogA_Task-1,1,72,3,prestim_only,1,-1,0.4635950482736502
VisualCogA_Task-1,1,73,3,prestim_only,-1,-1,0.47340261969657926
VisualCogA_Task-1,1,74,3,prestim_only,1,1,0.5499244879031412
VisualCogA_Task-1,1,75,3,prestim_only,-1,-1,0.42286599026344424
VisualCogA_Task-1,1,76,3,prestim_only,1,-1,0.4718297443250657
VisualCogA_Task-1,1,79,3,prestim_only,-1,1,0.5669100316626913
VisualCogA_Task-1,1,80,3,prestim_only,-1,-1,0.4919299257936797
VisualCogA_Task-2,2,61,3,prestim_only,-1,1,0.6054701975570301
VisualCogA_Task-2,2,64,3,prestim_only,-1,1,0.5592894164062777
VisualCogA_Task-2,2,65,3,prestim_only,1,-1,0.36595404484908123
VisualCogA_Task-2,2,66,3,prestim_only,-1,-1,0.48978690958642396
VisualCogA_Task-2,2,67,3,prestim_only,1,1,0.5744509364427469
VisualCogA_Task-2,2,69,3,prestim_only,-1,1,0.5053003606337343
VisualCogA_Task-2,2,70,3,prestim_only,-1,-1,0.365020674150312
VisualCogA_Task-2,2,71,3,prestim_only,1,-1,0.44480216756625107
VisualCogA_Task-2,2,72,3,prestim_only,1,1,0.5339298921923898
VisualCogA_Task-2,2,73,3,prestim_only,1,-1,0.46777968209618676
VisualCogA_Task-2,2,74,3,prestim_only,1,1,0.5312324346547665
VisualCogA_Task-2,2,75,3,prestim_only,-1,1,0.56850054158488
VisualCogA_Task-2,2,76,3,prestim_only,-1,-1,0.4270548510695928
VisualCogA_Task-2,2,77,3,prestim_only,-1,-1,0.4098456530801093
VisualCogA_Task-2,2,78,3,prestim_only,1,1,0.553120533223796
VisualCogA_Task-2,2,79,3,prestim_only,-1,-1,0.40849138603709473
VisualCogB_Task-1,1,61,3,prestim_only,-1,1,0.7289839518426856
VisualCogB_Task-1,1,62,3,prestim_only,-1,1,0.5044718771207383
VisualCogB_Task-1,1,64,3,prestim_only,-1,-1,0.49346568678357094
VisualCogB_Task-1,1,65,3,prestim_only,-1,-1,0.4325623084122101
VisualCogB_Task-1,1,66,3,prestim_only,-1,-1,0.46641196648241107
VisualCogB_Task-1,1,67,3,prestim_only,1,-1,0.46238011328499395
VisualCogB_Task-1,1,68,3,prestim_only,1,-1,0.46758500913811124
VisualCogB_Task-1,1,69,3,prestim_only,-1,1,0.64524156801068
VisualCogB_Task-1,1,70,3,prestim_only,-1,-1,0.4721854130127052
VisualCogB_Task-1,1,72,3,prestim_only,1,-1,0.4776024646461055
VisualCogB_Task-1,1,73,3,prestim_only,-1,-1,0.47359400106394994
VisualCogB_Task-1,1,74,3,prestim_only,-1,1,0.5267409699937659
VisualCogB_Task-1,1,75,3,prestim_only,1,-1,0.4611272453686339
VisualCogB_Task-1,1,76,3,prestim_only,-1,1,0.507061632652119
VisualCogB_Task-1,1,77,3,prestim_only,-1,1,0.5058420674019574
VisualCogB_Task-1,1,79,3,prestim_only,1,1,0.5174115822915699
VisualCogB_Task-1,1,80,3,prestim_only,-1,1,0.501609592642358
VisualCogB_Task-2,2,61,3,prestim_only,-1,-1,0.4695756933412312
VisualCogB_Task-2,2,62,3,prestim_only,1,-1,0.49259379591417723
VisualCogB_Task-2,2,63,3,prestim_only,-1,1,0.5152792931515265
VisualCogB_Task-2,2,64,3,prestim_only,-1,-1,0.47673307662278425
VisualCogB_Task-2,2,65,3,prestim_only,1,-1,0.47576565013388267
VisualCogB_Task-2,2,67,3,prestim_only,1,1,0.5606270528536934
VisualCogB_Task-2,2,68,3,prestim_only,1,1,0.5799729695242989
VisualCogB_Task-2,2,69,3,prestim_only,-1,1,0.5110184063081512
VisualCogB_Task-2,2,70,3,prestim_only,-1,1,0.5015783028436972
VisualCogB_Task-2,2,71,3,prestim_only,1,1,0.5200103627064168
VisualCogB_Task-2,2,72,3,prestim_only,1,-1,0.4591141193765627
VisualCogB_Task-2,2,73,3,prestim_only,1,-1,0.49037065731120044
VisualCogB_Task-2,2,74,3,prestim_only,-1,-1,0.45741458530084966
VisualCogB_Task-2,2,75,3,prestim_only,-1,1,0.5214230161923765
VisualCogB_Task-2,2,76,3,prestim_only,1,-1,0.4859290974630676
VisualCogB_Task-2,2,77,3,prestim_only,1,1,0.506483139158903
VisualCogB_Task-2,2,78,3,prestim_only,-1,1,0.5392763511880174
VisualCogB_Task-2,2,80,3,prestim_only,-1,-1,0.45165266766981343
VisualCogA_Task-1,1,81,4,main,-1,1,0.5537463259013811
VisualCogA_Task-1,1,82,4,main,1,-1,0.4882788742130075
VisualCogA_Task-1,1,83,4,main,-1,1,0.5917489660325932
VisualCogA_Task-1,1,84,4,main,1,1,0.5127381406688157
VisualCogA_Task-1,1,85,4,main,-1,-1,0.41611214266567254
VisualCogA_Task-1,1,86,4,main,1,-1,0.37643312901095627
VisualCogA_Task-1,1,87,4,main,1,1,0.5447411856531349
VisualCogA_Task-1,1,89,4,main,1,-1,0.4761706904338573
VisualCogA_Task-1,1,90,4,main,1,1,0.5574992955735693
VisualCogA_Task-1,1,91,4,main,-1,-1,0.3249582583684466
VisualCogA_Task-1,1,92,4,main,1,-1,0.3993840516486274
VisualCogA_Task-1,1,93,4,main,1,1,0.5696531231643167
VisualCogA_Task-1,1,94,4,main,1,1,0.5265120034979637
VisualCogA_Task-1,1,95,4,main,-1,1,0.6234191653829113
VisualCogA_Task-1,1,96,4,main,1,1,0.556768820094042
VisualCogA_Task-1,1,97,4,main,1,-1,0.4160171744457436
VisualCogA_Task-1,1,99,4,main,-1,1,0.565467438711074
VisualCogA_Task-1,1,100,4,main,1,-1,0.44766893853329814
VisualCogA_Task-2,2,81,4,main,-1,-1,0.31632570356856254
VisualCogA_Task-2,2,82,4,main,1,1,0.5406837531771768
VisualCogA_Task-2,2,83,4,main,1,1,0.508463565851765
VisualCogA_Task-2,2,84,4,main,-1,1,0.5338670960801404
VisualCogA_Task-2,2,85,4,main,1,-1,0.47343069802004367
VisualCogA_Task-2,2,87,4,main,-1,1,0.5133082488892413
VisualCogA_Task-2,2,88,4,main,1,1,0.6406028823720525
VisualCogA_Task-2,2,89,4,main,-1,-1,0.470243592932349
VisualCogA_Task-2,2,90,4,main,-1,-1,0.49024297125323113
VisualCogA_Task-2,2,91,4,main,-1,-1,0.4564636346147912
VisualCogA_Task-2,2,92,4,main,-1,-1,0.45696841185115195
VisualCogA_Task-2,2,93,4,main,1,-1,0.47762098110327456
VisualCogA_Task-2,2,94,4,main,-1,-1,0.29753431141594233
VisualCogA_Task-2,2,95,4,main,-1,-1,0.4446342973265642
VisualCogA_Task-2,2,96,4,main,-1,1,0.5086069907434312
VisualCogA_Task-2,2,97,4,main,-1,-1,0.4682554004622678
VisualCogA_Task-2,2,98,4,main,-1,-1,0.4209563666749524
VisualCogA_Task-2,2,99,4,main,-1,-1,0.4943122012641733
VisualCogA_Task-2,2,100,4,main,-1,1,0.5483211723142627
VisualCogB_Task-1,1,81,4,main,-1,1,0.5519605803278267
VisualCogB_Task-1,1,82,4,main,1,-1,0.4771565678417683
VisualCogB_Task-1,1,83,4,main,-1,-1,0.49083655235687973
VisualCogB_Task-1,1,84,4,main,-1,-1,0.490972132006444
VisualCogB_Task-1,1,86,4,main,-1,-1,0.48210300793156374
VisualCogB_Task-1,1,87,4,main,-1,-1,0.49674137554215897
VisualCogB_Task-1,1,89,4,main,-1,-1,0.4838679906927973
VisualCogB_Task-1,1,90,4,main,-1,1,0.5478576116109288
VisualCogB_Task-1,1,91,4,main,1,-1,0.4951366682354698
VisualCogB_Task-1,1,93,4,main,-1,-1,0.4854722434671875
VisualCogB_Task-1,1,94,4,main,1,1,0.5059606357199589
VisualCogB_Task-1,1,95,4,main,-1,-1,0.4891776714202545
VisualCogB_Task-1,1,96,4,main,1,-1,0.48930838467828475
VisualCogB_Task-1,1,98,4,main,1,1,0.5110217752110576
VisualCogB_Task-1,1,99,4,main,1,-1,0.46733930525919004
VisualCogB_Task-1,1,100,4,main,1,-1,0.32076201390350795
VisualCogB_Task-2,2,81,4,main,1,1,0.5346761143578834
VisualCogB_Task-2,2,83,4,main,1,1,0.5481367807704277
VisualCogB_Task-2,2,84,4,main,-1,1,0.5703277875826348
VisualCogB_Task-2,2,86,4,main,1,1,0.5236946271712466
VisualCogB_Task-2,2,87,4,main,-1,-1,0.3990237772428455
VisualCogB_Task-2,2,88,4,main,1,1,0.600926175919761
VisualCogB_Task-2,2,89,4,main,-1,1,0.6599288576938382
VisualCogB_Task-2,2,90,4,main,1,-1,0.4748380099384795
VisualCogB_Task-2,2,91,4,main,-1,1,0.6238590461453425
VisualCogB_Task-2,2,92,4,main,-1,-1,0.49115379127981174
VisualCogB_Task-2,2,93,4,main,1,-1,0.4928019027268727
VisualCogB_Task-2,2,94,4,main,-1,1,0.5220656399679415
VisualCogB_Task-2,2,95,4,main,1,1,0.5598146772895349
VisualCogB_Task-2,2,96,4,main,1,-1,0.4727345937529883
VisualCogB_Task-2,2,97,4,main,-1,1,0.5871845059971754
VisualCogB_Task-2,2,98,4,main,-1,1,0.5036373356840478
VisualCogB_Task-2,2,99,4,main,1,-1,0.4610706215046128
VisualCogB_Task-2,2,100,4,main,-1,1,0.5507579095148566
VisualCogA_Task-1,1,81,4,record_lda,-1,1,0.5823977811863233
VisualCogA_Task-1,1,82,4,record_lda,1,-1,0.472436786639412
VisualCogA_Task-1,1,83,4,record_lda,-1,1,0.6415116015657374
VisualCogA_Task-1,1,84,4,record_lda,1,1,0.521299100183686
VisualCogA_Task-1,1,85,4,record_lda,-1,-1,0.3544157267053434
VisualCogA_Task-1,1,86,4,record_lda,1,-1,0.2797701884435344
VisualCogA_Task-1,1,87,4,record_lda,1,1,0.5710000623488428
VisualCogA_Task-1,1,89,4,record_lda,1,-1,0.457782863217767
VisualCogA_Task-1,1,90,4,record_lda,1,1,0.5982676053082525
VisualCogA_Task-1,1,91,4,record_lda,-1,-1,0.234377271062862
VisualCogA_Task-1,1,92,4,record_lda,1,-1,0.3225143468451894
VisualCogA_Task-1,1,93,4,record_lda,1,1,0.6173858166273086
VisualCogA_Task-1,1,94,4,record_lda,1,1,0.5375942101657357
VisualCogA_Task-1,1,95,4,record_lda,-1,1,0.7030048470949681
VisualCogA_Task-1,1,96,4,record_lda,1,1,0.5958748020536736
VisualCogA_Task-1,1,97,4,record_lda,1,-1,0.36140367073128304
VisualCogA_Task-1,1,99,4,record_lda,-1,1,0.604117698460011
VisualCogA_Task-1,1,100,4,record_lda,1,-1,0.4097888399153502
VisualCogA_Task-2,2,81,4,record_lda,-1,-1,0.24805579468509487
VisualCogA_Task-2,2,82,4,record_lda,1,1,0.6259119124045952
VisualCogA_Task-2,2,83,4,record_lda,1,-1,0.463860814282743
VisualCogA_Task-2,2,84,4,record_lda,-1,1,0.5770650736865109
VisualCogA_Task-2,2,85,4,record_lda,1,-1,0.4205054246642678
VisualCogA_Task-2,2,87,4,record_lda,-1,-1,0.4361326171042841
VisualCogA_Task-2,2,88,4,record_lda,1,1,0.7855047685543273
VisualCogA_Task-2,2,89,4,record_lda,-1,-1,0.4101931079700695
VisualCogA_Task-2,2,90,4,record_lda,-1,-1,0.4035920624148051
VisualCogA_Task-2,2,91,4,record_lda,-1,-1,0.4048589745208477
VisualCogA_Task-2,2,92,4,record_lda,-1,-1,0.40866214179634724
VisualCogA_Task-2,2,93,4,record_lda,1,-1,0.432365737963365
VisualCogA_Task-2,2,94,4,record_lda,-1,-1,0.12780994793838726
VisualCogA_Task-2,2,95,4,record_lda,-1,-1,0.4717418182125968
VisualCogA_Task-2,2,96,4,record_lda,-1,1,0.5099704313022588
VisualCogA_Task-2,2,97,4,record_lda,-1,-1,0.4175848973071701
VisualCogA_Task-2,2,98,4,record_lda,-1,-1,0.35396934161137694
VisualCogA_Task-2,2,99,4,record_lda,-1,-1,0.48299391567987804
VisualCogA_Task-2,2,100,4,record_lda,-1,1,0.598435045446471
VisualCogB_Task-1,1,81,4,record_lda,-1,1,0.5660448283626462
VisualCogB_Task-1,1,82,4,record_lda,1,-1,0.4349227201498885
VisualCogB_Task-1,1,83,4,record_lda,-1,-1,0.4881974108909529
VisualCogB_Task-1,1,84,4,record_lda,-1,-1,0.4890530945746489
VisualCogB_Task-1,1,86,4,record_lda,-1,-1,0.4658361134527764
VisualCogB_Task-1,1,87,4,record_lda,-1,-1,0.4913080570496598
VisualCogB_Task-1,1,89,4,record_lda,-1,-1,0.48659191968506466
VisualCogB_Task-1,1,90,4,record_lda,-1,1,0.5428358182813209
VisualCogB_Task-1,1,91,4,record_lda,1,1,0.5025565762883497
VisualCogB_Task-1,1,93,4,record_lda,-1,-1,0.4632842152594355
VisualCogB_Task-1,1,94,4,record_lda,1,1,0.502575440234593
VisualCogB_Task-1,1,95,4,record_lda,-1,-1,0.4830881048302805
VisualCogB_Task-1,1,96,4,record_lda,1,-1,0.48935685774637777
VisualCogB_Task-1,1,98,4,record_lda,1,1,0.5295400233871014
VisualCogB_Task-1,1,99,4,record_lda,1,-1,0.4323889290364289
VisualCogB_Task-1,1,100,4,record_lda,1,-1,0.299671581911237
VisualCogB_Task-2,2,81,4,record_lda,1,1,0.5524209682199246
VisualCogB_Task-2,2,83,4,record_lda,1,1,0.5170369042770137
VisualCogB_Task-2,2,84,4,record_lda,-1,1,0.604382647389357
VisualCogB_Task-2,2,86,4,record_lda,1,1,0.5147197175839009
VisualCogB_Task-2,2,87,4,record_lda,-1,-1,0.30673213882066463
VisualCogB_Task-2,2,88,4,record_lda,1,1,0.6629076667790882
VisualCogB_Task-2,2,89,4,record_lda,-1,1,0.7827912728412503
VisualCogB_Task-2,2,90,4,record_lda,1,-1,0.4768866324230883
VisualCogB_Task-2,2,91,4,record_lda,-1,1,0.776867599764697
VisualCogB_Task-2,2,92,4,record_lda,-1,-1,0.4442453129271922
VisualCogB_Task-2,2,93,4,record_lda,1,-1,0.48854999919499786
VisualCogB_Task-2,2,94,4,record_lda,-1,1,0.5130787087814036
VisualCogB_Task-2,2,95,4,record_lda,1,1,0.5696829831789013
VisualCogB_Task-2,2,96,4,record_lda,1,-1,0.40801921862069657
VisualCogB_Task-2,2,97,4,record_lda,-1,1,0.640761419243453
VisualCogB_Task-2,2,98,4,record_lda,-1,-1,0.4623839572106971
VisualCogB_Task-2,2,99,4,record_lda,1,-1,0.4512210843056847
VisualCogB_Task-2,2,100,4,record_lda,-1,1,0.5918883574983409
VisualCogA_Task-1,1,81,4,pooled,-1,1,0.5421285709355648
VisualCogA_Task-1,1,82,4,pooled,1,-1,0.4695774335035009
VisualCogA_Task-1,1,83,4,pooled,-1,1,0.5425289416560364
VisualCogA_Task-1,1,84,4,pooled,1,1,0.5777212368020328
VisualCogA_Task-1,1,85,4,pooled,-1,1,0.5142452965324646
VisualCogA_Task-1,1,86,4,pooled,1,-1,0.435217855883667
VisualCogA_Task-1,1,87,4,pooled,1,1,0.5283204478593597
VisualCogA_Task-1,1,89,4,pooled,1,1,0.5055376442281526
VisualCogA_Task-1,1,90,4,pooled,1,1,0.5219496597907171
VisualCogA_Task-1,1,91,4,pooled,-1,1,0.5482326832474509
VisualCogA_Task-1,1,92,4,pooled,1,-1,0.4807537432810868
VisualCogA_Task-1,1,93,4,pooled,1,1,0.530188354669557
VisualCogA_Task-1,1,94,4,pooled,1,1,0.5066062247573468
VisualCogA_Task-1,1,95,4,pooled,-1,1,0.571716546488523
VisualCogA_Task-1,1,96,4,pooled,1,1,0.5210236781163339
VisualCogA_Task-1,1,97,4,pooled,1,-1,0.4802754523174968
VisualCogA_Task-1,1,99,4,pooled,-1,1,0.5289199673811674
VisualCogA_Task-1,1,100,4,pooled,1,-1,0.4869671830843778
VisualCogB_Task-1,1,81,4,pooled,-1,-1,0.4704832139681566
VisualCogB_Task-1,1,82,4,pooled,1,-1,0.46743129917491605
VisualCogB_Task-1,1,83,4,pooled,-1,-1,0.45683227363266865
VisualCogB_Task-1,1,84,4,pooled,-1,1,0.5013912970367965
VisualCogB_Task-1,1,86,4,pooled,-1,-1,0.48577987430229524
VisualCogB_Task-1,1,87,4,pooled,-1,-1,0.49609817680508106
VisualCogB_Task-1,1,89,4,pooled,-1,-1,0.49019174999076864
VisualCogB_Task-1,1,90,4,pooled,-1,-1,0.4608749286718242
VisualCogB_Task-1,1,91,4,pooled,1,1,0.5064195688450072
VisualCogB_Task-1,1,93,4,pooled,-1,1,0.5046311117044606
VisualCogB_Task-1,1,94,4,pooled,1,-1,0.4987172588762676
VisualCogB_Task-1,1,95,4,pooled,-1,1,0.5011333648204008
VisualCogB_Task-1,1,96,4,pooled,1,1,0.5056311478191725
VisualCogB_Task-1,1,98,4,pooled,1,1,0.5216514960190458
VisualCogB_Task-1,1,99,4,pooled,1,-1,0.47959927007970277
VisualCogB_Task-1,1,100,4,pooled,1,1,0.521761519279889
VisualCogA_Task-2,2,81,4,pooled,-1,-1,0.3544449402758703
VisualCogA_Task-2,2,82,4,pooled,1,-1,0.497264909853492
VisualCogA_Task-2,2,83,4,pooled,1,1,0.5039818518326648
VisualCogA_Task-2,2,84,4,pooled,-1,1,0.529277629455989
VisualCogA_Task-2,2,85,4,pooled,1,-1,0.4548454729605668
VisualCogA_Task-2,2,87,4,pooled,-1,1,0.5938266941675635
VisualCogA_Task-2,2,88,4,pooled,1,1,0.7590260356988336
VisualCogA_Task-2,2,89,4,pooled,-1,-1,0.4471433241830621
VisualCogA_Task-2,2,90,4,pooled,-1,1,0.5433648183206531
VisualCogA_Task-2,2,91,4,pooled,-1,-1,0.46880379549717444
VisualCogA_Task-2,2,92,4,pooled,-1,-1,0.455594357684131
VisualCogA_Task-2,2,93,4,pooled,1,-1,0.4952373174004249
VisualCogA_Task-2,2,94,4,pooled,-1,-1,0.1895215529530673
VisualCogA_Task-2,2,95,4,pooled,-1,-1,0.4557763915454245
VisualCogA_Task-2,2,96,4,pooled,-1,-1,0.4788532447176332
VisualCogA_Task-2,2,97,4,pooled,-1,-1,0.4738367290091957
VisualCogA_Task-2,2,98,4,pooled,-1,-1,0.4127511562775943
VisualCogA_Task-2,2,99,4,pooled,-1,-1,0.455454508688728
VisualCogA_Task-2,2,100,4,pooled,-1,1,0.5666047347386131
VisualCogB_Task-2,2,81,4,pooled,1,1,0.5010354645908093
VisualCogB_Task-2,2,83,4,pooled,1,1,0.5418269690647582
VisualCogB_Task-2,2,84,4,pooled,-1,1,0.5399629368178959
VisualCogB_Task-2,2,86,4,pooled,1,1,0.5055681625280994
VisualCogB_Task-2,2,87,4,pooled,-1,-1,0.4820363639932095
VisualCogB_Task-2,2,88,4,pooled,1,1,0.5674376002903446
VisualCogB_Task-2,2,89,4,pooled,-1,1,0.5425353770660147
VisualCogB_Task-2,2,90,4,pooled,1,-1,0.48478269577632266
VisualCogB_Task-2,2,91,4,pooled,-1,-1,0.47907819380007577
VisualCogB_Task-2,2,92,4,pooled,-1,-1,0.4927515876490081
VisualCogB_Task-2,2,93,4,pooled,1,-1,0.49731948994635916
VisualCogB_Task-2,2,94,4,pooled,-1,1,0.5011418365407083
VisualCogB_Task-2,2,95,4,pooled,1,1,0.5171413570243351
VisualCogB_Task-2,2,96,4,pooled,1,-1,0.42871509990750073
VisualCogB_Task-2,2,97,4,pooled,-1,1,0.5418464122801333
VisualCogB_Task-2,2,98,4,pooled,-1,1,0.5013031366014595
VisualCogB_Task-2,2,99,4,pooled,1,1,0.5054548493478184
VisualCogB_Task-2,2,100,4,pooled,-1,-1,0.4983008761397483
VisualCogA_Task-1,1,81,4,qc_weighted,-1,1,0.5788429090617154
VisualCogA_Task-1,1,82,4,qc_weighted,1,1,0.5339028995594107
VisualCogA_Task-1,1,83,4,qc_weighted,-1,1,0.6222106562121652
VisualCogA_Task-1,1,84,4,qc_weighted,1,1,0.6076679640045604
VisualCogA_Task-1,1,85,4,qc_weighted,-1,-1,0.33100196414506383
VisualCogA_Task-1,1,86,4,qc_weighted,1,-1,0.30934055590040116
VisualCogA_Task-1,1,87,4,qc_weighted,1,1,0.5859083525244387
VisualCogA_Task-1,1,89,4,qc_weighted,1,-1,0.443602464989636
VisualCogA_Task-1,1,90,4,qc_weighted,1,1,0.6212954706663996
VisualCogA_Task-1,1,91,4,qc_weighted,-1,-1,0.2914238429782425
VisualCogA_Task-1,1,92,4,qc_weighted,1,-1,0.33485778845257813
VisualCogA_Task-1,1,93,4,qc_weighted,1,1,0.6285668884764148
VisualCogA_Task-1,1,94,4,qc_weighted,1,1,0.5984187733971393
VisualCogA_Task-1,1,95,4,qc_weighted,-1,1,0.7186822942204315
VisualCogA_Task-1,1,96,4,qc_weighted,1,1,0.6177202206645298
VisualCogA_Task-1,1,97,4,qc_weighted,1,-1,0.4163500753833956
VisualCogA_Task-1,1,99,4,qc_weighted,-1,1,0.6159570802260887
VisualCogA_Task-1,1,100,4,qc_weighted,1,-1,0.40197628957201725
VisualCogA_Task-2,2,81,4,qc_weighted,-1,-1,0.1448875171541717
VisualCogA_Task-2,2,82,4,qc_weighted,1,1,0.5642461665480757
VisualCogA_Task-2,2,83,4,qc_weighted,1,1,0.5155915311315721
VisualCogA_Task-2,2,84,4,qc_weighted,-1,1,0.556341075861895
VisualCogA_Task-2,2,85,4,qc_weighted,1,-1,0.42565147048127355
VisualCogA_Task-2,2,87,4,qc_weighted,-1,1,0.5433614403110484
VisualCogA_Task-2,2,88,4,qc_weighted,1,1,0.6927467425259702
VisualCogA_Task-2,2,89,4,qc_weighted,-1,-1,0.4388761411344786
VisualCogA_Task-2,2,90,4,qc_weighted,-1,1,0.6285682554577711
VisualCogA_Task-2,2,91,4,qc_weighted,-1,-1,0.4363748229282029
VisualCogA_Task-2,2,92,4,qc_weighted,-1,-1,0.4457879255408933
VisualCogA_Task-2,2,93,4,qc_weighted,1,-1,0.46631970752818924
VisualCogA_Task-2,2,94,4,qc_weighted,-1,-1,0.18166828218947936
VisualCogA_Task-2,2,95,4,qc_weighted,-1,-1,0.33376660852792267
VisualCogA_Task-2,2,96,4,qc_weighted,-1,1,0.5317884591546125
VisualCogA_Task-2,2,97,4,qc_weighted,-1,-1,0.4321091132969569
VisualCogA_Task-2,2,98,4,qc_weighted,-1,-1,0.29637019927337455
VisualCogA_Task-2,2,99,4,qc_weighted,-1,1,0.5023979215401296
VisualCogA_Task-2,2,100,4,qc_weighted,-1,1,0.5944508200680881
VisualCogB_Task-1,1,81,4,qc_weighted,-1,1,0.5480764796992033
VisualCogB_Task-1,1,82,4,qc_weighted,1,-1,0.46208056091505373
VisualCogB_Task-1,1,83,4,qc_weighted,-1,-1,0.47275310224989014
VisualCogB_Task-1,1,84,4,qc_weighted,-1,-1,0.47908963239949764
VisualCogB_Task-1,1,86,4,qc_weighted,-1,1,0.5087191881317707
VisualCogB_Task-1,1,87,4,qc_weighted,-1,1,0.5198992787763453
VisualCogB_Task-1,1,89,4,qc_weighted,-1,1,0.5263469850699869
VisualCogB_Task-1,1,90,4,qc_weighted,-1,-1,0.41276530210041235
VisualCogB_Task-1,1,91,4,qc_weighted,1,1,0.5173224200332005
VisualCogB_Task-1,1,93,4,qc_weighted,-1,1,0.5362608716364944
VisualCogB_Task-1,1,94,4,qc_weighted,1,1,0.5638481822922291
VisualCogB_Task-1,1,95,4,qc_weighted,-1,1,0.5070781362558642
VisualCogB_Task-1,1,96,4,qc_weighted,1,-1,0.49589679862339986
VisualCogB_Task-1,1,98,4,qc_weighted,1,1,0.5520224028518789
VisualCogB_Task-1,1,99,4,qc_weighted,1,-1,0.4588232612709043
VisualCogB_Task-1,1,100,4,qc_weighted,1,-1,0.3524494032912779
VisualCogB_Task-2,2,81,4,qc_weighted,1,1,0.5183406982366084
VisualCogB_Task-2,2,83,4,qc_weighted,1,1,0.5542517761367037
VisualCogB_Task-2,2,84,4,qc_weighted,-1,1,0.5460737390013255
VisualCogB_Task-2,2,86,4,qc_weighted,1,1,0.5009181771519592
VisualCogB_Task-2,2,87,4,qc_weighted,-1,-1,0.45522622371371996
VisualCogB_Task-2,2,88,4,qc_weighted,1,1,0.6269944181600771
VisualCogB_Task-2,2,89,4,qc_weighted,-1,1,0.5130009728957594
VisualCogB_Task-2,2,90,4,qc_weighted,1,-1,0.48674849065548154
VisualCogB_Task-2,2,91,4,qc_weighted,-1,-1,0.4713757709514578
VisualCogB_Task-2,2,92,4,qc_weighted,-1,-1,0.47934837323970736
VisualCogB_Task-2,2,93,4,qc_weighted,1,1,0.508606650507783
VisualCogB_Task-2,2,94,4,qc_weighted,-1,1,0.5477568411858481
VisualCogB_Task-2,2,95,4,qc_weighted,1,1,0.5481981416776516
VisualCogB_Task-2,2,96,4,qc_weighted,1,-1,0.39565253586798055
VisualCogB_Task-2,2,97,4,qc_weighted,-1,1,0.5612111578362701
VisualCogB_Task-2,2,98,4,qc_weighted,-1,-1,0.4909077369869739
VisualCogB_Task-2,2,99,4,qc_weighted,1,1,0.5125073260055678
VisualCogB_Task-2,2,100,4,qc_weighted,-1,1,0.5454921030906157
VisualCogA_Task-1,1,81,4,mechanistic,-1,1,0.5460849976894359
VisualCogA_Task-1,1,82,4,mechanistic,1,-1,0.4791019354557682
VisualCogA_Task-1,1,83,4,mechanistic,-1,1,0.5950950084605774
VisualCogA_Task-1,1,84,4,mechanistic,1,1,0.5268931333331195
VisualCogA_Task-1,1,85,4,mechanistic,-1,-1,0.399989150608761
VisualCogA_Task-1,1,86,4,mechanistic,1,-1,0.3593694336554326
VisualCogA_Task-1,1,87,4,mechanistic,1,1,0.5477059638896533
VisualCogA_Task-1,1,89,4,mechanistic,1,-1,0.4693833910425754
VisualCogA_Task-1,1,90,4,mechanistic,1,1,0.5562204661731565
VisualCogA_Task-1,1,91,4,mechanistic,-1,-1,0.32209103224349006
VisualCogA_Task-1,1,92,4,mechanistic,1,-1,0.3885417171700785
VisualCogA_Task-1,1,93,4,mechanistic,1,1,0.5722500171585427
VisualCogA_Task-1,1,94,4,mechanistic,1,1,0.5256506858934217
VisualCogA_Task-1,1,95,4,mechanistic,-1,1,0.6225722912929194
VisualCogA_Task-1,1,96,4,mechanistic,1,1,0.556290401148619
VisualCogA_Task-1,1,97,4,mechanistic,1,-1,0.4031775942260806
VisualCogA_Task-1,1,99,4,mechanistic,-1,1,0.5579218300595713
VisualCogA_Task-1,1,100,4,mechanistic,1,-1,0.4331517161582598
VisualCogA_Task-2,2,81,4,mechanistic,-1,-1,0.21641089865364949
VisualCogA_Task-2,2,82,4,mechanistic,1,1,0.6416800434002882
VisualCogA_Task-2,2,83,4,mechanistic,1,-1,0.4470930421405755
VisualCogA_Task-2,2,84,4,mechanistic,-1,1,0.570822184565142
VisualCogA_Task-2,2,85,4,mechanistic,1,-1,0.45825957835862335
VisualCogA_Task-2,2,87,4,mechanistic,-1,-1,0.4315559256484251
VisualCogA_Task-2,2,88,4,mechanistic,1,1,0.766193245089553
VisualCogA_Task-2,2,89,4,mechanistic,-1,-1,0.4533345607760641
VisualCogA_Task-2,2,90,4,mechanistic,-1,-1,0.4862626413751711
VisualCogA_Task-2,2,91,4,mechanistic,-1,-1,0.3930204861159719
VisualCogA_Task-2,2,92,4,mechanistic,-1,-1,0.44443571782063307
VisualCogA_Task-2,2,93,4,mechanistic,1,-1,0.4240073957380727
VisualCogA_Task-2,2,94,4,mechanistic,-1,-1,0.11181826147294599
VisualCogA_Task-2,2,95,4,mechanistic,-1,-1,0.46698188238971083
VisualCogA_Task-2,2,96,4,mechanistic,-1,1,0.5173057371870469
VisualCogA_Task-2,2,97,4,mechanistic,-1,-1,0.4345005988328906
VisualCogA_Task-2,2,98,4,mechanistic,-1,-1,0.3019141586475751
VisualCogA_Task-2,2,99,4,mechanistic,-1,-1,0.493891521838112
VisualCogA_Task-2,2,100,4,mechanistic,-1,1,0.5918136004498857
VisualCogB_Task-1,1,81,4,mechanistic,-1,1,0.5648981640549439
VisualCogB_Task-1,1,82,4,mechanistic,1,-1,0.40261631831706923
VisualCogB_Task-1,1,83,4,mechanistic,-1,-1,0.4852981914940287
VisualCogB_Task-1,1,84,4,mechanistic,-1,-1,0.48596978685714703
VisualCogB_Task-1,1,86,4,mechanistic,-1,-1,0.45248071683914143
VisualCogB_Task-1,1,87,4,mechanistic,-1,1,0.5075312155831356
VisualCogB_Task-1,1,89,4,mechanistic,-1,-1,0.4749944790617006
VisualCogB_Task-1,1,90,4,mechanistic,-1,1,0.5231131611598827
VisualCogB_Task-1,1,91,4,mechanistic,1,-1,0.4950441324018234
VisualCogB_Task-1,1,93,4,mechanistic,-1,-1,0.4622184779950836
VisualCogB_Task-1,1,94,4,mechanistic,1,-1,0.49934694440285243
VisualCogB_Task-1,1,95,4,mechanistic,-1,-1,0.49067347808525996
VisualCogB_Task-1,1,96,4,mechanistic,1,-1,0.49188091411336055
VisualCogB_Task-1,1,98,4,mechanistic,1,1,0.5308003137663987
VisualCogB_Task-1,1,99,4,mechanistic,1,-1,0.414930073793749
VisualCogB_Task-1,1,100,4,mechanistic,1,-1,0.35144594148500063
VisualCogB_Task-2,2,81,4,mechanistic,1,1,0.5422633504322224
VisualCogB_Task-2,2,83,4,mechanistic,1,1,0.5728371116303401
VisualCogB_Task-2,2,84,4,mechanistic,-1,1,0.5918598378609006
VisualCogB_Task-2,2,86,4,mechanistic,1,1,0.5169653327781262
VisualCogB_Task-2,2,87,4,mechanistic,-1,-1,0.35385100574989636
VisualCogB_Task-2,2,88,4,mechanistic,1,1,0.6006602062621361
VisualCogB_Task-2,2,89,4,mechanistic,-1,1,0.7202255815366954
VisualCogB_Task-2,2,90,4,mechanistic,1,-1,0.4657080039742459
VisualCogB_Task-2,2,91,4,mechanistic,-1,1,0.7066217464778081
VisualCogB_Task-2,2,92,4,mechanistic,-1,-1,0.4658332156309064
VisualCogB_Task-2,2,93,4,mechanistic,1,1,0.5019964487918195
VisualCogB_Task-2,2,94,4,mechanistic,-1,1,0.5848522023189591
VisualCogB_Task-2,2,95,4,mechanistic,1,1,0.6200100369133744
VisualCogB_Task-2,2,96,4,mechanistic,1,-1,0.43292817626696667
VisualCogB_Task-2,2,97,4,mechanistic,-1,1,0.6019731130784366
VisualCogB_Task-2,2,98,4,mechanistic,-1,1,0.5186833622386469
VisualCogB_Task-2,2,99,4,mechanistic,1,-1,0.4275921943152761
VisualCogB_Task-2,2,100,4,mechanistic,-1,1,0.6419479310218987
VisualCogA_Task-1,1,81,4,ecg_adjusted,-1,1,0.5412933997202474
VisualCogA_Task-1,1,82,4,ecg_adjusted,1,1,0.5116195059842489
VisualCogA_Task-1,1,83,4,ecg_adjusted,-1,1,0.5882908612327477
VisualCogA_Task-1,1,84,4,ecg_adjusted,1,1,0.5123293016765839
VisualCogA_Task-1,1,85,4,ecg_adjusted,-1,-1,0.42243024860036393
VisualCogA_Task-1,1,86,4,ecg_adjusted,1,-1,0.3397390564266839
VisualCogA_Task-1,1,87,4,ecg_adjusted,1,1,0.5388204788115718
VisualCogA_Task-1,1,89,4,ecg_adjusted,1,-1,0.45829825193249857
VisualCogA_Task-1,1,90,4,ecg_adjusted,1,1,0.558456011954576
VisualCogA_Task-1,1,91,4,ecg_adjusted,-1,-1,0.33160045359314594
VisualCogA_Task-1,1,92,4,ecg_adjusted,1,-1,0.4068658982661826
VisualCogA_Task-1,1,93,4,ecg_adjusted,1,1,0.5753332017492508
VisualCogA_Task-1,1,94,4,ecg_adjusted,1,1,0.5219884722750893
VisualCogA_Task-1,1,95,4,ecg_adjusted,-1,1,0.6270973323652062
VisualCogA_Task-1,1,96,4,ecg_adjusted,1,1,0.5581120254080738
VisualCogA_Task-1,1,97,4,ecg_adjusted,1,-1,0.41916430596434723
VisualCogA_Task-1,1,99,4,ecg_adjusted,-1,1,0.5878298902294147
VisualCogA_Task-1,1,100,4,ecg_adjusted,1,-1,0.42914467681121377
VisualCogA_Task-2,2,81,4,ecg_adjusted,-1,-1,0.32880771036606804
VisualCogA_Task-2,2,82,4,ecg_adjusted,1,1,0.5459996693792593
VisualCogA_Task-2,2,83,4,ecg_adjusted,1,1,0.5022378191723892
VisualCogA_Task-2,2,84,4,ecg_adjusted,-1,1,0.5339680930807326
VisualCogA_Task-2,2,85,4,ecg_adjusted,1,-1,0.4649347321214063
VisualCogA_Task-2,2,87,4,ecg_adjusted,-1,-1,0.4986002200326047
VisualCogA_Task-2,2,88,4,ecg_adjusted,1,1,0.6472235622464806
VisualCogA_Task-2,2,89,4,ecg_adjusted,-1,-1,0.468546947327647
VisualCogA_Task-2,2,90,4,ecg_adjusted,-1,-1,0.4756677601801605
VisualCogA_Task-2,2,91,4,ecg_adjusted,-1,-1,0.4521756458626064
VisualCogA_Task-2,2,92,4,ecg_adjusted,-1,-1,0.45207672961149414
VisualCogA_Task-2,2,93,4,ecg_adjusted,1,-1,0.48153043694872844
VisualCogA_Task-2,2,94,4,ecg_adjusted,-1,-1,0.3102521219052478
VisualCogA_Task-2,2,95,4,ecg_adjusted,-1,-1,0.4496574466954218
VisualCogA_Task-2,2,96,4,ecg_adjusted,-1,1,0.5014036521576457
VisualCogA_Task-2,2,97,4,ecg_adjusted,-1,-1,0.4694313134494862
VisualCogA_Task-2,2,98,4,ecg_adjusted,-1,-1,0.4191204869301513
VisualCogA_Task-2,2,99,4,ecg_adjusted,-1,-1,0.49276131329640804
VisualCogA_Task-2,2,100,4,ecg_adjusted,-1,1,0.5552317797218927
VisualCogB_Task-1,1,81,4,ecg_adjusted,-1,1,0.5237184612672064
VisualCogB_Task-1,1,82,4,ecg_adjusted,1,-1,0.47126009934814445
VisualCogB_Task-1,1,83,4,ecg_adjusted,-1,-1,0.49765211199434495
VisualCogB_Task-1,1,84,4,ecg_adjusted,-1,-1,0.4705190429666857
VisualCogB_Task-1,1,86,4,ecg_adjusted,-1,-1,0.46690637328833906
VisualCogB_Task-1,1,87,4,ecg_adjusted,-1,-1,0.4954965957826955
VisualCogB_Task-1,1,89,4,ecg_adjusted,-1,-1,0.47310732432788105
VisualCogB_Task-1,1,90,4,ecg_adjusted,-1,1,0.5497230956582886
VisualCogB_Task-1,1,91,4,ecg_adjusted,1,1,0.5046955470552915
VisualCogB_Task-1,1,93,4,ecg_adjusted,-1,-1,0.46744336434754574
VisualCogB_Task-1,1,94,4,ecg_adjusted,1,-1,0.4981524314524225
VisualCogB_Task-1,1,95,4,ecg_adjusted,-1,-1,0.4718823387353054
VisualCogB_Task-1,1,96,4,ecg_adjusted,1,-1,0.48191548671989554
VisualCogB_Task-1,1,98,4,ecg_adjusted,1,-1,0.4947692627835479
VisualCogB_Task-1,1,99,4,ecg_adjusted,1,-1,0.4853952396314519
VisualCogB_Task-1,1,100,4,ecg_adjusted,1,-1,0.35725596903344514
VisualCogB_Task-2,2,81,4,ecg_adjusted,1,1,0.5517602911994052
VisualCogB_Task-2,2,83,4,ecg_adjusted,1,1,0.539318307589737
VisualCogB_Task-2,2,84,4,ecg_adjusted,-1,1,0.5743934429351288
VisualCogB_Task-2,2,86,4,ecg_adjusted,1,1,0.5367078589073944
VisualCogB_Task-2,2,87,4,ecg_adjusted,-1,-1,0.39744257126009014
VisualCogB_Task-2,2,88,4,ecg_adjusted,1,1,0.5974589656538676
VisualCogB_Task-2,2,89,4,ecg_adjusted,-1,1,0.659089157834864
VisualCogB_Task-2,2,90,4,ecg_adjusted,1,-1,0.4827645597345398
VisualCogB_Task-2,2,91,4,ecg_adjusted,-1,1,0.611353591976466
VisualCogB_Task-2,2,92,4,ecg_adjusted,-1,-1,0.47944580712549145
VisualCogB_Task-2,2,93,4,ecg_adjusted,1,1,0.5088986822750757
VisualCogB_Task-2,2,94,4,ecg_adjusted,-1,1,0.5223505625296497
VisualCogB_Task-2,2,95,4,ecg_adjusted,1,1,0.5529082500008161
VisualCogB_Task-2,2,96,4,ecg_adjusted,1,-1,0.4710264508937428
VisualCogB_Task-2,2,97,4,ecg_adjusted,-1,1,0.5992981939530632
VisualCogB_Task-2,2,98,4,ecg_adjusted,-1,1,0.5161244954099601
VisualCogB_Task-2,2,99,4,ecg_adjusted,1,-1,0.4521746546926939
VisualCogB_Task-2,2,100,4,ecg_adjusted,-1,1,0.5386962388764209
VisualCogA_Task-1,1,81,4,qc_adjusted,-1,1,0.6271798809236991
VisualCogA_Task-1,1,82,4,qc_adjusted,1,-1,0.3325319827992227
VisualCogA_Task-1,1,83,4,qc_adjusted,-1,1,0.617767406480862
VisualCogA_Task-1,1,84,4,qc_adjusted,1,1,0.5311628007866688
VisualCogA_Task-1,1,85,4,qc_adjusted,-1,-1,0.4982508724943541
VisualCogA_Task-1,1,86,4,qc_adjusted,1,-1,0.19220626578227906
VisualCogA_Task-1,1,87,4,qc_adjusted,1,1,0.6041086638917554
VisualCogA_Task-1,1,89,4,qc_adjusted,1,-1,0.3969685536183262
VisualCogA_Task-1,1,90,4,qc_adjusted,1,1,0.6148568342758439
VisualCogA_Task-1,1,91,4,qc_adjusted,-1,-1,0.07733178857411153
VisualCogA_Task-1,1,92,4,qc_adjusted,1,-1,0.39196017117490733
VisualCogA_Task-1,1,93,4,qc_adjusted,1,1,0.6339631113433094
VisualCogA_Task-1,1,94,4,qc_adjusted,1,1,0.5576556707175127
VisualCogA_Task-1,1,95,4,qc_adjusted,-1,1,0.7368540099684255
VisualCogA_Task-1,1,96,4,qc_adjusted,1,1,0.6698355677707887
VisualCogA_Task-1,1,97,4,qc_adjusted,1,1,0.5440789093512556
VisualCogA_Task-1,1,99,4,qc_adjusted,-1,1,0.5537905798018086
VisualCogA_Task-1,1,100,4,qc_adjusted,1,-1,0.45982906481031555
VisualCogA_Task-2,2,81,4,qc_adjusted,-1,1,0.5981682126644994
VisualCogA_Task-2,2,82,4,qc_adjusted,1,1,0.5405947187321491
VisualCogA_Task-2,2,83,4,qc_adjusted,1,-1,0.47451427818828523
VisualCogA_Task-2,2,84,4,qc_adjusted,-1,-1,0.49643287483020815
VisualCogA_Task-2,2,85,4,qc_adjusted,1,-1,0.4201578062500737
VisualCogA_Task-2,2,87,4,qc_adjusted,-1,-1,0.42032852832447687
VisualCogA_Task-2,2,88,4,qc_adjusted,1,1,0.5259913056582696
VisualCogA_Task-2,2,89,4,qc_adjusted,-1,-1,0.45783237616447703
VisualCogA_Task-2,2,90,4,qc_adjusted,-1,-1,0.43735833893395826
VisualCogA_Task-2,2,91,4,qc_adjusted,-1,-1,0.4916587842071273
VisualCogA_Task-2,2,92,4,qc_adjusted,-1,-1,0.4611583225912475
VisualCogA_Task-2,2,93,4,qc_adjusted,1,-1,0.4358210248690073
VisualCogA_Task-2,2,94,4,qc_adjusted,-1,1,0.5945055874863743
VisualCogA_Task-2,2,95,4,qc_adjusted,-1,1,0.5380383208118885
VisualCogA_Task-2,2,96,4,qc_adjusted,-1,1,0.516825889828957
VisualCogA_Task-2,2,97,4,qc_adjusted,-1,-1,0.43618698130258127
VisualCogA_Task-2,2,98,4,qc_adjusted,-1,-1,0.45646258294404707
VisualCogA_Task-2,2,99,4,qc_adjusted,-1,1,0.5216324098362867
VisualCogA_Task-2,2,100,4,qc_adjusted,-1,-1,0.49953297166701943
VisualCogB_Task-1,1,81,4,qc_adjusted,-1,1,0.6513360814990653
VisualCogB_Task-1,1,82,4,qc_adjusted,1,1,0.51117693361201
VisualCogB_Task-1,1,83,4,qc_adjusted,-1,1,0.5657152419200995
VisualCogB_Task-1,1,84,4,qc_adjusted,-1,-1,0.473149928516539
VisualCogB_Task-1,1,86,4,qc_adjusted,-1,1,0.5722752858086951
VisualCogB_Task-1,1,87,4,qc_adjusted,-1,1,0.5314625129627015
VisualCogB_Task-1,1,89,4,qc_adjusted,-1,-1,0.4857479743876626
VisualCogB_Task-1,1,90,4,qc_adjusted,-1,-1,0.4501963042665748
VisualCogB_Task-1,1,91,4,qc_adjusted,1,1,0.5366934281725829
VisualCogB_Task-1,1,93,4,qc_adjusted,-1,1,0.5253110443929269
VisualCogB_Task-1,1,94,4,qc_adjusted,1,-1,0.48022264753745286
VisualCogB_Task-1,1,95,4,qc_adjusted,-1,-1,0.4780368974499758
VisualCogB_Task-1,1,96,4,qc_adjusted,1,-1,0.4654277484856576
VisualCogB_Task-1,1,98,4,qc_adjusted,1,1,0.5355386042646936
VisualCogB_Task-1,1,99,4,qc_adjusted,1,-1,0.4913212358799972
VisualCogB_Task-1,1,100,4,qc_adjusted,1,-1,0.17370113316720173
VisualCogB_Task-2,2,81,4,qc_adjusted,1,1,0.5220841542330109
VisualCogB_Task-2,2,83,4,qc_adjusted,1,1,0.5074598381045594
VisualCogB_Task-2,2,84,4,qc_adjusted,-1,1,0.5463214818900106
VisualCogB_Task-2,2,86,4,qc_adjusted,1,1,0.5220702305658059
VisualCogB_Task-2,2,87,4,qc_adjusted,-1,-1,0.4229617395013605
VisualCogB_Task-2,2,88,4,qc_adjusted,1,1,0.514866479611153
VisualCogB_Task-2,2,89,4,qc_adjusted,-1,-1,0.4712514729398238
VisualCogB_Task-2,2,90,4,qc_adjusted,1,1,0.5186189003023001
VisualCogB_Task-2,2,91,4,qc_adjusted,-1,-1,0.45011250758236016
VisualCogB_Task-2,2,92,4,qc_adjusted,-1,-1,0.49062915702757265
VisualCogB_Task-2,2,93,4,qc_adjusted,1,1,0.5294008913061233
VisualCogB_Task-2,2,94,4,qc_adjusted,-1,1,0.5291509059730258
VisualCogB_Task-2,2,95,4,qc_adjusted,1,1,0.5932434044360514
VisualCogB_Task-2,2,96,4,qc_adjusted,1,-1,0.3654669286211894
VisualCogB_Task-2,2,97,4,qc_adjusted,-1,1,0.5796859602665554
VisualCogB_Task-2,2,98,4,qc_adjusted,-1,1,0.500154695369031
VisualCogB_Task-2,2,99,4,qc_adjusted,1,-1,0.48555845697590216
VisualCogB_Task-2,2,100,4,qc_adjusted,-1,1,0.6007374777503945
VisualCogA_Task-1,1,81,4,order_adjusted,-1,1,0.5441122773161231
VisualCogA_Task-1,1,82,4,order_adjusted,1,-1,0.4802316063480086
VisualCogA_Task-1,1,83,4,order_adjusted,-1,1,0.5863046189589004
VisualCogA_Task-1,1,84,4,order_adjusted,1,1,0.5243155304472042
VisualCogA_Task-1,1,85,4,order_adjusted,-1,-1,0.4095470171961353
VisualCogA_Task-1,1,86,4,order_adjusted,1,-1,0.3562895279140659
VisualCogA_Task-1,1,87,4,order_adjusted,1,1,0.5442540938820033
VisualCogA_Task-1,1,89,4,order_adjusted,1,-1,0.4697938335462038
VisualCogA_Task-1,1,90,4,order_adjusted,1,1,0.5564539729130291
VisualCogA_Task-1,1,91,4,order_adjusted,-1,-1,0.3408758303662648
VisualCogA_Task-1,1,92,4,order_adjusted,1,-1,0.3845768953862782
VisualCogA_Task-1,1,93,4,order_adjusted,1,1,0.5687116136705741
VisualCogA_Task-1,1,94,4,order_adjusted,1,1,0.5273007572018239
VisualCogA_Task-1,1,95,4,order_adjusted,-1,1,0.6319757898172753
VisualCogA_Task-1,1,96,4,order_adjusted,1,1,0.5569816365130826
VisualCogA_Task-1,1,97,4,order_adjusted,1,-1,0.4112709092624424
VisualCogA_Task-1,1,99,4,order_adjusted,-1,1,0.560254139847878
VisualCogA_Task-1,1,100,4,order_adjusted,1,-1,0.4382712598971467
VisualCogA_Task-2,2,81,4,order_adjusted,-1,-1,0.3233080045772824
VisualCogA_Task-2,2,82,4,order_adjusted,1,1,0.5425551066400398
VisualCogA_Task-2,2,83,4,order_adjusted,1,1,0.5094564449521384
VisualCogA_Task-2,2,84,4,order_adjusted,-1,1,0.5356090992028368
VisualCogA_Task-2,2,85,4,order_adjusted,1,-1,0.47515075556523284
VisualCogA_Task-2,2,87,4,order_adjusted,-1,1,0.5121101910988786
VisualCogA_Task-2,2,88,4,order_adjusted,1,1,0.6437548468595086
VisualCogA_Task-2,2,89,4,order_adjusted,-1,-1,0.4724106627297279
VisualCogA_Task-2,2,90,4,order_adjusted,-1,-1,0.4863502106742598
VisualCogA_Task-2,2,91,4,order_adjusted,-1,-1,0.45843944516463914
VisualCogA_Task-2,2,92,4,order_adjusted,-1,-1,0.45781278330326747
VisualCogA_Task-2,2,93,4,order_adjusted,1,-1,0.4794916542169619
VisualCogA_Task-2,2,94,4,order_adjusted,-1,-1,0.30174265850754356
VisualCogA_Task-2,2,95,4,order_adjusted,-1,-1,0.44983828935230674
VisualCogA_Task-2,2,96,4,order_adjusted,-1,1,0.5105394933497845
VisualCogA_Task-2,2,97,4,order_adjusted,-1,-1,0.4711897653397718
VisualCogA_Task-2,2,98,4,order_adjusted,-1,-1,0.4264901029956971
VisualCogA_Task-2,2,99,4,order_adjusted,-1,-1,0.496018846346485
VisualCogA_Task-2,2,100,4,order_adjusted,-1,1,0.5498691133568192
VisualCogB_Task-1,1,81,4,order_adjusted,-1,1,0.5752399484265364
VisualCogB_Task-1,1,82,4,order_adjusted,1,1,0.5015868711959766
VisualCogB_Task-1,1,83,4,order_adjusted,-1,1,0.5165791841536991
VisualCogB_Task-1,1,84,4,order_adjusted,-1,1,0.5169699442950813
VisualCogB_Task-1,1,86,4,order_adjusted,-1,1,0.5090615361762837
VisualCogB_Task-1,1,87,4,order_adjusted,-1,1,0.5240848270466549
VisualCogB_Task-1,1,89,4,order_adjusted,-1,1,0.512993056932558
VisualCogB_Task-1,1,90,4,order_adjusted,-1,1,0.5762453655367649
VisualCogB_Task-1,1,91,4,order_adjusted,1,1,0.5252463905914053
VisualCogB_Task-1,1,93,4,order_adjusted,-1,1,0.5161086836160543
VisualCogB_Task-1,1,94,4,order_adjusted,1,1,0.5372174849285198
VisualCogB_Task-1,1,95,4,order_adjusted,-1,1,0.5214159685880226
VisualCogB_Task-1,1,96,4,order_adjusted,1,1,0.5223584862079557
VisualCogB_Task-1,1,98,4,order_adjusted,1,1,0.5449506535606856
VisualCogB_Task-1,1,99,4,order_adjusted,1,1,0.5019282511434527
VisualCogB_Task-1,1,100,4,order_adjusted,1,-1,0.35497907253356253
VisualCogB_Task-2,2,81,4,order_adjusted,1,1,0.5347269997312417
VisualCogB_Task-2,2,83,4,order_adjusted,1,1,0.528749050717022
VisualCogB_Task-2,2,84,4,order_adjusted,-1,1,0.5670917062922948
VisualCogB_Task-2,2,86,4,order_adjusted,1,1,0.5251576627411098
VisualCogB_Task-2,2,87,4,order_adjusted,-1,-1,0.37595686877800116
VisualCogB_Task-2,2,88,4,order_adjusted,1,1,0.5692229063790785
VisualCogB_Task-2,2,89,4,order_adjusted,-1,1,0.7076295075372097
VisualCogB_Task-2,2,90,4,order_adjusted,1,-1,0.46952748591807936
VisualCogB_Task-2,2,91,4,order_adjusted,-1,1,0.6839978673893453
VisualCogB_Task-2,2,92,4,order_adjusted,-1,-1,0.48792343015851786
VisualCogB_Task-2,2,93,4,order_adjusted,1,-1,0.4813066701083045
VisualCogB_Task-2,2,94,4,order_adjusted,-1,1,0.5011209522586693
VisualCogB_Task-2,2,95,4,order_adjusted,1,1,0.5532398332359587
VisualCogB_Task-2,2,96,4,order_adjusted,1,1,0.5064811426441421
VisualCogB_Task-2,2,97,4,order_adjusted,-1,1,0.5833548376271559
VisualCogB_Task-2,2,98,4,order_adjusted,-1,-1,0.49842152747604757
VisualCogB_Task-2,2,99,4,order_adjusted,1,-1,0.4352638476557557
VisualCogB_Task-2,2,100,4,order_adjusted,-1,1,0.5447838482255416
VisualCogA_Task-1,1,81,4,all_adjusted,-1,1,0.5354918206503014
VisualCogA_Task-1,1,82,4,all_adjusted,1,-1,0.33214468041714384
VisualCogA_Task-1,1,83,4,all_adjusted,-1,1,0.5657600148507574
VisualCogA_Task-1,1,84,4,all_adjusted,1,1,0.5323841317833234
VisualCogA_Task-1,1,85,4,all_adjusted,-1,1,0.50034044128208
VisualCogA_Task-1,1,86,4,all_adjusted,1,-1,0.14866213163330896
VisualCogA_Task-1,1,87,4,all_adjusted,1,1,0.5609930564911128
VisualCogA_Task-1,1,89,4,all_adjusted,1,-1,0.35841487259162325
VisualCogA_Task-1,1,90,4,all_adjusted,1,1,0.5706720686997093
VisualCogA_Task-1,1,91,4,all_adjusted,-1,-1,0.118942200948107
VisualCogA_Task-1,1,92,4,all_adjusted,1,-1,0.3690840713597497
VisualCogA_Task-1,1,93,4,all_adjusted,1,1,0.6033973632506655
VisualCogA_Task-1,1,94,4,all_adjusted,1,1,0.5190800162712469
VisualCogA_Task-1,1,95,4,all_adjusted,-1,1,0.7142817729558634
VisualCogA_Task-1,1,96,4,all_adjusted,1,1,0.6524642504792602
VisualCogA_Task-1,1,97,4,all_adjusted,1,1,0.5261418041409849
VisualCogA_Task-1,1,99,4,all_adjusted,-1,1,0.5631534919529686
VisualCogA_Task-1,1,100,4,all_adjusted,1,-1,0.399938988745268
VisualCogA_Task-2,2,81,4,all_adjusted,-1,1,0.6162674581748283
VisualCogA_Task-2,2,82,4,all_adjusted,1,1,0.5569042627188784
VisualCogA_Task-2,2,83,4,all_adjusted,1,-1,0.46575265859824927
VisualCogA_Task-2,2,84,4,all_adjusted,-1,-1,0.49511672261957046
VisualCogA_Task-2,2,85,4,all_adjusted,1,-1,0.41182878420578783
VisualCogA_Task-2,2,87,4,all_adjusted,-1,-1,0.4054659690264064
VisualCogA_Task-2,2,88,4,all_adjusted,1,1,0.5435972347593663
VisualCogA_Task-2,2,89,4,all_adjusted,-1,-1,0.45393011585187176
VisualCogA_Task-2,2,90,4,all_adjusted,-1,-1,0.400083044172059
VisualCogA_Task-2,2,91,4,all_adjusted,-1,-1,0.4804797419500622
VisualCogA_Task-2,2,92,4,all_adjusted,-1,-1,0.4528464848972744
VisualCogA_Task-2,2,93,4,all_adjusted,1,-1,0.4446369748905941
VisualCogA_Task-2,2,94,4,all_adjusted,-1,1,0.6134544917526549
VisualCogA_Task-2,2,95,4,all_adjusted,-1,1,0.542073116723865
VisualCogA_Task-2,2,96,4,all_adjusted,-1,-1,0.4991985658257542
VisualCogA_Task-2,2,97,4,all_adjusted,-1,-1,0.4306904073148709
VisualCogA_Task-2,2,98,4,all_adjusted,-1,-1,0.44436685838322276
VisualCogA_Task-2,2,99,4,all_adjusted,-1,1,0.5236204040920396
VisualCogA_Task-2,2,100,4,all_adjusted,-1,1,0.5152971274293607
VisualCogB_Task-1,1,81,4,all_adjusted,-1,1,0.6146552390627221
VisualCogB_Task-1,1,82,4,all_adjusted,1,1,0.5094277326940257
VisualCogB_Task-1,1,83,4,all_adjusted,-1,1,0.6309746796441863
VisualCogB_Task-1,1,84,4,all_adjusted,-1,-1,0.4349957707103087
VisualCogB_Task-1,1,86,4,all_adjusted,-1,1,0.5561374882483527
VisualCogB_Task-1,1,87,4,all_adjusted,-1,1,0.5415335005283509
VisualCogB_Task-1,1,89,4,all_adjusted,-1,-1,0.4838810457919637
VisualCogB_Task-1,1,90,4,all_adjusted,-1,1,0.5012198735623273
VisualCogB_Task-1,1,91,4,all_adjusted,1,1,0.5718500185637996
VisualCogB_Task-1,1,93,4,all_adjusted,-1,-1,0.4906405538314845
VisualCogB_Task-1,1,94,4,all_adjusted,1,-1,0.49260774350876074
VisualCogB_Task-1,1,95,4,all_adjusted,-1,-1,0.45825095400108323
VisualCogB_Task-1,1,96,4,all_adjusted,1,-1,0.46581906249019955
VisualCogB_Task-1,1,98,4,all_adjusted,1,1,0.5145021661662574
VisualCogB_Task-1,1,99,4,all_adjusted,1,-1,0.4752938023022372
VisualCogB_Task-1,1,100,4,all_adjusted,1,-1,0.2937420434496804
VisualCogB_Task-2,2,81,4,all_adjusted,1,1,0.5227629516678124
VisualCogB_Task-2,2,83,4,all_adjusted,1,-1,0.492721408582109
VisualCogB_Task-2,2,84,4,all_adjusted,-1,1,0.5352804182938807
VisualCogB_Task-2,2,86,4,all_adjusted,1,1,0.5216236491531105
VisualCogB_Task-2,2,87,4,all_adjusted,-1,-1,0.41686263979861343
VisualCogB_Task-2,2,88,4,all_adjusted,1,1,0.508491024512133
VisualCogB_Task-2,2,89,4,all_adjusted,-1,1,0.5049482296252213
VisualCogB_Task-2,2,90,4,all_adjusted,1,1,0.5183844770165779
VisualCogB_Task-2,2,91,4,all_adjusted,-1,-1,0.49062357448479255
VisualCogB_Task-2,2,92,4,all_adjusted,-1,-1,0.4740272956263747
VisualCogB_Task-2,2,93,4,all_adjusted,1,1,0.5313777744019267
VisualCogB_Task-2,2,94,4,all_adjusted,-1,1,0.518224093273725
VisualCogB_Task-2,2,95,4,all_adjusted,1,1,0.5896287010227973
VisualCogB_Task-2,2,96,4,all_adjusted,1,-1,0.4069184826706708
VisualCogB_Task-2,2,97,4,all_adjusted,-1,1,0.580100721757994
VisualCogB_Task-2,2,98,4,all_adjusted,-1,-1,0.489202259713472
VisualCogB_Task-2,2,99,4,all_adjusted,1,-1,0.4757477369134189
VisualCogB_Task-2,2,100,4,all_adjusted,-1,1,0.5914395011021093
VisualCogA_Task-1,1,81,4,prestim_only,-1,-1,0.44275868464548046
VisualCogA_Task-1,1,82,4,prestim_only,1,1,0.7402431899923839
VisualCogA_Task-1,1,83,4,prestim_only,-1,1,0.5639640976234335
VisualCogA_Task-1,1,84,4,prestim_only,1,1,0.6801628860711778
VisualCogA_Task-1,1,85,4,prestim_only,-1,1,0.703635399754347
VisualCogA_Task-1,1,86,4,prestim_only,1,-1,0.49376070489094337
VisualCogA_Task-1,1,87,4,prestim_only,1,-1,0.49626533185601907
VisualCogA_Task-1,1,89,4,prestim_only,1,-1,0.27621533652802643
VisualCogA_Task-1,1,90,4,prestim_only,1,-1,0.43922924673932495
VisualCogA_Task-1,1,91,4,prestim_only,-1,1,0.6368698021720492
VisualCogA_Task-1,1,92,4,prestim_only,1,-1,0.36800442815595297
VisualCogA_Task-1,1,93,4,prestim_only,1,-1,0.45190290951731316
VisualCogA_Task-1,1,94,4,prestim_only,1,-1,0.4667355459101037
VisualCogA_Task-1,1,95,4,prestim_only,-1,1,0.5836508752558215
VisualCogA_Task-1,1,96,4,prestim_only,1,-1,0.492948872689962
VisualCogA_Task-1,1,97,4,prestim_only,1,-1,0.4344354979379023
VisualCogA_Task-1,1,99,4,prestim_only,-1,-1,0.4324734438669328
VisualCogA_Task-1,1,100,4,prestim_only,1,1,0.5366100068858077
VisualCogA_Task-2,2,81,4,prestim_only,-1,-1,0.4416602313661122
VisualCogA_Task-2,2,82,4,prestim_only,1,-1,0.40803029016558373
VisualCogA_Task-2,2,83,4,prestim_only,1,1,0.5279694817292081
VisualCogA_Task-2,2,84,4,prestim_only,-1,1,0.5182533582606144
VisualCogA_Task-2,2,85,4,prestim_only,1,1,0.6114591404623378
VisualCogA_Task-2,2,87,4,prestim_only,-1,1,0.525314451687669
VisualCogA_Task-2,2,88,4,prestim_only,1,1,0.5916427913981305
VisualCogA_Task-2,2,89,4,prestim_only,-1,-1,0.4529785909480247
VisualCogA_Task-2,2,90,4,prestim_only,-1,1,0.5364943426698248
VisualCogA_Task-2,2,91,4,prestim_only,-1,-1,0.4632831954891771
VisualCogA_Task-2,2,92,4,prestim_only,-1,-1,0.42234844116302284
VisualCogA_Task-2,2,93,4,prestim_only,1,-1,0.4620487371218188
VisualCogA_Task-2,2,94,4,prestim_only,-1,-1,0.4408129408840046
VisualCogA_Task-2,2,95,4,prestim_only,-1,1,0.5525268009664683
VisualCogA_Task-2,2,96,4,prestim_only,-1,-1,0.4621796200512247
VisualCogA_Task-2,2,97,4,prestim_only,-1,-1,0.3865071886703453
VisualCogA_Task-2,2,98,4,prestim_only,-1,-1,0.47036592635367797
VisualCogA_Task-2,2,99,4,prestim_only,-1,-1,0.40733873682657246
VisualCogA_Task-2,2,100,4,prestim_only,-1,1,0.556369469247525
VisualCogB_Task-1,1,81,4,prestim_only,-1,-1,0.4781957972438964
VisualCogB_Task-1,1,82,4,prestim_only,1,-1,0.48536858181908854
VisualCogB_Task-1,1,83,4,prestim_only,-1,-1,0.48402555499356315
VisualCogB_Task-1,1,84,4,prestim_only,-1,1,0.5221086059144815
VisualCogB_Task-1,1,86,4,prestim_only,-1,-1,0.4902259248562299
VisualCogB_Task-1,1,87,4,prestim_only,-1,-1,0.4874233834153221
VisualCogB_Task-1,1,89,4,prestim_only,-1,-1,0.4894661357311599
VisualCogB_Task-1,1,90,4,prestim_only,-1,1,0.5459954527590121
VisualCogB_Task-1,1,91,4,prestim_only,1,-1,0.49476123709603254
VisualCogB_Task-1,1,93,4,prestim_only,-1,1,0.5058587375215525
VisualCogB_Task-1,1,94,4,prestim_only,1,1,0.5338110298678328
VisualCogB_Task-1,1,95,4,prestim_only,-1,-1,0.4925541927555962
VisualCogB_Task-1,1,96,4,prestim_only,1,-1,0.4967843546568641
VisualCogB_Task-1,1,98,4,prestim_only,1,-1,0.49031207059868626
VisualCogB_Task-1,1,99,4,prestim_only,1,1,0.5084175177569646
VisualCogB_Task-1,1,100,4,prestim_only,1,-1,0.4542969384544005
VisualCogB_Task-2,2,81,4,prestim_only,1,1,0.5478813350328324
VisualCogB_Task-2,2,83,4,prestim_only,1,1,0.5662774943316362
VisualCogB_Task-2,2,84,4,prestim_only,-1,1,0.5170428408801221
VisualCogB_Task-2,2,86,4,prestim_only,1,-1,0.4105988306069263
VisualCogB_Task-2,2,87,4,prestim_only,-1,-1,0.48406486745002264
VisualCogB_Task-2,2,88,4,prestim_only,1,1,0.6983388881414365
VisualCogB_Task-2,2,89,4,prestim_only,-1,1,0.6237112020679869
VisualCogB_Task-2,2,90,4,prestim_only,1,-1,0.4130377334469757
VisualCogB_Task-2,2,91,4,prestim_only,-1,1,0.6340280865888074
VisualCogB_Task-2,2,92,4,prestim_only,-1,-1,0.4898015111475329
VisualCogB_Task-2,2,93,4,prestim_only,1,-1,0.49193416100151993
VisualCogB_Task-2,2,94,4,prestim_only,-1,1,0.5322932858983449
VisualCogB_Task-2,2,95,4,prestim_only,1,1,0.5010326819314834
VisualCogB_Task-2,2,96,4,prestim_only,1,-1,0.4640778314966768
VisualCogB_Task-2,2,97,4,prestim_only,-1,1,0.5396619849851035
VisualCogB_Task-2,2,98,4,prestim_only,-1,-1,0.49610729907627266
VisualCogB_Task-2,2,99,4,prestim_only,1,1,0.503290531460948
VisualCogB_Task-2,2,100,4,prestim_only,-1,-1,0.42850855419667383
