record,task,trial,fold,variant,truth,prediction,right_probability
VisualCogA_Task-1,1,1,0,mechanistic5,-1,-1,0.46766281967026757
VisualCogA_Task-1,1,4,0,mechanistic5,-1,-1,0.4574430004040311
VisualCogA_Task-1,1,5,0,mechanistic5,1,-1,0.48007206243199896
VisualCogA_Task-1,1,6,0,mechanistic5,-1,1,0.5353647133960743
VisualCogA_Task-1,1,7,0,mechanistic5,-1,1,0.5297917604126671
VisualCogA_Task-1,1,8,0,mechanistic5,-1,1,0.5010967925343266
VisualCogA_Task-1,1,9,0,mechanistic5,1,1,0.5398020182028771
VisualCogA_Task-1,1,10,0,mechanistic5,1,1,0.5079678188255028
VisualCogA_Task-1,1,11,0,mechanistic5,1,-1,0.4687730911580164
VisualCogA_Task-1,1,12,0,mechanistic5,1,1,0.5042186730072313
VisualCogA_Task-1,1,13,0,mechanistic5,-1,-1,0.4972631439497133
VisualCogA_Task-1,1,16,0,mechanistic5,-1,1,0.510923724514647
VisualCogA_Task-1,1,17,0,mechanistic5,1,1,0.5313054380081677
VisualCogA_Task-1,1,18,0,mechanistic5,-1,-1,0.4963803580693446
VisualCogA_Task-1,1,19,0,mechanistic5,-1,1,0.5778739563919401
VisualCogB_Task-1,1,1,0,mechanistic5,-1,-1,0.48723669658263513
VisualCogB_Task-1,1,2,0,mechanistic5,-1,-1,0.47377502307562375
VisualCogB_Task-1,1,3,0,mechanistic5,1,1,0.5216649376411178
VisualCogB_Task-1,1,4,0,mechanistic5,-1,-1,0.4668485660583461
VisualCogB_Task-1,1,5,0,mechanistic5,1,-1,0.42128500880140984
VisualCogB_Task-1,1,7,0,mechanistic5,1,1,0.5154550443097717
VisualCogB_Task-1,1,8,0,mechanistic5,-1,1,0.5684962467398904
VisualCogB_Task-1,1,9,0,mechanistic5,-1,1,0.5480065459757787
VisualCogB_Task-1,1,10,0,mechanistic5,-1,1,0.5384060426142222
VisualCogB_Task-1,1,11,0,mechanistic5,1,-1,0.48278132223438663
VisualCogB_Task-1,1,12,0,mechanistic5,-1,1,0.5412171810371963
VisualCogB_Task-1,1,13,0,mechanistic5,1,-1,0.4399976980124433
VisualCogB_Task-1,1,15,0,mechanistic5,-1,-1,0.4974948731521285
VisualCogB_Task-1,1,16,0,mechanistic5,1,1,0.5121171384383854
VisualCogB_Task-1,1,17,0,mechanistic5,-1,-1,0.4727616227379815
VisualCogB_Task-1,1,18,0,mechanistic5,-1,1,0.5155610558411271
VisualCogB_Task-1,1,19,0,mechanistic5,1,-1,0.44166636950447
VisualCogB_Task-1,1,20,0,mechanistic5,-1,1,0.5172064628743482
VisualCogA_Task-1,1,1,0,physical4,-1,-1,0.4720181559127434
VisualCogA_Task-1,1,4,0,physical4,-1,-1,0.47040265790306607
VisualCogA_Task-1,1,5,0,physical4,1,-1,0.4856618271898039
VisualCogA_Task-1,1,6,0,physical4,-1,1,0.5405368041925879
VisualCogA_Task-1,1,7,0,physical4,-1,1,0.5145278209052934
VisualCogA_Task-1,1,8,0,physical4,-1,-1,0.4990164425661462
VisualCogA_Task-1,1,9,0,physical4,1,1,0.5205482458463377
VisualCogA_Task-1,1,10,0,physical4,1,1,0.5033454791132719
VisualCogA_Task-1,1,11,0,physical4,1,-1,0.4804848486852143
VisualCogA_Task-1,1,12,0,physical4,1,1,0.5025242979716311
VisualCogA_Task-1,1,13,0,physical4,-1,-1,0.4999575375444157
VisualCogA_Task-1,1,16,0,physical4,-1,1,0.51442525241785
VisualCogA_Task-1,1,17,0,physical4,1,1,0.5182077691680674
VisualCogA_Task-1,1,18,0,physical4,-1,-1,0.49835405840868663
VisualCogA_Task-1,1,19,0,physical4,-1,1,0.5371268990670055
VisualCogB_Task-1,1,1,0,physical4,-1,-1,0.486807471639688
VisualCogB_Task-1,1,2,0,physical4,-1,-1,0.4861075550250838
VisualCogB_Task-1,1,3,0,physical4,1,1,0.5172005362504949
VisualCogB_Task-1,1,4,0,physical4,-1,-1,0.47614931952428025
VisualCogB_Task-1,1,5,0,physical4,1,-1,0.4461186623357871
VisualCogB_Task-1,1,7,0,physical4,1,1,0.5125463008727632
VisualCogB_Task-1,1,8,0,physical4,-1,1,0.5430259595388391
VisualCogB_Task-1,1,9,0,physical4,-1,1,0.5190092320924043
VisualCogB_Task-1,1,10,0,physical4,-1,1,0.515610791704697
VisualCogB_Task-1,1,11,0,physical4,1,-1,0.4862957095002
VisualCogB_Task-1,1,12,0,physical4,-1,1,0.5230254730082865
VisualCogB_Task-1,1,13,0,physical4,1,-1,0.46481108447387054
VisualCogB_Task-1,1,15,0,physical4,-1,1,0.5073131613883834
VisualCogB_Task-1,1,16,0,physical4,1,1,0.5074619596007393
VisualCogB_Task-1,1,17,0,physical4,-1,-1,0.48791634870400485
VisualCogB_Task-1,1,18,0,physical4,-1,1,0.5186105277059405
VisualCogB_Task-1,1,19,0,physical4,1,-1,0.4542953636592035
VisualCogB_Task-1,1,20,0,physical4,-1,1,0.5187585973722263
VisualCogA_Task-1,1,1,0,erp5,-1,-1,0.46479641731751975
VisualCogA_Task-1,1,4,0,erp5,-1,-1,0.43637276789562335
VisualCogA_Task-1,1,5,0,erp5,1,-1,0.4669303191417993
VisualCogA_Task-1,1,6,0,erp5,-1,-1,0.3755133342749393
VisualCogA_Task-1,1,7,0,erp5,-1,1,0.5274197403358316
VisualCogA_Task-1,1,8,0,erp5,-1,1,0.5145920804954915
VisualCogA_Task-1,1,9,0,erp5,1,1,0.5323231707638495
VisualCogA_Task-1,1,10,0,erp5,1,1,0.5171006272113816
VisualCogA_Task-1,1,11,0,erp5,1,-1,0.4346983026699134
VisualCogA_Task-1,1,12,0,erp5,1,1,0.5180005737165014
VisualCogA_Task-1,1,13,0,erp5,-1,1,0.508811101430757
VisualCogA_Task-1,1,16,0,erp5,-1,-1,0.47425408931841284
VisualCogA_Task-1,1,17,0,erp5,1,1,0.5314835390790311
VisualCogA_Task-1,1,18,0,erp5,-1,-1,0.49766360181312574
VisualCogA_Task-1,1,19,0,erp5,-1,1,0.5797139496581103
VisualCogB_Task-1,1,1,0,erp5,-1,1,0.5220013941244086
VisualCogB_Task-1,1,2,0,erp5,-1,-1,0.49452930172012793
VisualCogB_Task-1,1,3,0,erp5,1,1,0.5298623439268813
VisualCogB_Task-1,1,4,0,erp5,-1,-1,0.38897963476020897
VisualCogB_Task-1,1,5,0,erp5,1,1,0.6787439570194161
VisualCogB_Task-1,1,7,0,erp5,1,1,0.5382179102131593
VisualCogB_Task-1,1,8,0,erp5,-1,1,0.5927853257729883
VisualCogB_Task-1,1,9,0,erp5,-1,1,0.5223784783165843
VisualCogB_Task-1,1,10,0,erp5,-1,1,0.5106583299306582
VisualCogB_Task-1,1,11,0,erp5,1,-1,0.45022599448314604
VisualCogB_Task-1,1,12,0,erp5,-1,1,0.5538276281871829
VisualCogB_Task-1,1,13,0,erp5,1,-1,0.45878614345402574
VisualCogB_Task-1,1,15,0,erp5,-1,1,0.5120247752608178
VisualCogB_Task-1,1,16,0,erp5,1,-1,0.49321001092218597
VisualCogB_Task-1,1,17,0,erp5,-1,-1,0.4496205260534646
VisualCogB_Task-1,1,18,0,erp5,-1,1,0.5046962609700895
VisualCogB_Task-1,1,19,0,erp5,1,-1,0.32428182874307593
VisualCogB_Task-1,1,20,0,erp5,-1,1,0.5045770134925894
VisualCogA_Task-1,1,1,0,prestim4,-1,1,0.503427058655518
VisualCogA_Task-1,1,4,0,prestim4,-1,-1,0.44773546283670734
VisualCogA_Task-1,1,5,0,prestim4,1,-1,0.4453762573779608
VisualCogA_Task-1,1,6,0,prestim4,-1,1,0.5399661220657873
VisualCogA_Task-1,1,7,0,prestim4,-1,-1,0.4950919576902029
VisualCogA_Task-1,1,8,0,prestim4,-1,-1,0.43901815600226174
VisualCogA_Task-1,1,9,0,prestim4,1,-1,0.482632731107472
VisualCogA_Task-1,1,10,0,prestim4,1,-1,0.4729042690562009
VisualCogA_Task-1,1,11,0,prestim4,1,1,0.5037687264947316
VisualCogA_Task-1,1,12,0,prestim4,1,-1,0.4682556992697172
VisualCogA_Task-1,1,13,0,prestim4,-1,1,0.5089460218228645
VisualCogA_Task-1,1,16,0,prestim4,-1,-1,0.4757141553090462
VisualCogA_Task-1,1,17,0,prestim4,1,-1,0.4643426236389406
VisualCogA_Task-1,1,18,0,prestim4,-1,1,0.5023692853904562
VisualCogA_Task-1,1,19,0,prestim4,-1,1,0.5050760497125867
VisualCogB_Task-1,1,1,0,prestim4,-1,-1,0.42917488975256013
VisualCogB_Task-1,1,2,0,prestim4,-1,-1,0.49607920991460547
VisualCogB_Task-1,1,3,0,prestim4,1,-1,0.4934916785086066
VisualCogB_Task-1,1,4,0,prestim4,-1,-1,0.49152729780854637
VisualCogB_Task-1,1,5,0,prestim4,1,-1,0.4671128550540642
VisualCogB_Task-1,1,7,0,prestim4,1,1,0.5593801913248732
VisualCogB_Task-1,1,8,0,prestim4,-1,1,0.5335393365651997
VisualCogB_Task-1,1,9,0,prestim4,-1,-1,0.4954548094312113
VisualCogB_Task-1,1,10,0,prestim4,-1,-1,0.48731338592225687
VisualCogB_Task-1,1,11,0,prestim4,1,-1,0.47369092069596475
VisualCogB_Task-1,1,12,0,prestim4,-1,1,0.501709944957962
VisualCogB_Task-1,1,13,0,prestim4,1,-1,0.4813155646124322
VisualCogB_Task-1,1,15,0,prestim4,-1,-1,0.4890539821896477
VisualCogB_Task-1,1,16,0,prestim4,1,-1,0.4801480596103133
VisualCogB_Task-1,1,17,0,prestim4,-1,-1,0.48180023904561137
VisualCogB_Task-1,1,18,0,prestim4,-1,1,0.528488247965678
VisualCogB_Task-1,1,19,0,prestim4,1,-1,0.47607402582995667
VisualCogB_Task-1,1,20,0,prestim4,-1,1,0.5484646484525448
VisualCogA_Task-2,2,1,0,mechanistic5,1,-1,0.4981772692064441
VisualCogA_Task-2,2,2,0,mechanistic5,-1,-1,0.47665993437533216
VisualCogA_Task-2,2,3,0,mechanistic5,-1,-1,0.4979076867383562
VisualCogA_Task-2,2,4,0,mechanistic5,-1,-1,0.4992078865589701
VisualCogA_Task-2,2,5,0,mechanistic5,1,-1,0.49718894536744596
VisualCogA_Task-2,2,6,0,mechanistic5,-1,-1,0.4874046374003844
VisualCogA_Task-2,2,7,0,mechanistic5,1,-1,0.4951340362177267
VisualCogA_Task-2,2,8,0,mechanistic5,1,-1,0.49940423697698133
VisualCogA_Task-2,2,9,0,mechanistic5,-1,-1,0.4981479073776814
VisualCogA_Task-2,2,10,0,mechanistic5,-1,1,0.5148735930347653
VisualCogA_Task-2,2,11,0,mechanistic5,1,-1,0.49032672926352
VisualCogA_Task-2,2,12,0,mechanistic5,1,1,0.5132802415177664
VisualCogA_Task-2,2,13,0,mechanistic5,1,1,0.5073345418078238
VisualCogA_Task-2,2,14,0,mechanistic5,-1,1,0.5169839083260026
VisualCogA_Task-2,2,15,0,mechanistic5,-1,-1,0.48416451274823985
VisualCogA_Task-2,2,16,0,mechanistic5,-1,-1,0.4855267368797134
VisualCogA_Task-2,2,17,0,mechanistic5,1,1,0.5363056445493714
VisualCogA_Task-2,2,18,0,mechanistic5,1,1,0.5164241112654288
VisualCogA_Task-2,2,19,0,mechanistic5,-1,1,0.5374463184868314
VisualCogA_Task-2,2,20,0,mechanistic5,-1,1,0.5048865387746201
VisualCogB_Task-2,2,1,0,mechanistic5,-1,-1,0.48098042985596967
VisualCogB_Task-2,2,3,0,mechanistic5,-1,-1,0.49509586189050087
VisualCogB_Task-2,2,4,0,mechanistic5,1,-1,0.4931619739499929
VisualCogB_Task-2,2,5,0,mechanistic5,-1,-1,0.497639928438518
VisualCogB_Task-2,2,6,0,mechanistic5,1,1,0.5536385801860882
VisualCogB_Task-2,2,8,0,mechanistic5,1,1,0.5174993408809208
VisualCogB_Task-2,2,9,0,mechanistic5,1,-1,0.494711088816805
VisualCogB_Task-2,2,11,0,mechanistic5,1,1,0.5458718240395366
VisualCogB_Task-2,2,12,0,mechanistic5,1,-1,0.48518604321166786
VisualCogB_Task-2,2,13,0,mechanistic5,1,-1,0.49199313566859887
VisualCogB_Task-2,2,17,0,mechanistic5,-1,1,0.511216625179424
VisualCogB_Task-2,2,18,0,mechanistic5,1,-1,0.48418606951326604
VisualCogB_Task-2,2,19,0,mechanistic5,1,-1,0.49501941855654447
VisualCogA_Task-2,2,1,0,physical4,1,-1,0.497555184334796
VisualCogA_Task-2,2,2,0,physical4,-1,-1,0.4819973723244393
VisualCogA_Task-2,2,3,0,physical4,-1,-1,0.49972430334603
VisualCogA_Task-2,2,4,0,physical4,-1,-1,0.4993637825122292
VisualCogA_Task-2,2,5,0,physical4,1,-1,0.49989440774197524
VisualCogA_Task-2,2,6,0,physical4,-1,-1,0.4904168277243658
VisualCogA_Task-2,2,7,0,physical4,1,-1,0.495545066617443
VisualCogA_Task-2,2,8,0,physical4,1,-1,0.49975813316275275
VisualCogA_Task-2,2,9,0,physical4,-1,-1,0.4989158756292188
VisualCogA_Task-2,2,10,0,physical4,-1,1,0.5120433902250167
VisualCogA_Task-2,2,11,0,physical4,1,-1,0.49171632326117815
VisualCogA_Task-2,2,12,0,physical4,1,1,0.5128841288782616
VisualCogA_Task-2,2,13,0,physical4,1,1,0.5043813388465891
VisualCogA_Task-2,2,14,0,physical4,-1,1,0.5127676188677275
VisualCogA_Task-2,2,15,0,physical4,-1,-1,0.48921534000403405
VisualCogA_Task-2,2,16,0,physical4,-1,-1,0.48810438285982344
VisualCogA_Task-2,2,17,0,physical4,1,1,0.5248515679486266
VisualCogA_Task-2,2,18,0,physical4,1,1,0.5113469474664143
VisualCogA_Task-2,2,19,0,physical4,-1,1,0.5286362114371636
VisualCogA_Task-2,2,20,0,physical4,-1,1,0.5037034129027974
VisualCogB_Task-2,2,1,0,physical4,-1,-1,0.48352188252108724
VisualCogB_Task-2,2,3,0,physical4,-1,-1,0.4954718976534498
VisualCogB_Task-2,2,4,0,physical4,1,-1,0.49424475905663456
VisualCogB_Task-2,2,5,0,physical4,-1,-1,0.4976015635136337
VisualCogB_Task-2,2,6,0,physical4,1,1,0.5440527530794519
VisualCogB_Task-2,2,8,0,physical4,1,1,0.5142936839905707
VisualCogB_Task-2,2,9,0,physical4,1,-1,0.49597066047623733
VisualCogB_Task-2,2,11,0,physical4,1,1,0.5345070576524709
VisualCogB_Task-2,2,12,0,physical4,1,-1,0.48748278088083086
VisualCogB_Task-2,2,13,0,physical4,1,-1,0.49279988387034884
VisualCogB_Task-2,2,17,0,physical4,-1,1,0.5096775891001005
VisualCogB_Task-2,2,18,0,physical4,1,-1,0.4874149479817329
VisualCogB_Task-2,2,19,0,physical4,1,-1,0.4958760076320506
VisualCogA_Task-2,2,1,0,erp5,1,1,0.5663620867246574
VisualCogA_Task-2,2,2,0,erp5,-1,-1,0.48103683550577636
VisualCogA_Task-2,2,3,0,erp5,-1,1,0.5004360262320913
VisualCogA_Task-2,2,4,0,erp5,-1,1,0.5266313262701344
VisualCogA_Task-2,2,5,0,erp5,1,-1,0.4934801061599316
VisualCogA_Task-2,2,6,0,erp5,-1,1,0.509086288266472
VisualCogA_Task-2,2,7,0,erp5,1,1,0.5095296539052095
VisualCogA_Task-2,2,8,0,erp5,1,-1,0.4853430610052668
VisualCogA_Task-2,2,9,0,erp5,-1,-1,0.4839250126610296
VisualCogA_Task-2,2,10,0,erp5,-1,1,0.5120467757729752
VisualCogA_Task-2,2,11,0,erp5,1,1,0.5041956890292205
VisualCogA_Task-2,2,12,0,erp5,1,1,0.5038327346737687
VisualCogA_Task-2,2,13,0,erp5,1,1,0.536946710245889
VisualCogA_Task-2,2,14,0,erp5,-1,-1,0.442135211926197
VisualCogA_Task-2,2,15,0,erp5,-1,-1,0.46716703514295777
VisualCogA_Task-2,2,16,0,erp5,-1,1,0.5019798983892436
VisualCogA_Task-2,2,17,0,erp5,1,-1,0.4960497345718459
VisualCogA_Task-2,2,18,0,erp5,1,-1,0.4462725412087704
VisualCogA_Task-2,2,19,0,erp5,-1,1,0.5503067118943834
VisualCogA_Task-2,2,20,0,erp5,-1,1,0.5049049760241151
VisualCogB_Task-2,2,1,0,erp5,-1,-1,0.43725688322549394
VisualCogB_Task-2,2,3,0,erp5,-1,1,0.5007274210010938
VisualCogB_Task-2,2,4,0,erp5,1,-1,0.4858988302794646
VisualCogB_Task-2,2,5,0,erp5,-1,-1,0.4911484695537888
VisualCogB_Task-2,2,6,0,erp5,1,1,0.6702229746478968
VisualCogB_Task-2,2,8,0,erp5,1,1,0.5571364150053646
VisualCogB_Task-2,2,9,0,erp5,1,1,0.5004899481056252
VisualCogB_Task-2,2,11,0,erp5,1,1,0.5796205876902245
VisualCogB_Task-2,2,12,0,erp5,1,-1,0.4834720628860833
VisualCogB_Task-2,2,13,0,erp5,1,-1,0.4934538305631667
VisualCogB_Task-2,2,17,0,erp5,-1,1,0.570926040402495
VisualCogB_Task-2,2,18,0,erp5,1,-1,0.4542968585426842
VisualCogB_Task-2,2,19,0,erp5,1,1,0.5082376728001385
VisualCogA_Task-2,2,1,0,prestim4,1,-1,0.499153507111766
VisualCogA_Task-2,2,2,0,prestim4,-1,-1,0.4998940790916514
VisualCogA_Task-2,2,3,0,prestim4,-1,-1,0.48077852751284755
VisualCogA_Task-2,2,4,0,prestim4,-1,-1,0.4794281671893368
VisualCogA_Task-2,2,5,0,prestim4,1,1,0.5591950451427773
VisualCogA_Task-2,2,6,0,prestim4,-1,-1,0.4781546151124641
VisualCogA_Task-2,2,7,0,prestim4,1,-1,0.4911384467337456
VisualCogA_Task-2,2,8,0,prestim4,1,1,0.5097005798976877
VisualCogA_Task-2,2,9,0,prestim4,-1,1,0.5326149942475228
VisualCogA_Task-2,2,10,0,prestim4,-1,1,0.5532436306197378
VisualCogA_Task-2,2,11,0,prestim4,1,-1,0.4763343219110538
VisualCogA_Task-2,2,12,0,prestim4,1,1,0.6004713156137796
VisualCogA_Task-2,2,13,0,prestim4,1,1,0.5141595598196955
VisualCogA_Task-2,2,14,0,prestim4,-1,1,0.5490969768127082
VisualCogA_Task-2,2,15,0,prestim4,-1,-1,0.48395678799388914
VisualCogA_Task-2,2,16,0,prestim4,-1,-1,0.48752244182478455
VisualCogA_Task-2,2,17,0,prestim4,1,1,0.5485031773550508
VisualCogA_Task-2,2,18,0,prestim4,1,1,0.545192578086929
VisualCogA_Task-2,2,19,0,prestim4,-1,1,0.5459124173881136
VisualCogA_Task-2,2,20,0,prestim4,-1,-1,0.4805987891556252
VisualCogB_Task-2,2,1,0,prestim4,-1,-1,0.47545266683506915
VisualCogB_Task-2,2,3,0,prestim4,-1,-1,0.44729108030981557
VisualCogB_Task-2,2,4,0,prestim4,1,-1,0.4732252790445456
VisualCogB_Task-2,2,5,0,prestim4,-1,-1,0.45627175165820855
VisualCogB_Task-2,2,6,0,prestim4,1,1,0.5883701448886511
VisualCogB_Task-2,2,8,0,prestim4,1,1,0.5101544508808153
VisualCogB_Task-2,2,9,0,prestim4,1,-1,0.4823195999340027
VisualCogB_Task-2,2,11,0,prestim4,1,1,0.5119985026926777
VisualCogB_Task-2,2,12,0,prestim4,1,-1,0.46300885357575555
VisualCogB_Task-2,2,13,0,prestim4,1,-1,0.48577405048811334
VisualCogB_Task-2,2,17,0,prestim4,-1,1,0.5116702332157449
VisualCogB_Task-2,2,18,0,prestim4,1,-1,0.4584753609154272
VisualCogB_Task-2,2,19,0,prestim4,1,-1,0.4889663858168474
VisualCogA_Task-1,1,1,0,layered4,-1,-1,0.4669257421277092
VisualCogA_Task-1,1,4,0,layered4,-1,-1,0.46545797146383733
VisualCogA_Task-1,1,5,0,layered4,1,-1,0.4849203801188743
VisualCogA_Task-1,1,6,0,layered4,-1,1,0.5630894999632149
VisualCogA_Task-1,1,7,0,layered4,-1,1,0.5204217976254424
VisualCogA_Task-1,1,8,0,layered4,-1,-1,0.49931926359140444
VisualCogA_Task-1,1,9,0,layered4,1,1,0.5222413044199012
VisualCogA_Task-1,1,10,0,layered4,1,1,0.5086729569050294
VisualCogA_Task-1,1,11,0,layered4,1,-1,0.47952742185067554
VisualCogA_Task-1,1,12,0,layered4,1,1,0.5064594174348759
VisualCogA_Task-1,1,13,0,layered4,-1,1,0.500171946155732
VisualCogA_Task-1,1,16,0,layered4,-1,1,0.5223502845504573
VisualCogA_Task-1,1,17,0,layered4,1,1,0.5242699162865292
VisualCogA_Task-1,1,18,0,layered4,-1,-1,0.49538709228883
VisualCogA_Task-1,1,19,0,layered4,-1,1,0.5531290321547695
VisualCogB_Task-1,1,1,0,layered4,-1,-1,0.47789644752493166
VisualCogB_Task-1,1,2,0,layered4,-1,-1,0.4818034679424357
VisualCogB_Task-1,1,3,0,layered4,1,1,0.5169151791919722
VisualCogB_Task-1,1,4,0,layered4,-1,-1,0.45760437726476955
VisualCogB_Task-1,1,5,0,layered4,1,-1,0.4256622968226206
VisualCogB_Task-1,1,7,0,layered4,1,1,0.5184913591173104
VisualCogB_Task-1,1,8,0,layered4,-1,1,0.5587114066546888
VisualCogB_Task-1,1,9,0,layered4,-1,1,0.5247342412170968
VisualCogB_Task-1,1,10,0,layered4,-1,1,0.5164818472334356
VisualCogB_Task-1,1,11,0,layered4,1,-1,0.4723672148021388
VisualCogB_Task-1,1,12,0,layered4,-1,1,0.5324561811033677
VisualCogB_Task-1,1,13,0,layered4,1,-1,0.4488640948191819
VisualCogB_Task-1,1,15,0,layered4,-1,1,0.521473920273941
VisualCogB_Task-1,1,16,0,layered4,1,1,0.5053665853113127
VisualCogB_Task-1,1,17,0,layered4,-1,-1,0.4855547975889487
VisualCogB_Task-1,1,18,0,layered4,-1,1,0.5271538266239181
VisualCogB_Task-1,1,19,0,layered4,1,-1,0.41259743544613375
VisualCogB_Task-1,1,20,0,layered4,-1,1,0.5310617237098267
VisualCogA_Task-1,1,1,0,layered_erp5,-1,-1,0.4650546902223931
VisualCogA_Task-1,1,4,0,layered_erp5,-1,-1,0.4455216424514192
VisualCogA_Task-1,1,5,0,layered_erp5,1,-1,0.4738427486651432
VisualCogA_Task-1,1,6,0,layered_erp5,-1,-1,0.3903635215968383
VisualCogA_Task-1,1,7,0,layered_erp5,-1,1,0.5202544553422975
VisualCogA_Task-1,1,8,0,layered_erp5,-1,1,0.5110871709884417
VisualCogA_Task-1,1,9,0,layered_erp5,1,1,0.522657393164132
VisualCogA_Task-1,1,10,0,layered_erp5,1,1,0.5178273695672009
VisualCogA_Task-1,1,11,0,layered_erp5,1,-1,0.4445803237809271
VisualCogA_Task-1,1,12,0,layered_erp5,1,1,0.5184021682031444
VisualCogA_Task-1,1,13,0,layered_erp5,-1,1,0.5115066085796811
VisualCogA_Task-1,1,16,0,layered_erp5,-1,-1,0.47958632871258605
VisualCogA_Task-1,1,17,0,layered_erp5,1,1,0.5275660883907168
VisualCogA_Task-1,1,18,0,layered_erp5,-1,-1,0.49994972529023757
VisualCogA_Task-1,1,19,0,layered_erp5,-1,1,0.5722031972163069
VisualCogB_Task-1,1,1,0,layered_erp5,-1,1,0.5261873079112668
VisualCogB_Task-1,1,2,0,layered_erp5,-1,-1,0.4979774708329756
VisualCogB_Task-1,1,3,0,layered_erp5,1,1,0.5298568871185222
VisualCogB_Task-1,1,4,0,layered_erp5,-1,-1,0.37868694774590006
VisualCogB_Task-1,1,5,0,layered_erp5,1,1,0.6872152684416133
VisualCogB_Task-1,1,7,0,layered_erp5,1,1,0.5429722249626722
VisualCogB_Task-1,1,8,0,layered_erp5,-1,1,0.5856730764898711
VisualCogB_Task-1,1,9,0,layered_erp5,-1,1,0.5052054534998915
VisualCogB_Task-1,1,10,0,layered_erp5,-1,-1,0.4969032639969565
VisualCogB_Task-1,1,11,0,layered_erp5,1,-1,0.44892745165856246
VisualCogB_Task-1,1,12,0,layered_erp5,-1,1,0.546773451207511
VisualCogB_Task-1,1,13,0,layered_erp5,1,-1,0.4722417748587935
VisualCogB_Task-1,1,15,0,layered_erp5,-1,1,0.5148181000449757
VisualCogB_Task-1,1,16,0,layered_erp5,1,-1,0.49205712786127404
VisualCogB_Task-1,1,17,0,layered_erp5,-1,-1,0.4542228253076874
VisualCogB_Task-1,1,18,0,layered_erp5,-1,1,0.5140077438784191
VisualCogB_Task-1,1,19,0,layered_erp5,1,-1,0.3164059019716573
VisualCogB_Task-1,1,20,0,layered_erp5,-1,1,0.5129603603823841
VisualCogA_Task-2,2,1,0,layered4,1,1,0.5665884567971418
VisualCogA_Task-2,2,2,0,layered4,-1,-1,0.4487186875842039
VisualCogA_Task-2,2,3,0,layered4,-1,-1,0.46982256478087847
VisualCogA_Task-2,2,4,0,layered4,-1,-1,0.4961737255566228
VisualCogA_Task-2,2,5,0,layered4,1,-1,0.4909108742640677
VisualCogA_Task-2,2,6,0,layered4,-1,-1,0.4930534165710341
VisualCogA_Task-2,2,7,0,layered4,1,1,0.5179181987989462
VisualCogA_Task-2,2,8,0,layered4,1,1,0.5103886759913838
VisualCogA_Task-2,2,9,0,layered4,-1,-1,0.4999996385499164
VisualCogA_Task-2,2,10,0,layered4,-1,1,0.5327661524752914
VisualCogA_Task-2,2,11,0,layered4,1,1,0.5015620275530069
VisualCogA_Task-2,2,12,0,layered4,1,-1,0.49408708743168217
VisualCogA_Task-2,2,13,0,layered4,1,1,0.5624550908211103
VisualCogA_Task-2,2,14,0,layered4,-1,1,0.5036276352555987
VisualCogA_Task-2,2,15,0,layered4,-1,-1,0.4188940997055287
VisualCogA_Task-2,2,16,0,layered4,-1,1,0.5058018191962962
VisualCogA_Task-2,2,17,0,layered4,1,1,0.616918636759348
VisualCogA_Task-2,2,18,0,layered4,1,1,0.5361712518456656
VisualCogA_Task-2,2,19,0,layered4,-1,1,0.5954835101737235
VisualCogA_Task-2,2,20,0,layered4,-1,1,0.51814322607274
VisualCogB_Task-2,2,1,0,layered4,-1,1,0.5128168461064769
VisualCogB_Task-2,2,3,0,layered4,-1,1,0.5279716792635067
VisualCogB_Task-2,2,4,0,layered4,1,-1,0.4835408817658601
VisualCogB_Task-2,2,5,0,layered4,-1,-1,0.49472973867631803
VisualCogB_Task-2,2,6,0,layered4,1,1,0.5912055795650174
VisualCogB_Task-2,2,8,0,layered4,1,1,0.5579474111485787
VisualCogB_Task-2,2,9,0,layered4,1,1,0.500953369785593
VisualCogB_Task-2,2,11,0,layered4,1,1,0.617642715857058
VisualCogB_Task-2,2,12,0,layered4,1,-1,0.4850083953062234
VisualCogB_Task-2,2,13,0,layered4,1,-1,0.498377199979857
VisualCogB_Task-2,2,17,0,layered4,-1,1,0.5303206913495049
VisualCogB_Task-2,2,18,0,layered4,1,-1,0.4758955788518088
VisualCogB_Task-2,2,19,0,layered4,1,-1,0.49694179255173754
VisualCogA_Task-2,2,1,0,layered_erp5,1,1,0.6602946270821111
VisualCogA_Task-2,2,2,0,layered_erp5,-1,1,0.5108437822384112
VisualCogA_Task-2,2,3,0,layered_erp5,-1,-1,0.45495159408906094
VisualCogA_Task-2,2,4,0,layered_erp5,-1,1,0.5374720615558924
VisualCogA_Task-2,2,5,0,layered_erp5,1,-1,0.45249295387229277
VisualCogA_Task-2,2,6,0,layered_erp5,-1,1,0.543572756144412
VisualCogA_Task-2,2,7,0,layered_erp5,1,1,0.5346946838869393
VisualCogA_Task-2,2,8,0,layered_erp5,1,-1,0.48557243743808165
VisualCogA_Task-2,2,9,0,layered_erp5,-1,-1,0.48408509079240525
VisualCogA_Task-2,2,10,0,layered_erp5,-1,-1,0.49856891766148365
VisualCogA_Task-2,2,11,0,layered_erp5,1,1,0.5218392348697601
VisualCogA_Task-2,2,12,0,layered_erp5,1,-1,0.40176893888377924
VisualCogA_Task-2,2,13,0,layered_erp5,1,1,0.6003387759793555
VisualCogA_Task-2,2,14,0,layered_erp5,-1,-1,0.384977042918045
VisualCogA_Task-2,2,15,0,layered_erp5,-1,-1,0.3877260627952658
VisualCogA_Task-2,2,16,0,layered_erp5,-1,1,0.5444329253890745
VisualCogA_Task-2,2,17,0,layered_erp5,1,1,0.5208732547372183
VisualCogA_Task-2,2,18,0,layered_erp5,1,-1,0.43025581872573065
VisualCogA_Task-2,2,19,0,layered_erp5,-1,1,0.5458163102466483
VisualCogA_Task-2,2,20,0,layered_erp5,-1,-1,0.49790437121563036
VisualCogB_Task-2,2,1,0,layered_erp5,-1,-1,0.4557296218705129
VisualCogB_Task-2,2,3,0,layered_erp5,-1,1,0.5309382051539062
VisualCogB_Task-2,2,4,0,layered_erp5,1,-1,0.48107662996417117
VisualCogB_Task-2,2,5,0,layered_erp5,-1,1,0.5067448580859146
VisualCogB_Task-2,2,6,0,layered_erp5,1,1,0.7111086696962842
VisualCogB_Task-2,2,8,0,layered_erp5,1,1,0.5762830980651311
VisualCogB_Task-2,2,9,0,layered_erp5,1,1,0.5297267531626058
VisualCogB_Task-2,2,11,0,layered_erp5,1,1,0.6361177886201382
VisualCogB_Task-2,2,12,0,layered_erp5,1,1,0.5278573586926159
VisualCogB_Task-2,2,13,0,layered_erp5,1,1,0.5003932369645749
VisualCogB_Task-2,2,17,0,layered_erp5,-1,1,0.5943536195597963
VisualCogB_Task-2,2,18,0,layered_erp5,1,-1,0.46060770771992876
VisualCogB_Task-2,2,19,0,layered_erp5,1,1,0.5158684173500507
VisualCogA_Task-1,1,21,1,mechanistic5,-1,1,0.5012249990724221
VisualCogA_Task-1,1,23,1,mechanistic5,1,1,0.5125964220268071
VisualCogA_Task-1,1,24,1,mechanistic5,-1,1,0.5014619232674559
VisualCogA_Task-1,1,25,1,mechanistic5,-1,1,0.5258392778074611
VisualCogA_Task-1,1,26,1,mechanistic5,1,-1,0.49544223248452757
VisualCogA_Task-1,1,28,1,mechanistic5,-1,1,0.5046529291909128
VisualCogA_Task-1,1,29,1,mechanistic5,-1,-1,0.49776269241402293
VisualCogA_Task-1,1,30,1,mechanistic5,-1,-1,0.49860354800286183
VisualCogA_Task-1,1,31,1,mechanistic5,-1,1,0.5122983047265623
VisualCogA_Task-1,1,32,1,mechanistic5,1,-1,0.49982649203159474
VisualCogA_Task-1,1,33,1,mechanistic5,1,1,0.502076390910297
VisualCogA_Task-1,1,34,1,mechanistic5,-1,1,0.5020790754534776
VisualCogA_Task-1,1,35,1,mechanistic5,1,1,0.5016344701800558
VisualCogA_Task-1,1,37,1,mechanistic5,-1,1,0.5044264298571131
VisualCogA_Task-1,1,38,1,mechanistic5,-1,-1,0.4951252052805361
VisualCogB_Task-1,1,21,1,mechanistic5,1,1,0.5040551245647246
VisualCogB_Task-1,1,22,1,mechanistic5,1,1,0.5046294855486504
VisualCogB_Task-1,1,24,1,mechanistic5,1,1,0.5062231902733515
VisualCogB_Task-1,1,26,1,mechanistic5,1,1,0.5084528285840072
VisualCogB_Task-1,1,27,1,mechanistic5,1,1,0.5033129702917759
VisualCogB_Task-1,1,28,1,mechanistic5,1,-1,0.4893839570071388
VisualCogB_Task-1,1,29,1,mechanistic5,1,1,0.5038346670762002
VisualCogB_Task-1,1,30,1,mechanistic5,-1,-1,0.45371487071593025
VisualCogB_Task-1,1,31,1,mechanistic5,1,1,0.5272509258214727
VisualCogB_Task-1,1,32,1,mechanistic5,-1,-1,0.48972601610997896
VisualCogB_Task-1,1,33,1,mechanistic5,-1,1,0.5013353790861369
VisualCogB_Task-1,1,34,1,mechanistic5,1,-1,0.48090690064845837
VisualCogB_Task-1,1,35,1,mechanistic5,-1,1,0.5338431797794218
VisualCogB_Task-1,1,37,1,mechanistic5,-1,1,0.5267595552309303
VisualCogB_Task-1,1,38,1,mechanistic5,-1,-1,0.49590590031636417
VisualCogB_Task-1,1,39,1,mechanistic5,1,-1,0.47684210788635767
VisualCogB_Task-1,1,40,1,mechanistic5,1,1,0.524503498838886
VisualCogA_Task-1,1,21,1,physical4,-1,-1,0.4999340597617876
VisualCogA_Task-1,1,23,1,physical4,1,1,0.5049612734906113
VisualCogA_Task-1,1,24,1,physical4,-1,1,0.5001773058172954
VisualCogA_Task-1,1,25,1,physical4,-1,1,0.5278645577388784
VisualCogA_Task-1,1,26,1,physical4,1,-1,0.49629235399718524
VisualCogA_Task-1,1,28,1,physical4,-1,1,0.5007630794898181
VisualCogA_Task-1,1,29,1,physical4,-1,-1,0.4967022380630693
VisualCogA_Task-1,1,30,1,physical4,-1,-1,0.4982017346664414
VisualCogA_Task-1,1,31,1,physical4,-1,1,0.5130185698798491
VisualCogA_Task-1,1,32,1,physical4,1,-1,0.4994712392002499
VisualCogA_Task-1,1,33,1,physical4,1,1,0.501400820793487
VisualCogA_Task-1,1,34,1,physical4,-1,1,0.5024851553267958
VisualCogA_Task-1,1,35,1,physical4,1,1,0.5014400469574402
VisualCogA_Task-1,1,37,1,physical4,-1,1,0.5030652301269376
VisualCogA_Task-1,1,38,1,physical4,-1,-1,0.4963125872344593
VisualCogB_Task-1,1,21,1,physical4,1,1,0.5029814038852767
VisualCogB_Task-1,1,22,1,physical4,1,1,0.5037739080118313
VisualCogB_Task-1,1,24,1,physical4,1,1,0.5064214619747649
VisualCogB_Task-1,1,26,1,physical4,1,1,0.5073833021265549
VisualCogB_Task-1,1,27,1,physical4,1,1,0.5042753116644068
VisualCogB_Task-1,1,28,1,physical4,1,-1,0.4914510716732885
VisualCogB_Task-1,1,29,1,physical4,1,1,0.5032538595502601
VisualCogB_Task-1,1,30,1,physical4,-1,-1,0.4641444221398398
VisualCogB_Task-1,1,31,1,physical4,1,1,0.5210577441990557
VisualCogB_Task-1,1,32,1,physical4,-1,-1,0.489434115414228
VisualCogB_Task-1,1,33,1,physical4,-1,1,0.5001964349190327
VisualCogB_Task-1,1,34,1,physical4,1,-1,0.4818893880456286
VisualCogB_Task-1,1,35,1,physical4,-1,1,0.5254148859955231
VisualCogB_Task-1,1,37,1,physical4,-1,1,0.5204054192234826
VisualCogB_Task-1,1,38,1,physical4,-1,1,0.5002944741472314
VisualCogB_Task-1,1,39,1,physical4,1,-1,0.48255319751895437
VisualCogB_Task-1,1,40,1,physical4,1,1,0.5257626804680519
VisualCogA_Task-1,1,21,1,erp5,-1,1,0.5221538459320733
VisualCogA_Task-1,1,23,1,erp5,1,1,0.6485672248119975
VisualCogA_Task-1,1,24,1,erp5,-1,-1,0.4959159947619898
VisualCogA_Task-1,1,25,1,erp5,-1,1,0.5426852618200019
VisualCogA_Task-1,1,26,1,erp5,1,-1,0.4528378059080917
VisualCogA_Task-1,1,28,1,erp5,-1,1,0.5405927208923476
VisualCogA_Task-1,1,29,1,erp5,-1,-1,0.4812460330406454
VisualCogA_Task-1,1,30,1,erp5,-1,-1,0.4997856663125783
VisualCogA_Task-1,1,31,1,erp5,-1,1,0.5194520546132423
VisualCogA_Task-1,1,32,1,erp5,1,1,0.5182760301351548
VisualCogA_Task-1,1,33,1,erp5,1,1,0.521437117436228
VisualCogA_Task-1,1,34,1,erp5,-1,1,0.528855889765378
VisualCogA_Task-1,1,35,1,erp5,1,1,0.5077302822786103
VisualCogA_Task-1,1,37,1,erp5,-1,1,0.5566703368588735
VisualCogA_Task-1,1,38,1,erp5,-1,-1,0.481477747042529
VisualCogB_Task-1,1,21,1,erp5,1,1,0.5099284198750217
VisualCogB_Task-1,1,22,1,erp5,1,1,0.5201708460312481
VisualCogB_Task-1,1,24,1,erp5,1,1,0.549965730264009
VisualCogB_Task-1,1,26,1,erp5,1,1,0.5825289769995551
VisualCogB_Task-1,1,27,1,erp5,1,1,0.5911514854322527
VisualCogB_Task-1,1,28,1,erp5,1,1,0.578004470025518
VisualCogB_Task-1,1,29,1,erp5,1,1,0.536750773813843
VisualCogB_Task-1,1,30,1,erp5,-1,-1,0.46923848281530584
VisualCogB_Task-1,1,31,1,erp5,1,1,0.5796901275365275
VisualCogB_Task-1,1,32,1,erp5,-1,-1,0.2921360715301211
VisualCogB_Task-1,1,33,1,erp5,-1,1,0.5038977380474856
VisualCogB_Task-1,1,34,1,erp5,1,-1,0.30175353300602503
VisualCogB_Task-1,1,35,1,erp5,-1,1,0.6956515527610503
VisualCogB_Task-1,1,37,1,erp5,-1,1,0.6581587567911757
VisualCogB_Task-1,1,38,1,erp5,-1,-1,0.4717302376738341
VisualCogB_Task-1,1,39,1,erp5,1,-1,0.39783267503149655
VisualCogB_Task-1,1,40,1,erp5,1,1,0.8709342780459023
VisualCogA_Task-1,1,21,1,prestim4,-1,-1,0.45874229554766754
VisualCogA_Task-1,1,23,1,prestim4,1,-1,0.45575418456337685
VisualCogA_Task-1,1,24,1,prestim4,-1,-1,0.47344638796469063
VisualCogA_Task-1,1,25,1,prestim4,-1,1,0.5949658900135353
VisualCogA_Task-1,1,26,1,prestim4,1,-1,0.48858703964670896
VisualCogA_Task-1,1,28,1,prestim4,-1,-1,0.4968271553665207
VisualCogA_Task-1,1,29,1,prestim4,-1,-1,0.443926526325723
VisualCogA_Task-1,1,30,1,prestim4,-1,-1,0.48309440305108514
VisualCogA_Task-1,1,31,1,prestim4,-1,1,0.50635357573598
VisualCogA_Task-1,1,32,1,prestim4,1,-1,0.49576482756223533
VisualCogA_Task-1,1,33,1,prestim4,1,1,0.511709122757355
VisualCogA_Task-1,1,34,1,prestim4,-1,1,0.5148372306692335
VisualCogA_Task-1,1,35,1,prestim4,1,1,0.517364093338832
VisualCogA_Task-1,1,37,1,prestim4,-1,-1,0.4805945192712942
VisualCogA_Task-1,1,38,1,prestim4,-1,-1,0.47442675241974935
VisualCogB_Task-1,1,21,1,prestim4,1,1,0.5087898925064488
VisualCogB_Task-1,1,22,1,prestim4,1,1,0.5050769726224742
VisualCogB_Task-1,1,24,1,prestim4,1,1,0.5231346958854973
VisualCogB_Task-1,1,26,1,prestim4,1,-1,0.4770349556492449
VisualCogB_Task-1,1,27,1,prestim4,1,-1,0.4576438163359281
VisualCogB_Task-1,1,28,1,prestim4,1,1,0.753726507756738
VisualCogB_Task-1,1,29,1,prestim4,1,-1,0.475855896523519
VisualCogB_Task-1,1,30,1,prestim4,-1,-1,0.2930198080519822
VisualCogB_Task-1,1,31,1,prestim4,1,1,0.5004441611033723
VisualCogB_Task-1,1,32,1,prestim4,-1,1,0.5253700165646188
VisualCogB_Task-1,1,33,1,prestim4,-1,1,0.5036898668056148
VisualCogB_Task-1,1,34,1,prestim4,1,-1,0.4330536213124323
VisualCogB_Task-1,1,35,1,prestim4,-1,1,0.5094469567267201
VisualCogB_Task-1,1,37,1,prestim4,-1,1,0.6430507899540114
VisualCogB_Task-1,1,38,1,prestim4,-1,1,0.579744236715383
VisualCogB_Task-1,1,39,1,prestim4,1,-1,0.45846896158036526
VisualCogB_Task-1,1,40,1,prestim4,1,-1,0.4703806774597109
VisualCogA_Task-2,2,21,1,mechanistic5,1,-1,0.4802987068021518
VisualCogA_Task-2,2,22,1,mechanistic5,-1,1,0.5305538261809872
VisualCogA_Task-2,2,24,1,mechanistic5,1,-1,0.4985507502290275
VisualCogA_Task-2,2,25,1,mechanistic5,-1,1,0.5086155869245883
VisualCogA_Task-2,2,26,1,mechanistic5,-1,1,0.5004591909941116
VisualCogA_Task-2,2,27,1,mechanistic5,1,1,0.5578304513109182
VisualCogA_Task-2,2,28,1,mechanistic5,1,1,0.5082820599302882
VisualCogA_Task-2,2,29,1,mechanistic5,1,1,0.567409936228663
VisualCogA_Task-2,2,32,1,mechanistic5,-1,1,0.509598353231625
VisualCogA_Task-2,2,35,1,mechanistic5,-1,1,0.5043623618228604
VisualCogA_Task-2,2,36,1,mechanistic5,1,-1,0.49157686637103876
VisualCogA_Task-2,2,37,1,mechanistic5,1,-1,0.4895712431782091
VisualCogA_Task-2,2,38,1,mechanistic5,-1,1,0.5117855741436307
VisualCogA_Task-2,2,40,1,mechanistic5,-1,1,0.5624059627758666
VisualCogB_Task-2,2,21,1,mechanistic5,1,-1,0.4307759741847898
VisualCogB_Task-2,2,22,1,mechanistic5,1,-1,0.45969696789771797
VisualCogB_Task-2,2,24,1,mechanistic5,-1,-1,0.47948502725287817
VisualCogB_Task-2,2,25,1,mechanistic5,-1,-1,0.49089683169883863
VisualCogB_Task-2,2,26,1,mechanistic5,1,1,0.6276264477328688
VisualCogB_Task-2,2,27,1,mechanistic5,-1,-1,0.4340132572649858
VisualCogB_Task-2,2,28,1,mechanistic5,-1,-1,0.484136517689154
VisualCogB_Task-2,2,29,1,mechanistic5,-1,1,0.5210403359550281
VisualCogB_Task-2,2,30,1,mechanistic5,1,-1,0.4900036074437992
VisualCogB_Task-2,2,31,1,mechanistic5,1,-1,0.49633717577311703
VisualCogB_Task-2,2,33,1,mechanistic5,1,1,0.5116133291043203
VisualCogB_Task-2,2,34,1,mechanistic5,1,-1,0.46282625826640655
VisualCogB_Task-2,2,35,1,mechanistic5,-1,-1,0.4925248365255087
VisualCogB_Task-2,2,36,1,mechanistic5,1,1,0.5362042057325392
VisualCogB_Task-2,2,37,1,mechanistic5,-1,-1,0.4761302952649703
VisualCogB_Task-2,2,38,1,mechanistic5,-1,1,0.6245883205322318
VisualCogB_Task-2,2,39,1,mechanistic5,1,-1,0.46963639332678514
VisualCogB_Task-2,2,40,1,mechanistic5,1,-1,0.4818134449178815
VisualCogA_Task-2,2,21,1,physical4,1,-1,0.48258865571486137
VisualCogA_Task-2,2,22,1,physical4,-1,1,0.5297860055270811
VisualCogA_Task-2,2,24,1,physical4,1,-1,0.4978197895248605
VisualCogA_Task-2,2,25,1,physical4,-1,1,0.5059380935886136
VisualCogA_Task-2,2,26,1,physical4,-1,1,0.5000757221819575
VisualCogA_Task-2,2,27,1,physical4,1,1,0.5449811449208178
VisualCogA_Task-2,2,28,1,physical4,1,1,0.507161731025861
VisualCogA_Task-2,2,29,1,physical4,1,1,0.5535565681248145
VisualCogA_Task-2,2,32,1,physical4,-1,1,0.5078062340709736
VisualCogA_Task-2,2,35,1,physical4,-1,1,0.503456202861977
VisualCogA_Task-2,2,36,1,physical4,1,-1,0.4935944160487573
VisualCogA_Task-2,2,37,1,physical4,1,-1,0.49651141236222074
VisualCogA_Task-2,2,38,1,physical4,-1,1,0.5082471785796271
VisualCogA_Task-2,2,40,1,physical4,-1,1,0.5508464935172577
VisualCogB_Task-2,2,21,1,physical4,1,-1,0.44781378637399405
VisualCogB_Task-2,2,22,1,physical4,1,-1,0.4712951193647791
VisualCogB_Task-2,2,24,1,physical4,-1,-1,0.4848941501162243
VisualCogB_Task-2,2,25,1,physical4,-1,-1,0.4997192705034948
VisualCogB_Task-2,2,26,1,physical4,1,1,0.6004868704195134
VisualCogB_Task-2,2,27,1,physical4,-1,-1,0.4482000318630914
VisualCogB_Task-2,2,28,1,physical4,-1,-1,0.4865494311966043
VisualCogB_Task-2,2,29,1,physical4,-1,1,0.5227633335867004
VisualCogB_Task-2,2,30,1,physical4,1,-1,0.48658325994395324
VisualCogB_Task-2,2,31,1,physical4,1,1,0.501287401443136
VisualCogB_Task-2,2,33,1,physical4,1,1,0.5160713486714492
VisualCogB_Task-2,2,34,1,physical4,1,-1,0.4767395460354122
VisualCogB_Task-2,2,35,1,physical4,-1,-1,0.49670309754334374
VisualCogB_Task-2,2,36,1,physical4,1,1,0.5229822596653547
VisualCogB_Task-2,2,37,1,physical4,-1,-1,0.48180656689612905
VisualCogB_Task-2,2,38,1,physical4,-1,1,0.6049608149725137
VisualCogB_Task-2,2,39,1,physical4,1,-1,0.47919422369650216
VisualCogB_Task-2,2,40,1,physical4,1,-1,0.4877722355807208
VisualCogA_Task-2,2,21,1,erp5,1,-1,0.4829512570253825
VisualCogA_Task-2,2,22,1,erp5,-1,1,0.5197908497923687
VisualCogA_Task-2,2,24,1,erp5,1,-1,0.4995701796588275
VisualCogA_Task-2,2,25,1,erp5,-1,1,0.5057626157738607
VisualCogA_Task-2,2,26,1,erp5,-1,-1,0.4983146488799835
VisualCogA_Task-2,2,27,1,erp5,1,1,0.55071917196277
VisualCogA_Task-2,2,28,1,erp5,1,1,0.506094531948927
VisualCogA_Task-2,2,29,1,erp5,1,1,0.5565932092426626
VisualCogA_Task-2,2,32,1,erp5,-1,1,0.5116371069947502
VisualCogA_Task-2,2,35,1,erp5,-1,1,0.5044642700470338
VisualCogA_Task-2,2,36,1,erp5,1,-1,0.49182010604074894
VisualCogA_Task-2,2,37,1,erp5,1,-1,0.4801545636220157
VisualCogA_Task-2,2,38,1,erp5,-1,1,0.5094873144335391
VisualCogA_Task-2,2,40,1,erp5,-1,1,0.5581731674532233
VisualCogB_Task-2,2,21,1,erp5,1,-1,0.43279786120335306
VisualCogB_Task-2,2,22,1,erp5,1,-1,0.46476772054309823
VisualCogB_Task-2,2,24,1,erp5,-1,-1,0.4871405612022229
VisualCogB_Task-2,2,25,1,erp5,-1,1,0.5125391071475418
VisualCogB_Task-2,2,26,1,erp5,1,1,0.6389287445578322
VisualCogB_Task-2,2,27,1,erp5,-1,-1,0.4190346434608799
VisualCogB_Task-2,2,28,1,erp5,-1,-1,0.4835425429102309
VisualCogB_Task-2,2,29,1,erp5,-1,1,0.5413955805250601
VisualCogB_Task-2,2,30,1,erp5,1,1,0.5041069604381009
VisualCogB_Task-2,2,31,1,erp5,1,1,0.5040129655322934
VisualCogB_Task-2,2,33,1,erp5,1,1,0.5042744330583497
VisualCogB_Task-2,2,34,1,erp5,1,-1,0.47289022253476815
VisualCogB_Task-2,2,35,1,erp5,-1,1,0.5057902392708042
VisualCogB_Task-2,2,36,1,erp5,1,1,0.5422328392921798
VisualCogB_Task-2,2,37,1,erp5,-1,-1,0.4763128761324786
VisualCogB_Task-2,2,38,1,erp5,-1,1,0.6338682314071159
VisualCogB_Task-2,2,39,1,erp5,1,-1,0.47776958748696485
VisualCogB_Task-2,2,40,1,erp5,1,-1,0.4841963501300883
VisualCogA_Task-2,2,21,1,prestim4,1,1,0.5263406215053268
VisualCogA_Task-2,2,22,1,prestim4,-1,1,0.5790734974325712
VisualCogA_Task-2,2,24,1,prestim4,1,-1,0.48017098433153893
VisualCogA_Task-2,2,25,1,prestim4,-1,-1,0.49714851636733975
VisualCogA_Task-2,2,26,1,prestim4,-1,-1,0.48766260140150786
VisualCogA_Task-2,2,27,1,prestim4,1,1,0.5391700398484381
VisualCogA_Task-2,2,28,1,prestim4,1,1,0.5221221021529251
VisualCogA_Task-2,2,29,1,prestim4,1,1,0.5511081544947806
VisualCogA_Task-2,2,32,1,prestim4,-1,-1,0.4613138050602986
VisualCogA_Task-2,2,35,1,prestim4,-1,-1,0.47771138082071885
VisualCogA_Task-2,2,36,1,prestim4,1,-1,0.472399349547035
VisualCogA_Task-2,2,37,1,prestim4,1,1,0.5504708958683959
VisualCogA_Task-2,2,38,1,prestim4,-1,-1,0.49325236154013247
VisualCogA_Task-2,2,40,1,prestim4,-1,1,0.5504140011640054
VisualCogB_Task-2,2,21,1,prestim4,1,-1,0.43155888765749284
VisualCogB_Task-2,2,22,1,prestim4,1,-1,0.46424337400189475
VisualCogB_Task-2,2,24,1,prestim4,-1,1,0.5096182626276029
VisualCogB_Task-2,2,25,1,prestim4,-1,1,0.5268099862263239
VisualCogB_Task-2,2,26,1,prestim4,1,1,0.559696178897283
VisualCogB_Task-2,2,27,1,prestim4,-1,-1,0.4602434779735175
VisualCogB_Task-2,2,28,1,prestim4,-1,-1,0.4914455324487859
VisualCogB_Task-2,2,29,1,prestim4,-1,1,0.5438576089252452
VisualCogB_Task-2,2,30,1,prestim4,1,1,0.5092059035414234
VisualCogB_Task-2,2,31,1,prestim4,1,-1,0.49510997608516977
VisualCogB_Task-2,2,33,1,prestim4,1,1,0.5038422466492387
VisualCogB_Task-2,2,34,1,prestim4,1,-1,0.4931287709824657
VisualCogB_Task-2,2,35,1,prestim4,-1,1,0.5218318495461305
VisualCogB_Task-2,2,36,1,prestim4,1,1,0.5519763048801404
VisualCogB_Task-2,2,37,1,prestim4,-1,-1,0.45687181875963173
VisualCogB_Task-2,2,38,1,prestim4,-1,1,0.5428697802377104
VisualCogB_Task-2,2,39,1,prestim4,1,-1,0.499104196204392
VisualCogB_Task-2,2,40,1,prestim4,1,-1,0.48318498721594366
VisualCogA_Task-1,1,21,1,layered4,-1,-1,0.49369632488071835
VisualCogA_Task-1,1,23,1,layered4,1,1,0.5116655893413162
VisualCogA_Task-1,1,24,1,layered4,-1,1,0.5524397406989027
VisualCogA_Task-1,1,25,1,layered4,-1,1,0.6160833464041385
VisualCogA_Task-1,1,26,1,layered4,1,1,0.5452462327598768
VisualCogA_Task-1,1,28,1,layered4,-1,1,0.5785209620418891
VisualCogA_Task-1,1,29,1,layered4,-1,-1,0.4817643630554642
VisualCogA_Task-1,1,30,1,layered4,-1,-1,0.4928191993054903
VisualCogA_Task-1,1,31,1,layered4,-1,1,0.5665596543749422
VisualCogA_Task-1,1,32,1,layered4,1,-1,0.4833385197045341
VisualCogA_Task-1,1,33,1,layered4,1,1,0.509112364474071
VisualCogA_Task-1,1,34,1,layered4,-1,-1,0.4885643608393509
VisualCogA_Task-1,1,35,1,layered4,1,1,0.508074819855034
VisualCogA_Task-1,1,37,1,layered4,-1,-1,0.48997589118391666
VisualCogA_Task-1,1,38,1,layered4,-1,-1,0.4764150126497362
VisualCogB_Task-1,1,21,1,layered4,1,1,0.509143709592699
VisualCogB_Task-1,1,22,1,layered4,1,1,0.5190649076365909
VisualCogB_Task-1,1,24,1,layered4,1,1,0.5043959269818933
VisualCogB_Task-1,1,26,1,layered4,1,1,0.5412120202383641
VisualCogB_Task-1,1,27,1,layered4,1,1,0.5267532090997793
VisualCogB_Task-1,1,28,1,layered4,1,-1,0.45042544744158136
VisualCogB_Task-1,1,29,1,layered4,1,1,0.5051148730513828
VisualCogB_Task-1,1,30,1,layered4,-1,-1,0.32596828017955465
VisualCogB_Task-1,1,31,1,layered4,1,1,0.5914887518769986
VisualCogB_Task-1,1,32,1,layered4,-1,-1,0.42412787094049426
VisualCogB_Task-1,1,33,1,layered4,-1,-1,0.4963124737490988
VisualCogB_Task-1,1,34,1,layered4,1,-1,0.41286914183171497
VisualCogB_Task-1,1,35,1,layered4,-1,1,0.5769465872844668
VisualCogB_Task-1,1,37,1,layered4,-1,1,0.5893418933861282
VisualCogB_Task-1,1,38,1,layered4,-1,-1,0.44784392992781197
VisualCogB_Task-1,1,39,1,layered4,1,-1,0.4265486694366727
VisualCogB_Task-1,1,40,1,layered4,1,1,0.616264829430115
VisualCogA_Task-1,1,21,1,layered_erp5,-1,1,0.514117842369669
VisualCogA_Task-1,1,23,1,layered_erp5,1,1,0.6174707628542225
VisualCogA_Task-1,1,24,1,layered_erp5,-1,1,0.5927660448008361
VisualCogA_Task-1,1,25,1,layered_erp5,-1,1,0.511613388845745
VisualCogA_Task-1,1,26,1,layered_erp5,1,1,0.5757061031458769
VisualCogA_Task-1,1,28,1,layered_erp5,-1,1,0.6715671028025125
VisualCogA_Task-1,1,29,1,layered_erp5,-1,-1,0.4812330205481695
VisualCogA_Task-1,1,30,1,layered_erp5,-1,-1,0.49642916259776065
VisualCogA_Task-1,1,31,1,layered_erp5,-1,1,0.5305380285335257
VisualCogA_Task-1,1,32,1,layered_erp5,1,-1,0.49321183353597836
VisualCogA_Task-1,1,33,1,layered_erp5,1,1,0.5213458473621261
VisualCogA_Task-1,1,34,1,layered_erp5,-1,-1,0.4786427630333645
VisualCogA_Task-1,1,35,1,layered_erp5,1,1,0.5113767233859028
VisualCogA_Task-1,1,37,1,layered_erp5,-1,1,0.5061074140643717
VisualCogA_Task-1,1,38,1,layered_erp5,-1,-1,0.4682642929991698
VisualCogB_Task-1,1,21,1,layered_erp5,1,-1,0.494211342190926
VisualCogB_Task-1,1,22,1,layered_erp5,1,1,0.5250896514581885
VisualCogB_Task-1,1,24,1,layered_erp5,1,-1,0.49359382815187197
VisualCogB_Task-1,1,26,1,layered_erp5,1,1,0.5749283284200861
VisualCogB_Task-1,1,27,1,layered_erp5,1,1,0.5903904606264778
VisualCogB_Task-1,1,28,1,layered_erp5,1,1,0.5384580470509173
VisualCogB_Task-1,1,29,1,layered_erp5,1,1,0.5129237317146871
VisualCogB_Task-1,1,30,1,layered_erp5,-1,-1,0.44972519570919783
VisualCogB_Task-1,1,31,1,layered_erp5,1,1,0.5592686132194998
VisualCogB_Task-1,1,32,1,layered_erp5,-1,-1,0.32372160853536835
VisualCogB_Task-1,1,33,1,layered_erp5,-1,-1,0.4738448806863086
VisualCogB_Task-1,1,34,1,layered_erp5,1,-1,0.3494655431106023
VisualCogB_Task-1,1,35,1,layered_erp5,-1,1,0.5671971910957541
VisualCogB_Task-1,1,37,1,layered_erp5,-1,1,0.6072601107271047
VisualCogB_Task-1,1,38,1,layered_erp5,-1,-1,0.4472690276212614
VisualCogB_Task-1,1,39,1,layered_erp5,1,-1,0.46664517830809915
VisualCogB_Task-1,1,40,1,layered_erp5,1,1,0.7974443777905296
VisualCogA_Task-2,2,21,1,layered4,1,-1,0.43544335070274376
VisualCogA_Task-2,2,22,1,layered4,-1,1,0.6371201165056377
VisualCogA_Task-2,2,24,1,layered4,1,1,0.5216580151250665
VisualCogA_Task-2,2,25,1,layered4,-1,-1,0.48365857806618223
VisualCogA_Task-2,2,26,1,layered4,-1,-1,0.47130629917750305
VisualCogA_Task-2,2,27,1,layered4,1,1,0.6761749772307659
VisualCogA_Task-2,2,28,1,layered4,1,1,0.5438297894603377
VisualCogA_Task-2,2,29,1,layered4,1,1,0.6912741287896216
VisualCogA_Task-2,2,32,1,layered4,-1,1,0.5478349455471961
VisualCogA_Task-2,2,35,1,layered4,-1,-1,0.4934493706601081
VisualCogA_Task-2,2,36,1,layered4,1,1,0.5016482943661752
VisualCogA_Task-2,2,37,1,layered4,1,-1,0.3175574696107841
VisualCogA_Task-2,2,38,1,layered4,-1,1,0.5370640477584862
VisualCogA_Task-2,2,40,1,layered4,-1,1,0.6454826629095475
VisualCogB_Task-2,2,21,1,layered4,1,-1,0.3289526071249766
VisualCogB_Task-2,2,22,1,layered4,1,-1,0.44506592342376505
VisualCogB_Task-2,2,24,1,layered4,-1,1,0.5135026291719222
VisualCogB_Task-2,2,25,1,layered4,-1,-1,0.38751997680090444
VisualCogB_Task-2,2,26,1,layered4,1,1,0.7776051809935636
VisualCogB_Task-2,2,27,1,layered4,-1,-1,0.39720691248188467
VisualCogB_Task-2,2,28,1,layered4,-1,-1,0.45141013335536684
VisualCogB_Task-2,2,29,1,layered4,-1,1,0.6078822034155801
VisualCogB_Task-2,2,30,1,layered4,1,-1,0.39490550501247446
VisualCogB_Task-2,2,31,1,layered4,1,1,0.5343919577696846
VisualCogB_Task-2,2,33,1,layered4,1,1,0.5291487045513676
VisualCogB_Task-2,2,34,1,layered4,1,-1,0.4877922669501106
VisualCogB_Task-2,2,35,1,layered4,-1,-1,0.48829816359463823
VisualCogB_Task-2,2,36,1,layered4,1,-1,0.4948192046197341
VisualCogB_Task-2,2,37,1,layered4,-1,-1,0.40893816857746323
VisualCogB_Task-2,2,38,1,layered4,-1,1,0.7476517907129199
VisualCogB_Task-2,2,39,1,layered4,1,-1,0.46824913538017543
VisualCogB_Task-2,2,40,1,layered4,1,-1,0.3707180168167568
VisualCogA_Task-2,2,21,1,layered_erp5,1,-1,0.44489699355131057
VisualCogA_Task-2,2,22,1,layered_erp5,-1,1,0.5864797862889888
VisualCogA_Task-2,2,24,1,layered_erp5,1,1,0.5295259530901741
VisualCogA_Task-2,2,25,1,layered_erp5,-1,-1,0.4731970806423031
VisualCogA_Task-2,2,26,1,layered_erp5,-1,-1,0.4623362681190843
VisualCogA_Task-2,2,27,1,layered_erp5,1,1,0.6642872411177306
VisualCogA_Task-2,2,28,1,layered_erp5,1,1,0.5391406298137836
VisualCogA_Task-2,2,29,1,layered_erp5,1,1,0.6637553841762028
VisualCogA_Task-2,2,32,1,layered_erp5,-1,1,0.5575527430649735
VisualCogA_Task-2,2,35,1,layered_erp5,-1,-1,0.4915614304302328
VisualCogA_Task-2,2,36,1,layered_erp5,1,1,0.5063436220045439
VisualCogA_Task-2,2,37,1,layered_erp5,1,-1,0.2846141690296887
VisualCogA_Task-2,2,38,1,layered_erp5,-1,1,0.5336218973476775
VisualCogA_Task-2,2,40,1,layered_erp5,-1,1,0.6408789061047565
VisualCogB_Task-2,2,21,1,layered_erp5,1,-1,0.31941491139793166
VisualCogB_Task-2,2,22,1,layered_erp5,1,-1,0.4473422011295472
VisualCogB_Task-2,2,24,1,layered_erp5,-1,1,0.530538558503131
VisualCogB_Task-2,2,25,1,layered_erp5,-1,-1,0.43421528731797143
VisualCogB_Task-2,2,26,1,layered_erp5,1,1,0.8235992490750664
VisualCogB_Task-2,2,27,1,layered_erp5,-1,-1,0.3460598944054256
VisualCogB_Task-2,2,28,1,layered_erp5,-1,-1,0.45051645357727965
VisualCogB_Task-2,2,29,1,layered_erp5,-1,1,0.6579114260917104
VisualCogB_Task-2,2,30,1,layered_erp5,1,-1,0.44203339261932206
VisualCogB_Task-2,2,31,1,layered_erp5,1,1,0.5520103174608908
VisualCogB_Task-2,2,33,1,layered_erp5,1,1,0.508167813618689
VisualCogB_Task-2,2,34,1,layered_erp5,1,-1,0.49788091430180886
VisualCogB_Task-2,2,35,1,layered_erp5,-1,1,0.5231928155204923
VisualCogB_Task-2,2,36,1,layered_erp5,1,1,0.5328716597919779
VisualCogB_Task-2,2,37,1,layered_erp5,-1,-1,0.4064993846593994
VisualCogB_Task-2,2,38,1,layered_erp5,-1,1,0.7860892546057023
VisualCogB_Task-2,2,39,1,layered_erp5,1,-1,0.47938274065032654
VisualCogB_Task-2,2,40,1,layered_erp5,1,-1,0.37055777757488517
VisualCogA_Task-1,1,42,2,mechanistic5,1,1,0.5171234112587985
VisualCogA_Task-1,1,43,2,mechanistic5,-1,1,0.5043052597832727
VisualCogA_Task-1,1,44,2,mechanistic5,1,-1,0.4862814139209938
VisualCogA_Task-1,1,45,2,mechanistic5,-1,-1,0.4652768401487101
VisualCogA_Task-1,1,47,2,mechanistic5,-1,-1,0.4885071063306132
VisualCogA_Task-1,1,48,2,mechanistic5,1,1,0.5108275875685532
VisualCogA_Task-1,1,49,2,mechanistic5,-1,1,0.5231567602224731
VisualCogA_Task-1,1,50,2,mechanistic5,-1,1,0.5567049069647515
VisualCogA_Task-1,1,51,2,mechanistic5,1,-1,0.48486391435965726
VisualCogA_Task-1,1,52,2,mechanistic5,1,1,0.6265750704893389
VisualCogA_Task-1,1,54,2,mechanistic5,-1,-1,0.4314277531716599
VisualCogA_Task-1,1,55,2,mechanistic5,1,1,0.5129842331486216
VisualCogA_Task-1,1,56,2,mechanistic5,-1,1,0.5493117545402458
VisualCogA_Task-1,1,57,2,mechanistic5,-1,1,0.5096361510782497
VisualCogA_Task-1,1,58,2,mechanistic5,1,1,0.5115681454201282
VisualCogA_Task-1,1,59,2,mechanistic5,1,1,0.5098994727125695
VisualCogA_Task-1,1,60,2,mechanistic5,-1,-1,0.46371624548855883
VisualCogB_Task-1,1,41,2,mechanistic5,-1,-1,0.49414666527132944
VisualCogB_Task-1,1,42,2,mechanistic5,1,-1,0.46914578042406924
VisualCogB_Task-1,1,43,2,mechanistic5,1,-1,0.4401851240923051
VisualCogB_Task-1,1,44,2,mechanistic5,1,-1,0.48954240547888445
VisualCogB_Task-1,1,45,2,mechanistic5,1,1,0.5103940593318406
VisualCogB_Task-1,1,48,2,mechanistic5,1,-1,0.4060900442425811
VisualCogB_Task-1,1,49,2,mechanistic5,1,1,0.5217719334803623
VisualCogB_Task-1,1,50,2,mechanistic5,-1,1,0.7052102770682261
VisualCogB_Task-1,1,51,2,mechanistic5,1,-1,0.4473678292200171
VisualCogB_Task-1,1,52,2,mechanistic5,-1,-1,0.48215673952303856
VisualCogB_Task-1,1,53,2,mechanistic5,1,1,0.512789044795591
VisualCogB_Task-1,1,55,2,mechanistic5,1,-1,0.47560368349574644
VisualCogB_Task-1,1,56,2,mechanistic5,-1,-1,0.4706533410105228
VisualCogB_Task-1,1,57,2,mechanistic5,1,1,0.5422539999519628
VisualCogB_Task-1,1,58,2,mechanistic5,1,-1,0.49793045283238674
VisualCogB_Task-1,1,59,2,mechanistic5,1,-1,0.4459639001664993
VisualCogB_Task-1,1,60,2,mechanistic5,1,1,0.5064381317144357
VisualCogA_Task-1,1,42,2,physical4,1,1,0.5153208679059968
VisualCogA_Task-1,1,43,2,physical4,-1,1,0.5023034250991331
VisualCogA_Task-1,1,44,2,physical4,1,-1,0.48573882154317694
VisualCogA_Task-1,1,45,2,physical4,-1,-1,0.47425842793565354
VisualCogA_Task-1,1,47,2,physical4,-1,-1,0.4877251557871554
VisualCogA_Task-1,1,48,2,physical4,1,1,0.5086042054293941
VisualCogA_Task-1,1,49,2,physical4,-1,1,0.5219836783870185
VisualCogA_Task-1,1,50,2,physical4,-1,1,0.5522942203524599
VisualCogA_Task-1,1,51,2,physical4,1,-1,0.47598822503104393
VisualCogA_Task-1,1,52,2,physical4,1,1,0.5892422575622046
VisualCogA_Task-1,1,54,2,physical4,-1,-1,0.4291324534172221
VisualCogA_Task-1,1,55,2,physical4,1,1,0.5088005618142585
VisualCogA_Task-1,1,56,2,physical4,-1,1,0.539738096928757
VisualCogA_Task-1,1,57,2,physical4,-1,1,0.5076402372830444
VisualCogA_Task-1,1,58,2,physical4,1,1,0.5117889345011786
VisualCogA_Task-1,1,59,2,physical4,1,1,0.5087338314848868
VisualCogA_Task-1,1,60,2,physical4,-1,-1,0.46822777780565833
VisualCogB_Task-1,1,41,2,physical4,-1,-1,0.49311290144678266
VisualCogB_Task-1,1,42,2,physical4,1,-1,0.4703386097707403
VisualCogB_Task-1,1,43,2,physical4,1,-1,0.44810941381095204
VisualCogB_Task-1,1,44,2,physical4,1,-1,0.4881361728989581
VisualCogB_Task-1,1,45,2,physical4,1,1,0.5097974614485417
VisualCogB_Task-1,1,48,2,physical4,1,-1,0.4092728895557317
VisualCogB_Task-1,1,49,2,physical4,1,1,0.52079037573452
VisualCogB_Task-1,1,50,2,physical4,-1,1,0.6961364523152717
VisualCogB_Task-1,1,51,2,physical4,1,-1,0.4482679352655349
VisualCogB_Task-1,1,52,2,physical4,-1,-1,0.4884759023635666
VisualCogB_Task-1,1,53,2,physical4,1,1,0.5116552277064571
VisualCogB_Task-1,1,55,2,physical4,1,-1,0.46411303762293593
VisualCogB_Task-1,1,56,2,physical4,-1,-1,0.4636161125020423
VisualCogB_Task-1,1,57,2,physical4,1,1,0.5388724184876051
VisualCogB_Task-1,1,58,2,physical4,1,-1,0.499019562269613
VisualCogB_Task-1,1,59,2,physical4,1,-1,0.4535246065211291
VisualCogB_Task-1,1,60,2,physical4,1,1,0.506386318247718
VisualCogA_Task-1,1,42,2,erp5,1,1,0.5928450330177492
VisualCogA_Task-1,1,43,2,erp5,-1,1,0.5178165201375884
VisualCogA_Task-1,1,44,2,erp5,1,-1,0.4897296194153311
VisualCogA_Task-1,1,45,2,erp5,-1,-1,0.37373554394644753
VisualCogA_Task-1,1,47,2,erp5,-1,-1,0.4972798660116205
VisualCogA_Task-1,1,48,2,erp5,1,1,0.5259115327871449
VisualCogA_Task-1,1,49,2,erp5,-1,1,0.5574750624504649
VisualCogA_Task-1,1,50,2,erp5,-1,1,0.5738023148643522
VisualCogA_Task-1,1,51,2,erp5,1,1,0.5686831307627136
VisualCogA_Task-1,1,52,2,erp5,1,1,0.9188044695605307
VisualCogA_Task-1,1,54,2,erp5,-1,1,0.5711781241681464
VisualCogA_Task-1,1,55,2,erp5,1,1,0.5815826051109815
VisualCogA_Task-1,1,56,2,erp5,-1,1,0.6381911620177079
VisualCogA_Task-1,1,57,2,erp5,-1,1,0.5214487876371336
VisualCogA_Task-1,1,58,2,erp5,1,1,0.5120369007530381
VisualCogA_Task-1,1,59,2,erp5,1,1,0.5294207035997415
VisualCogA_Task-1,1,60,2,erp5,-1,-1,0.3836498034938608
VisualCogB_Task-1,1,41,2,erp5,-1,-1,0.4881215152148779
VisualCogB_Task-1,1,42,2,erp5,1,-1,0.45190620819396604
VisualCogB_Task-1,1,43,2,erp5,1,1,0.5242293784494456
VisualCogB_Task-1,1,44,2,erp5,1,-1,0.4778925098709837
VisualCogB_Task-1,1,45,2,erp5,1,1,0.529812469705563
VisualCogB_Task-1,1,48,2,erp5,1,-1,0.33534860628301727
VisualCogB_Task-1,1,49,2,erp5,1,1,0.5353584821197752
VisualCogB_Task-1,1,50,2,erp5,-1,1,0.7458135099369382
VisualCogB_Task-1,1,51,2,erp5,1,-1,0.4390181578023976
VisualCogB_Task-1,1,52,2,erp5,-1,1,0.5605317086229542
VisualCogB_Task-1,1,53,2,erp5,1,1,0.5301390924808781
VisualCogB_Task-1,1,55,2,erp5,1,-1,0.3274264769866368
VisualCogB_Task-1,1,56,2,erp5,-1,-1,0.3728590651752436
VisualCogB_Task-1,1,57,2,erp5,1,1,0.5650916191485245
VisualCogB_Task-1,1,58,2,erp5,1,1,0.5228121051754957
VisualCogB_Task-1,1,59,2,erp5,1,1,0.5482986422603089
VisualCogB_Task-1,1,60,2,erp5,1,1,0.5262622332925416
VisualCogA_Task-1,1,42,2,prestim4,1,1,0.5356770144979177
VisualCogA_Task-1,1,43,2,prestim4,-1,-1,0.4988619097306885
VisualCogA_Task-1,1,44,2,prestim4,1,1,0.5104588936733595
VisualCogA_Task-1,1,45,2,prestim4,-1,1,0.5129814214889068
VisualCogA_Task-1,1,47,2,prestim4,-1,-1,0.49610542924876677
VisualCogA_Task-1,1,48,2,prestim4,1,-1,0.49933530124359776
VisualCogA_Task-1,1,49,2,prestim4,-1,-1,0.47971938603226627
VisualCogA_Task-1,1,50,2,prestim4,-1,1,0.5008240344405741
VisualCogA_Task-1,1,51,2,prestim4,1,1,0.575626836603624
VisualCogA_Task-1,1,52,2,prestim4,1,-1,0.4902872963352584
VisualCogA_Task-1,1,54,2,prestim4,-1,1,0.5475248003132587
VisualCogA_Task-1,1,55,2,prestim4,1,-1,0.48027712222211444
VisualCogA_Task-1,1,56,2,prestim4,-1,-1,0.4828918156959815
VisualCogA_Task-1,1,57,2,prestim4,-1,1,0.5097086198709242
VisualCogA_Task-1,1,58,2,prestim4,1,1,0.5000167435045463
VisualCogA_Task-1,1,59,2,prestim4,1,1,0.5081544177899598
VisualCogA_Task-1,1,60,2,prestim4,-1,1,0.5213636907543607
VisualCogB_Task-1,1,41,2,prestim4,-1,1,0.5318376830798605
VisualCogB_Task-1,1,42,2,prestim4,1,-1,0.49882227254545936
VisualCogB_Task-1,1,43,2,prestim4,1,-1,0.3963703750643256
VisualCogB_Task-1,1,44,2,prestim4,1,-1,0.4963486806980201
VisualCogB_Task-1,1,45,2,prestim4,1,-1,0.47867841852580445
VisualCogB_Task-1,1,48,2,prestim4,1,1,0.5721728495820863
VisualCogB_Task-1,1,49,2,prestim4,1,1,0.5851777789028021
VisualCogB_Task-1,1,50,2,prestim4,-1,1,0.5431813803598972
VisualCogB_Task-1,1,51,2,prestim4,1,-1,0.43244138294881523
VisualCogB_Task-1,1,52,2,prestim4,-1,-1,0.46029910860974255
VisualCogB_Task-1,1,53,2,prestim4,1,-1,0.4957177194381584
VisualCogB_Task-1,1,55,2,prestim4,1,-1,0.40551317830151595
VisualCogB_Task-1,1,56,2,prestim4,-1,-1,0.49714202326809087
VisualCogB_Task-1,1,57,2,prestim4,1,1,0.5371976029094655
VisualCogB_Task-1,1,58,2,prestim4,1,-1,0.4576953284742225
VisualCogB_Task-1,1,59,2,prestim4,1,-1,0.36146220381684185
VisualCogB_Task-1,1,60,2,prestim4,1,1,0.5130955164612443
VisualCogA_Task-2,2,42,2,mechanistic5,-1,-1,0.48853950257868806
VisualCogA_Task-2,2,44,2,mechanistic5,-1,-1,0.4740358523559174
VisualCogA_Task-2,2,46,2,mechanistic5,-1,1,0.5446573338980515
VisualCogA_Task-2,2,47,2,mechanistic5,-1,1,0.5410337629185948
VisualCogA_Task-2,2,48,2,mechanistic5,-1,-1,0.4671751077434165
VisualCogA_Task-2,2,49,2,mechanistic5,1,1,0.5580419420053204
VisualCogA_Task-2,2,50,2,mechanistic5,1,-1,0.4677323404199181
VisualCogA_Task-2,2,51,2,mechanistic5,-1,1,0.6810555400463875
VisualCogA_Task-2,2,52,2,mechanistic5,1,-1,0.404206972598222
VisualCogA_Task-2,2,53,2,mechanistic5,1,1,0.5164161066501057
VisualCogA_Task-2,2,54,2,mechanistic5,-1,1,0.5700340830286924
VisualCogA_Task-2,2,55,2,mechanistic5,-1,1,0.5921429677773165
VisualCogA_Task-2,2,56,2,mechanistic5,1,1,0.6133967214208221
VisualCogA_Task-2,2,57,2,mechanistic5,1,1,0.5079641364042347
VisualCogA_Task-2,2,58,2,mechanistic5,1,1,0.516770291191348
VisualCogA_Task-2,2,59,2,mechanistic5,1,-1,0.4982608546753418
VisualCogA_Task-2,2,60,2,mechanistic5,1,1,0.6248044054014771
VisualCogB_Task-2,2,41,2,mechanistic5,1,1,0.652705916022806
VisualCogB_Task-2,2,44,2,mechanistic5,1,-1,0.48047424043272485
VisualCogB_Task-2,2,45,2,mechanistic5,-1,1,0.6158285885601075
VisualCogB_Task-2,2,46,2,mechanistic5,-1,-1,0.4779490092737524
VisualCogB_Task-2,2,47,2,mechanistic5,1,-1,0.47987836213929924
VisualCogB_Task-2,2,48,2,mechanistic5,-1,-1,0.48714236890993046
VisualCogB_Task-2,2,52,2,mechanistic5,-1,-1,0.4765370742934365
VisualCogB_Task-2,2,53,2,mechanistic5,1,-1,0.4210610572806718
VisualCogB_Task-2,2,55,2,mechanistic5,1,-1,0.4138516066424886
VisualCogB_Task-2,2,58,2,mechanistic5,-1,-1,0.4273565574892833
VisualCogB_Task-2,2,59,2,mechanistic5,-1,-1,0.46839409926678205
VisualCogB_Task-2,2,60,2,mechanistic5,-1,-1,0.4465852261660508
VisualCogA_Task-2,2,42,2,physical4,-1,-1,0.49990762764961993
VisualCogA_Task-2,2,44,2,physical4,-1,-1,0.4904482591727679
VisualCogA_Task-2,2,46,2,physical4,-1,1,0.517649517822655
VisualCogA_Task-2,2,47,2,physical4,-1,1,0.5121027867249023
VisualCogA_Task-2,2,48,2,physical4,-1,-1,0.486372187313671
VisualCogA_Task-2,2,49,2,physical4,1,1,0.5254231011296264
VisualCogA_Task-2,2,50,2,physical4,1,-1,0.4752598271850138
VisualCogA_Task-2,2,51,2,physical4,-1,1,0.5675155830889488
VisualCogA_Task-2,2,52,2,physical4,1,-1,0.4816787186756729
VisualCogA_Task-2,2,53,2,physical4,1,1,0.5013491461321388
VisualCogA_Task-2,2,54,2,physical4,-1,1,0.5342250638941194
VisualCogA_Task-2,2,55,2,physical4,-1,1,0.5278234983563649
VisualCogA_Task-2,2,56,2,physical4,1,1,0.5433844410448996
VisualCogA_Task-2,2,57,2,physical4,1,-1,0.48941403592299637
VisualCogA_Task-2,2,58,2,physical4,1,1,0.50519942039941
VisualCogA_Task-2,2,59,2,physical4,1,-1,0.4985965334352356
VisualCogA_Task-2,2,60,2,physical4,1,1,0.5443265417340416
VisualCogB_Task-2,2,41,2,physical4,1,1,0.562305150668055
VisualCogB_Task-2,2,44,2,physical4,1,-1,0.49150838712574313
VisualCogB_Task-2,2,45,2,physical4,-1,1,0.5434905361509105
VisualCogB_Task-2,2,46,2,physical4,-1,-1,0.49564667091990955
VisualCogB_Task-2,2,47,2,physical4,1,-1,0.4886617693522133
VisualCogB_Task-2,2,48,2,physical4,-1,-1,0.4824343203545612
VisualCogB_Task-2,2,52,2,physical4,-1,-1,0.4933880011070628
VisualCogB_Task-2,2,53,2,physical4,1,-1,0.4788677719156955
VisualCogB_Task-2,2,55,2,physical4,1,-1,0.46652875047260295
VisualCogB_Task-2,2,58,2,physical4,-1,-1,0.48141930690655954
VisualCogB_Task-2,2,59,2,physical4,-1,-1,0.49682404686629483
VisualCogB_Task-2,2,60,2,physical4,-1,-1,0.471630065084401
VisualCogA_Task-2,2,42,2,erp5,-1,-1,0.48690020803773343
VisualCogA_Task-2,2,44,2,erp5,-1,-1,0.4702896483950214
VisualCogA_Task-2,2,46,2,erp5,-1,1,0.5374767890144904
VisualCogA_Task-2,2,47,2,erp5,-1,1,0.5380683382696787
VisualCogA_Task-2,2,48,2,erp5,-1,-1,0.4760786281332153
VisualCogA_Task-2,2,49,2,erp5,1,1,0.5294159977680652
VisualCogA_Task-2,2,50,2,erp5,1,-1,0.49323978169412086
VisualCogA_Task-2,2,51,2,erp5,-1,1,0.6540229305739363
VisualCogA_Task-2,2,52,2,erp5,1,-1,0.37086488694563086
VisualCogA_Task-2,2,53,2,erp5,1,1,0.5210518269281835
VisualCogA_Task-2,2,54,2,erp5,-1,1,0.5344693292561153
VisualCogA_Task-2,2,55,2,erp5,-1,1,0.5794818588468885
VisualCogA_Task-2,2,56,2,erp5,1,1,0.6079357623380983
VisualCogA_Task-2,2,57,2,erp5,1,1,0.5345439109026628
VisualCogA_Task-2,2,58,2,erp5,1,1,0.5089175840771459
VisualCogA_Task-2,2,59,2,erp5,1,-1,0.4994477198855405
VisualCogA_Task-2,2,60,2,erp5,1,1,0.6237133749544214
VisualCogB_Task-2,2,41,2,erp5,1,1,0.6853579772538461
VisualCogB_Task-2,2,44,2,erp5,1,-1,0.48288333906775893
VisualCogB_Task-2,2,45,2,erp5,-1,1,0.6553834624878834
VisualCogB_Task-2,2,46,2,erp5,-1,-1,0.48287407777430447
VisualCogB_Task-2,2,47,2,erp5,1,-1,0.48459090491287243
VisualCogB_Task-2,2,48,2,erp5,-1,-1,0.47675708448547377
VisualCogB_Task-2,2,52,2,erp5,-1,-1,0.48103766804243286
VisualCogB_Task-2,2,53,2,erp5,1,-1,0.42456016950675424
VisualCogB_Task-2,2,55,2,erp5,1,-1,0.4249816407249672
VisualCogB_Task-2,2,58,2,erp5,-1,-1,0.4334926222145478
VisualCogB_Task-2,2,59,2,erp5,-1,-1,0.4783862332519063
VisualCogB_Task-2,2,60,2,erp5,-1,-1,0.43982209438641173
VisualCogA_Task-2,2,42,2,prestim4,-1,-1,0.4628350516863814
VisualCogA_Task-2,2,44,2,prestim4,-1,-1,0.46769425750784815
VisualCogA_Task-2,2,46,2,prestim4,-1,1,0.5125889359983292
VisualCogA_Task-2,2,47,2,prestim4,-1,-1,0.4818341845390295
VisualCogA_Task-2,2,48,2,prestim4,-1,1,0.5040013540299814
VisualCogA_Task-2,2,49,2,prestim4,1,1,0.5606716675900295
VisualCogA_Task-2,2,50,2,prestim4,1,-1,0.48899623918521756
VisualCogA_Task-2,2,51,2,prestim4,-1,1,0.5473678753154405
VisualCogA_Task-2,2,52,2,prestim4,1,1,0.5027182118715791
VisualCogA_Task-2,2,53,2,prestim4,1,-1,0.48914513051297914
VisualCogA_Task-2,2,54,2,prestim4,-1,1,0.5378067179929776
VisualCogA_Task-2,2,55,2,prestim4,-1,1,0.5506327608254405
VisualCogA_Task-2,2,56,2,prestim4,1,1,0.5283751987225095
VisualCogA_Task-2,2,57,2,prestim4,1,-1,0.4839846983456747
VisualCogA_Task-2,2,58,2,prestim4,1,-1,0.4987607374170649
VisualCogA_Task-2,2,59,2,prestim4,1,-1,0.48872871497920367
VisualCogA_Task-2,2,60,2,prestim4,1,1,0.5324973624102141
VisualCogB_Task-2,2,41,2,prestim4,1,1,0.5956500191705126
VisualCogB_Task-2,2,44,2,prestim4,1,-1,0.46107431798968757
VisualCogB_Task-2,2,45,2,prestim4,-1,1,0.5140344571730247
VisualCogB_Task-2,2,46,2,prestim4,-1,-1,0.4948021158430729
VisualCogB_Task-2,2,47,2,prestim4,1,-1,0.49016586310880184
VisualCogB_Task-2,2,48,2,prestim4,-1,1,0.5070716317697078
VisualCogB_Task-2,2,52,2,prestim4,-1,-1,0.4784104649950871
VisualCogB_Task-2,2,53,2,prestim4,1,-1,0.46818134117007776
VisualCogB_Task-2,2,55,2,prestim4,1,-1,0.47337885841547334
VisualCogB_Task-2,2,58,2,prestim4,-1,-1,0.4876177585156967
VisualCogB_Task-2,2,59,2,prestim4,-1,1,0.5055292113686823
VisualCogB_Task-2,2,60,2,prestim4,-1,-1,0.43349332387101963
VisualCogA_Task-1,1,42,2,layered4,1,-1,0.49053141651176235
VisualCogA_Task-1,1,43,2,layered4,-1,1,0.5014303126945676
VisualCogA_Task-1,1,44,2,layered4,1,-1,0.49721353305471805
VisualCogA_Task-1,1,45,2,layered4,-1,-1,0.47071134304696943
VisualCogA_Task-1,1,47,2,layered4,-1,1,0.500326953714431
VisualCogA_Task-1,1,48,2,layered4,1,1,0.5025154334525787
VisualCogA_Task-1,1,49,2,layered4,-1,1,0.5146664419946646
VisualCogA_Task-1,1,50,2,layered4,-1,1,0.5456644907961368
VisualCogA_Task-1,1,51,2,layered4,1,-1,0.4687674223197746
VisualCogA_Task-1,1,52,2,layered4,1,1,0.5777621073694451
VisualCogA_Task-1,1,54,2,layered4,-1,-1,0.35846993954719203
VisualCogA_Task-1,1,55,2,layered4,1,1,0.5130590074746864
VisualCogA_Task-1,1,56,2,layered4,-1,1,0.5380758418948158
VisualCogA_Task-1,1,57,2,layered4,-1,-1,0.49264755833695806
VisualCogA_Task-1,1,58,2,layered4,1,1,0.5057040660023893
VisualCogA_Task-1,1,59,2,layered4,1,1,0.5023004323190514
VisualCogA_Task-1,1,60,2,layered4,-1,-1,0.4898834264124491
VisualCogB_Task-1,1,41,2,layered4,-1,1,0.5156393893157278
VisualCogB_Task-1,1,42,2,layered4,1,1,0.530640560768555
VisualCogB_Task-1,1,43,2,layered4,1,-1,0.3853965911684497
VisualCogB_Task-1,1,44,2,layered4,1,-1,0.4929866983916266
VisualCogB_Task-1,1,45,2,layered4,1,1,0.5165030958944229
VisualCogB_Task-1,1,48,2,layered4,1,-1,0.4817384105916713
VisualCogB_Task-1,1,49,2,layered4,1,1,0.5135174746032902
VisualCogB_Task-1,1,50,2,layered4,-1,1,0.7542471889684195
VisualCogB_Task-1,1,51,2,layered4,1,-1,0.37562489869353205
VisualCogB_Task-1,1,52,2,layered4,-1,-1,0.46892197778454997
VisualCogB_Task-1,1,53,2,layered4,1,1,0.5031136006355913
VisualCogB_Task-1,1,55,2,layered4,1,1,0.5145545400693607
VisualCogB_Task-1,1,56,2,layered4,-1,-1,0.4402343234739947
VisualCogB_Task-1,1,57,2,layered4,1,1,0.5385881680942116
VisualCogB_Task-1,1,58,2,layered4,1,-1,0.4773028528130583
VisualCogB_Task-1,1,59,2,layered4,1,-1,0.37230652626474453
VisualCogB_Task-1,1,60,2,layered4,1,1,0.517084668548976
VisualCogA_Task-1,1,42,2,layered_erp5,1,1,0.5533305172091747
VisualCogA_Task-1,1,43,2,layered_erp5,-1,1,0.5312984825683753
VisualCogA_Task-1,1,44,2,layered_erp5,1,1,0.5251430474879747
VisualCogA_Task-1,1,45,2,layered_erp5,-1,-1,0.37190938232229037
VisualCogA_Task-1,1,47,2,layered_erp5,-1,1,0.5223053629113023
VisualCogA_Task-1,1,48,2,layered_erp5,1,1,0.517271250520209
VisualCogA_Task-1,1,49,2,layered_erp5,-1,1,0.5368581277990353
VisualCogA_Task-1,1,50,2,layered_erp5,-1,1,0.530055597439619
VisualCogA_Task-1,1,51,2,layered_erp5,1,1,0.5666983797815462
VisualCogA_Task-1,1,52,2,layered_erp5,1,1,0.904917433957733
VisualCogA_Task-1,1,54,2,layered_erp5,-1,1,0.505908122477029
VisualCogA_Task-1,1,55,2,layered_erp5,1,1,0.5955657950993688
VisualCogA_Task-1,1,56,2,layered_erp5,-1,1,0.6221103095627818
VisualCogA_Task-1,1,57,2,layered_erp5,-1,-1,0.4931122419306474
VisualCogA_Task-1,1,58,2,layered_erp5,1,-1,0.499982797632738
VisualCogA_Task-1,1,59,2,layered_erp5,1,1,0.529882305249565
VisualCogA_Task-1,1,60,2,layered_erp5,-1,-1,0.43125422945300074
VisualCogB_Task-1,1,41,2,layered_erp5,-1,1,0.5321635025611086
VisualCogB_Task-1,1,42,2,layered_erp5,1,1,0.5528742112655167
VisualCogB_Task-1,1,43,2,layered_erp5,1,-1,0.48364417493417045
VisualCogB_Task-1,1,44,2,layered_erp5,1,-1,0.49671266002482417
VisualCogB_Task-1,1,45,2,layered_erp5,1,1,0.5396038491186445
VisualCogB_Task-1,1,48,2,layered_erp5,1,-1,0.46996970137306554
VisualCogB_Task-1,1,49,2,layered_erp5,1,1,0.514997773855361
VisualCogB_Task-1,1,50,2,layered_erp5,-1,1,0.6610340512976873
VisualCogB_Task-1,1,51,2,layered_erp5,1,-1,0.4133197415969571
VisualCogB_Task-1,1,52,2,layered_erp5,-1,1,0.5430336636188345
VisualCogB_Task-1,1,53,2,layered_erp5,1,1,0.511235422352796
VisualCogB_Task-1,1,55,2,layered_erp5,1,-1,0.46991476854141284
VisualCogB_Task-1,1,56,2,layered_erp5,-1,-1,0.3836056437874724
VisualCogB_Task-1,1,57,2,layered_erp5,1,1,0.5447288855638096
VisualCogB_Task-1,1,58,2,layered_erp5,1,1,0.5023413539185897
VisualCogB_Task-1,1,59,2,layered_erp5,1,-1,0.49968487399476
VisualCogB_Task-1,1,60,2,layered_erp5,1,1,0.5383355321591099
VisualCogA_Task-2,2,42,2,layered4,-1,-1,0.4157720276487119
VisualCogA_Task-2,2,44,2,layered4,-1,-1,0.47648830942720505
VisualCogA_Task-2,2,46,2,layered4,-1,1,0.5705377606789883
VisualCogA_Task-2,2,47,2,layered4,-1,1,0.5458531685459465
VisualCogA_Task-2,2,48,2,layered4,-1,-1,0.4679630406859991
VisualCogA_Task-2,2,49,2,layered4,1,1,0.5523993488680695
VisualCogA_Task-2,2,50,2,layered4,1,1,0.5477916407191581
VisualCogA_Task-2,2,51,2,layered4,-1,1,0.6727637699495994
VisualCogA_Task-2,2,52,2,layered4,1,-1,0.30865486711806106
VisualCogA_Task-2,2,53,2,layered4,1,1,0.5021873645183752
VisualCogA_Task-2,2,54,2,layered4,-1,1,0.5493019384481235
VisualCogA_Task-2,2,55,2,layered4,-1,1,0.6113486547183761
VisualCogA_Task-2,2,56,2,layered4,1,1,0.6305616790302778
VisualCogA_Task-2,2,57,2,layered4,1,1,0.6477982174883361
VisualCogA_Task-2,2,58,2,layered4,1,1,0.5742734246035194
VisualCogA_Task-2,2,59,2,layered4,1,-1,0.4677418869587011
VisualCogA_Task-2,2,60,2,layered4,1,1,0.6286203359808213
VisualCogB_Task-2,2,41,2,layered4,1,1,0.6559417023101468
VisualCogB_Task-2,2,44,2,layered4,1,-1,0.45036632928979664
VisualCogB_Task-2,2,45,2,layered4,-1,1,0.6550865046610685
VisualCogB_Task-2,2,46,2,layered4,-1,1,0.5069358176254393
VisualCogB_Task-2,2,47,2,layered4,1,1,0.5079542865303602
VisualCogB_Task-2,2,48,2,layered4,-1,1,0.536589928062181
VisualCogB_Task-2,2,52,2,layered4,-1,-1,0.44836385158126324
VisualCogB_Task-2,2,53,2,layered4,1,-1,0.3314058119197867
VisualCogB_Task-2,2,55,2,layered4,1,-1,0.3774375070248297
VisualCogB_Task-2,2,58,2,layered4,-1,-1,0.34528200705800666
VisualCogB_Task-2,2,59,2,layered4,-1,-1,0.3428848461089441
VisualCogB_Task-2,2,60,2,layered4,-1,1,0.5085268047401689
VisualCogA_Task-2,2,42,2,layered_erp5,-1,-1,0.4100674941858224
VisualCogA_Task-2,2,44,2,layered_erp5,-1,-1,0.47546879572315587
VisualCogA_Task-2,2,46,2,layered_erp5,-1,1,0.5621410320331911
VisualCogA_Task-2,2,47,2,layered_erp5,-1,1,0.5399473089072279
VisualCogA_Task-2,2,48,2,layered_erp5,-1,-1,0.4857818028355181
VisualCogA_Task-2,2,49,2,layered_erp5,1,1,0.5052590912453963
VisualCogA_Task-2,2,50,2,layered_erp5,1,1,0.5986813922605966
VisualCogA_Task-2,2,51,2,layered_erp5,-1,1,0.6114693372178642
VisualCogA_Task-2,2,52,2,layered_erp5,1,-1,0.2608127808285313
VisualCogA_Task-2,2,53,2,layered_erp5,1,-1,0.49959396835170816
VisualCogA_Task-2,2,54,2,layered_erp5,-1,-1,0.4856633535093744
VisualCogA_Task-2,2,55,2,layered_erp5,-1,1,0.5896219601467853
VisualCogA_Task-2,2,56,2,layered_erp5,1,1,0.6152732973424533
VisualCogA_Task-2,2,57,2,layered_erp5,1,1,0.6915711007633776
VisualCogA_Task-2,2,58,2,layered_erp5,1,1,0.5673144938989528
VisualCogA_Task-2,2,59,2,layered_erp5,1,-1,0.4648504849742924
VisualCogA_Task-2,2,60,2,layered_erp5,1,1,0.6138777626410872
VisualCogB_Task-2,2,41,2,layered_erp5,1,1,0.7147311581271046
VisualCogB_Task-2,2,44,2,layered_erp5,1,-1,0.4521001421159521
VisualCogB_Task-2,2,45,2,layered_erp5,-1,1,0.7199376194798982
VisualCogB_Task-2,2,46,2,layered_erp5,-1,1,0.5166424686023199
VisualCogB_Task-2,2,47,2,layered_erp5,1,1,0.5169346186382857
VisualCogB_Task-2,2,48,2,layered_erp5,-1,1,0.522733577492043
VisualCogB_Task-2,2,52,2,layered_erp5,-1,-1,0.45413366353763096
VisualCogB_Task-2,2,53,2,layered_erp5,1,-1,0.3284361482467064
VisualCogB_Task-2,2,55,2,layered_erp5,1,-1,0.3897861783339958
VisualCogB_Task-2,2,58,2,layered_erp5,-1,-1,0.3470938430913343
VisualCogB_Task-2,2,59,2,layered_erp5,-1,-1,0.34922629724466836
VisualCogB_Task-2,2,60,2,layered_erp5,-1,-1,0.499187617107599
VisualCogA_Task-1,1,61,3,mechanistic5,1,-1,0.48846399432358917
VisualCogA_Task-1,1,62,3,mechanistic5,-1,-1,0.4724762031618106
VisualCogA_Task-1,1,63,3,mechanistic5,1,-1,0.47762816540931424
VisualCogA_Task-1,1,64,3,mechanistic5,1,-1,0.400301109141363
VisualCogA_Task-1,1,65,3,mechanistic5,-1,-1,0.48982470936211214
VisualCogA_Task-1,1,66,3,mechanistic5,1,1,0.5555349103809467
VisualCogA_Task-1,1,67,3,mechanistic5,-1,-1,0.47658204471241605
VisualCogA_Task-1,1,68,3,mechanistic5,-1,-1,0.48261599400129057
VisualCogA_Task-1,1,69,3,mechanistic5,1,1,0.504602258361585
VisualCogA_Task-1,1,70,3,mechanistic5,1,-1,0.4996723323889462
VisualCogA_Task-1,1,71,3,mechanistic5,-1,-1,0.4821737280162526
VisualCogA_Task-1,1,72,3,mechanistic5,1,1,0.5132731321261844
VisualCogA_Task-1,1,73,3,mechanistic5,-1,-1,0.4988254647537141
VisualCogA_Task-1,1,74,3,mechanistic5,1,1,0.5063630223602879
VisualCogA_Task-1,1,75,3,mechanistic5,-1,1,0.5137363724429554
VisualCogA_Task-1,1,76,3,mechanistic5,1,1,0.5006211977512882
VisualCogA_Task-1,1,79,3,mechanistic5,-1,1,0.5247138262058448
VisualCogA_Task-1,1,80,3,mechanistic5,-1,1,0.5033150885578161
VisualCogB_Task-1,1,61,3,mechanistic5,-1,1,0.6343761800340814
VisualCogB_Task-1,1,62,3,mechanistic5,-1,-1,0.35212919992491454
VisualCogB_Task-1,1,64,3,mechanistic5,-1,1,0.5167363401030148
VisualCogB_Task-1,1,65,3,mechanistic5,-1,-1,0.3938432203247642
VisualCogB_Task-1,1,66,3,mechanistic5,-1,-1,0.22155964390217928
VisualCogB_Task-1,1,67,3,mechanistic5,1,1,0.5162163140761544
VisualCogB_Task-1,1,68,3,mechanistic5,1,1,0.501664546977434
VisualCogB_Task-1,1,69,3,mechanistic5,-1,1,0.6304164698118145
VisualCogB_Task-1,1,70,3,mechanistic5,-1,1,0.510740699954952
VisualCogB_Task-1,1,72,3,mechanistic5,1,1,0.5076762213561059
VisualCogB_Task-1,1,73,3,mechanistic5,-1,-1,0.4812579923206755
VisualCogB_Task-1,1,74,3,mechanistic5,-1,1,0.5129470771755049
VisualCogB_Task-1,1,75,3,mechanistic5,1,-1,0.3475654284128185
VisualCogB_Task-1,1,76,3,mechanistic5,-1,-1,0.49153280098730845
VisualCogB_Task-1,1,77,3,mechanistic5,-1,1,0.5282428148619809
VisualCogB_Task-1,1,79,3,mechanistic5,1,-1,0.46754723063366993
VisualCogB_Task-1,1,80,3,mechanistic5,-1,1,0.5287026275934721
VisualCogA_Task-1,1,61,3,physical4,1,-1,0.4895562629025214
VisualCogA_Task-1,1,62,3,physical4,-1,-1,0.4737223114078121
VisualCogA_Task-1,1,63,3,physical4,1,-1,0.4795362522386352
VisualCogA_Task-1,1,64,3,physical4,1,-1,0.40672568910968193
VisualCogA_Task-1,1,65,3,physical4,-1,-1,0.49119915795540736
VisualCogA_Task-1,1,66,3,physical4,1,1,0.5531838390253778
VisualCogA_Task-1,1,67,3,physical4,-1,-1,0.47802833215673196
VisualCogA_Task-1,1,68,3,physical4,-1,-1,0.48453117275464813
VisualCogA_Task-1,1,69,3,physical4,1,1,0.5033656917796445
VisualCogA_Task-1,1,70,3,physical4,1,-1,0.49975036473678724
VisualCogA_Task-1,1,71,3,physical4,-1,-1,0.48360918658215796
VisualCogA_Task-1,1,72,3,physical4,1,1,0.5123849775149495
VisualCogA_Task-1,1,73,3,physical4,-1,-1,0.4990148606048049
VisualCogA_Task-1,1,74,3,physical4,1,1,0.5066668006773799
VisualCogA_Task-1,1,75,3,physical4,-1,1,0.5129014058503104
VisualCogA_Task-1,1,76,3,physical4,1,1,0.5002317437035623
VisualCogA_Task-1,1,79,3,physical4,-1,1,0.5230183134285462
VisualCogA_Task-1,1,80,3,physical4,-1,1,0.5029596156690609
VisualCogB_Task-1,1,61,3,physical4,-1,1,0.629141303694043
VisualCogB_Task-1,1,62,3,physical4,-1,-1,0.3562194485504802
VisualCogB_Task-1,1,64,3,physical4,-1,1,0.5145508905991116
VisualCogB_Task-1,1,65,3,physical4,-1,-1,0.3977534885077229
VisualCogB_Task-1,1,66,3,physical4,-1,-1,0.22818238407046346
VisualCogB_Task-1,1,67,3,physical4,1,1,0.5150224097389494
VisualCogB_Task-1,1,68,3,physical4,1,1,0.5019536858444184
VisualCogB_Task-1,1,69,3,physical4,-1,1,0.6226022039669379
VisualCogB_Task-1,1,70,3,physical4,-1,1,0.5111460566247182
VisualCogB_Task-1,1,72,3,physical4,1,1,0.5088745290970694
VisualCogB_Task-1,1,73,3,physical4,-1,-1,0.4810901361328012
VisualCogB_Task-1,1,74,3,physical4,-1,1,0.5136248134517434
VisualCogB_Task-1,1,75,3,physical4,1,-1,0.3514346905872938
VisualCogB_Task-1,1,76,3,physical4,-1,-1,0.4905639036225825
VisualCogB_Task-1,1,77,3,physical4,-1,1,0.5268894892021003
VisualCogB_Task-1,1,79,3,physical4,1,-1,0.4687386397907289
VisualCogB_Task-1,1,80,3,physical4,-1,1,0.5288898413819261
VisualCogA_Task-1,1,61,3,erp5,1,1,0.5084176222107236
VisualCogA_Task-1,1,62,3,erp5,-1,-1,0.4753620902393104
VisualCogA_Task-1,1,63,3,erp5,1,-1,0.46853366893970333
VisualCogA_Task-1,1,64,3,erp5,1,-1,0.3947067951945212
VisualCogA_Task-1,1,65,3,erp5,-1,-1,0.4819001588992723
VisualCogA_Task-1,1,66,3,erp5,1,1,0.5341118488038662
VisualCogA_Task-1,1,67,3,erp5,-1,-1,0.45507943484014984
VisualCogA_Task-1,1,68,3,erp5,-1,1,0.5288205865182071
VisualCogA_Task-1,1,69,3,erp5,1,1,0.5136504198635633
VisualCogA_Task-1,1,70,3,erp5,1,-1,0.49723815899740736
VisualCogA_Task-1,1,71,3,erp5,-1,1,0.5133468608124765
VisualCogA_Task-1,1,72,3,erp5,1,-1,0.4870250919602872
VisualCogA_Task-1,1,73,3,erp5,-1,-1,0.46837331096055046
VisualCogA_Task-1,1,74,3,erp5,1,1,0.5008082919391987
VisualCogA_Task-1,1,75,3,erp5,-1,-1,0.43402407792237885
VisualCogA_Task-1,1,76,3,erp5,1,-1,0.4673694584574555
VisualCogA_Task-1,1,79,3,erp5,-1,1,0.5173805027511513
VisualCogA_Task-1,1,80,3,erp5,-1,1,0.5029801341127454
VisualCogB_Task-1,1,61,3,erp5,-1,1,0.6982777636735451
VisualCogB_Task-1,1,62,3,erp5,-1,-1,0.1863212704857898
VisualCogB_Task-1,1,64,3,erp5,-1,-1,0.44122569677005286
VisualCogB_Task-1,1,65,3,erp5,-1,-1,0.45744772845184517
VisualCogB_Task-1,1,66,3,erp5,-1,-1,0.2925845349230286
VisualCogB_Task-1,1,67,3,erp5,1,1,0.533949773615416
VisualCogB_Task-1,1,68,3,erp5,1,1,0.5046770371308735
VisualCogB_Task-1,1,69,3,erp5,-1,1,0.5388750059833071
VisualCogB_Task-1,1,70,3,erp5,-1,-1,0.48925981876299385
VisualCogB_Task-1,1,72,3,erp5,1,-1,0.4331002971276681
VisualCogB_Task-1,1,73,3,erp5,-1,-1,0.46091297341846665
VisualCogB_Task-1,1,74,3,erp5,-1,1,0.525722287495947
VisualCogB_Task-1,1,75,3,erp5,1,-1,0.3015432921492573
VisualCogB_Task-1,1,76,3,erp5,-1,-1,0.46737967919758494
VisualCogB_Task-1,1,77,3,erp5,-1,-1,0.4920301120546502
VisualCogB_Task-1,1,79,3,erp5,1,1,0.5366260480327981
VisualCogB_Task-1,1,80,3,erp5,-1,1,0.5384970979311988
VisualCogA_Task-1,1,61,3,prestim4,1,1,0.5056369733547802
VisualCogA_Task-1,1,62,3,prestim4,-1,1,0.5221722799030291
VisualCogA_Task-1,1,63,3,prestim4,1,-1,0.4632474835393447
VisualCogA_Task-1,1,64,3,prestim4,1,1,0.5745100713069754
VisualCogA_Task-1,1,65,3,prestim4,-1,1,0.5156779303284246
VisualCogA_Task-1,1,66,3,prestim4,1,-1,0.4917943580914188
VisualCogA_Task-1,1,67,3,prestim4,-1,-1,0.47620405739716254
VisualCogA_Task-1,1,68,3,prestim4,-1,-1,0.4819759948058703
VisualCogA_Task-1,1,69,3,prestim4,1,1,0.506863245744731
VisualCogA_Task-1,1,70,3,prestim4,1,1,0.5229249628146336
VisualCogA_Task-1,1,71,3,prestim4,-1,1,0.5419237837525467
VisualCogA_Task-1,1,72,3,prestim4,1,1,0.525138170477605
VisualCogA_Task-1,1,73,3,prestim4,-1,1,0.5304229818979698
VisualCogA_Task-1,1,74,3,prestim4,1,1,0.5215884819915187
VisualCogA_Task-1,1,75,3,prestim4,-1,1,0.554790793366423
VisualCogA_Task-1,1,76,3,prestim4,1,1,0.5083988119150245
VisualCogA_Task-1,1,79,3,prestim4,-1,1,0.58890752896932
VisualCogA_Task-1,1,80,3,prestim4,-1,1,0.5437402248333644
VisualCogB_Task-1,1,61,3,prestim4,-1,1,0.8352282037497034
VisualCogB_Task-1,1,62,3,prestim4,-1,1,0.5403979513288415
VisualCogB_Task-1,1,64,3,prestim4,-1,1,0.5070589854071251
VisualCogB_Task-1,1,65,3,prestim4,-1,-1,0.3730677072407169
VisualCogB_Task-1,1,66,3,prestim4,-1,-1,0.4838798582512467
VisualCogB_Task-1,1,67,3,prestim4,1,-1,0.46347677636018375
VisualCogB_Task-1,1,68,3,prestim4,1,-1,0.45779893082863826
VisualCogB_Task-1,1,69,3,prestim4,-1,1,0.7185992965649436
VisualCogB_Task-1,1,70,3,prestim4,-1,-1,0.45026627628021654
VisualCogB_Task-1,1,72,3,prestim4,1,-1,0.476012744666292
VisualCogB_Task-1,1,73,3,prestim4,-1,-1,0.4683881879641147
VisualCogB_Task-1,1,74,3,prestim4,-1,1,0.5563084001044478
VisualCogB_Task-1,1,75,3,prestim4,1,-1,0.418130801065542
VisualCogB_Task-1,1,76,3,prestim4,-1,1,0.5299528182092667
VisualCogB_Task-1,1,77,3,prestim4,-1,1,0.5417125244924509
VisualCogB_Task-1,1,79,3,prestim4,1,1,0.5342449827382193
VisualCogB_Task-1,1,80,3,prestim4,-1,1,0.5437346750696728
VisualCogA_Task-2,2,61,3,mechanistic5,-1,-1,0.44486192483868003
VisualCogA_Task-2,2,64,3,mechanistic5,-1,1,0.6376163472030961
VisualCogA_Task-2,2,65,3,mechanistic5,1,-1,0.3702523444676227
VisualCogA_Task-2,2,66,3,mechanistic5,-1,-1,0.43093826383875644
VisualCogA_Task-2,2,67,3,mechanistic5,1,1,0.5475676474452026
VisualCogA_Task-2,2,69,3,mechanistic5,-1,1,0.5205071410457154
VisualCogA_Task-2,2,70,3,mechanistic5,-1,1,0.5528470391593278
VisualCogA_Task-2,2,71,3,mechanistic5,1,-1,0.48073864530233057
VisualCogA_Task-2,2,72,3,mechanistic5,1,1,0.575726148043391
VisualCogA_Task-2,2,73,3,mechanistic5,1,-1,0.48810792176534445
VisualCogA_Task-2,2,74,3,mechanistic5,1,1,0.5328949108973412
VisualCogA_Task-2,2,75,3,mechanistic5,-1,-1,0.49247937232486716
VisualCogA_Task-2,2,76,3,mechanistic5,-1,-1,0.4987441611639895
VisualCogA_Task-2,2,77,3,mechanistic5,-1,-1,0.48216300614003493
VisualCogA_Task-2,2,78,3,mechanistic5,1,1,0.5912702647506239
VisualCogA_Task-2,2,79,3,mechanistic5,-1,1,0.5129501664675842
VisualCogB_Task-2,2,61,3,mechanistic5,-1,-1,0.4401962209964914
VisualCogB_Task-2,2,62,3,mechanistic5,1,-1,0.48472319563554017
VisualCogB_Task-2,2,63,3,mechanistic5,-1,1,0.5451382515323598
VisualCogB_Task-2,2,64,3,mechanistic5,-1,-1,0.4469891512803688
VisualCogB_Task-2,2,65,3,mechanistic5,1,1,0.5704133699988488
VisualCogB_Task-2,2,67,3,mechanistic5,1,-1,0.4837961755085061
VisualCogB_Task-2,2,68,3,mechanistic5,1,1,0.6431429606830203
VisualCogB_Task-2,2,69,3,mechanistic5,-1,1,0.5593539764048867
VisualCogB_Task-2,2,70,3,mechanistic5,-1,1,0.7013813867198317
VisualCogB_Task-2,2,71,3,mechanistic5,1,1,0.509583321000799
VisualCogB_Task-2,2,72,3,mechanistic5,1,-1,0.2668135719290016
VisualCogB_Task-2,2,73,3,mechanistic5,1,1,0.5121684258846573
VisualCogB_Task-2,2,74,3,mechanistic5,-1,-1,0.41091644899128227
VisualCogB_Task-2,2,75,3,mechanistic5,-1,1,0.5276738826426793
VisualCogB_Task-2,2,76,3,mechanistic5,1,-1,0.3908722931955741
VisualCogB_Task-2,2,77,3,mechanistic5,1,-1,0.4310431615977458
VisualCogB_Task-2,2,78,3,mechanistic5,-1,1,0.5284433115406255
VisualCogB_Task-2,2,80,3,mechanistic5,-1,-1,0.4292762749290699
VisualCogA_Task-2,2,61,3,physical4,-1,-1,0.44638937751002855
VisualCogA_Task-2,2,64,3,physical4,-1,1,0.6371139418634233
VisualCogA_Task-2,2,65,3,physical4,1,-1,0.36983416022567495
VisualCogA_Task-2,2,66,3,physical4,-1,-1,0.4302106325839676
VisualCogA_Task-2,2,67,3,physical4,1,1,0.5471391487248051
VisualCogA_Task-2,2,69,3,physical4,-1,1,0.5206862083978261
VisualCogA_Task-2,2,70,3,physical4,-1,1,0.552531749974289
VisualCogA_Task-2,2,71,3,physical4,1,-1,0.4810537530090791
VisualCogA_Task-2,2,72,3,physical4,1,1,0.574944439419343
VisualCogA_Task-2,2,73,3,physical4,1,-1,0.4885320377632772
VisualCogA_Task-2,2,74,3,physical4,1,1,0.5329461017481129
VisualCogA_Task-2,2,75,3,physical4,-1,-1,0.49245476689394496
VisualCogA_Task-2,2,76,3,physical4,-1,-1,0.4977550760457436
VisualCogA_Task-2,2,77,3,physical4,-1,-1,0.48186995176653835
VisualCogA_Task-2,2,78,3,physical4,1,1,0.5908471618506629
VisualCogA_Task-2,2,79,3,physical4,-1,1,0.5127531588403439
VisualCogB_Task-2,2,61,3,physical4,-1,-1,0.44169287921533773
VisualCogB_Task-2,2,62,3,physical4,1,-1,0.48451859964921445
VisualCogB_Task-2,2,63,3,physical4,-1,1,0.5444901023679878
VisualCogB_Task-2,2,64,3,physical4,-1,-1,0.44723964649122533
VisualCogB_Task-2,2,65,3,physical4,1,1,0.5700924685371415
VisualCogB_Task-2,2,67,3,physical4,1,-1,0.4807680735968389
VisualCogB_Task-2,2,68,3,physical4,1,1,0.6412937289416129
VisualCogB_Task-2,2,69,3,physical4,-1,1,0.5600756772134166
VisualCogB_Task-2,2,70,3,physical4,-1,1,0.7018682902873149
VisualCogB_Task-2,2,71,3,physical4,1,1,0.5101673884739538
VisualCogB_Task-2,2,72,3,physical4,1,-1,0.2677196409533388
VisualCogB_Task-2,2,73,3,physical4,1,1,0.5119646203411627
VisualCogB_Task-2,2,74,3,physical4,-1,-1,0.4120460771914798
VisualCogB_Task-2,2,75,3,physical4,-1,1,0.5267894319815283
VisualCogB_Task-2,2,76,3,physical4,1,-1,0.39300336073117415
VisualCogB_Task-2,2,77,3,physical4,1,-1,0.430285912754488
VisualCogB_Task-2,2,78,3,physical4,-1,1,0.5283531583752464
VisualCogB_Task-2,2,80,3,physical4,-1,-1,0.42893068889648295
VisualCogA_Task-2,2,61,3,erp5,-1,-1,0.4321209029992205
VisualCogA_Task-2,2,64,3,erp5,-1,1,0.5973562791830335
VisualCogA_Task-2,2,65,3,erp5,1,-1,0.29190495607101763
VisualCogA_Task-2,2,66,3,erp5,-1,-1,0.43267840662873375
VisualCogA_Task-2,2,67,3,erp5,1,-1,0.4193924044441936
VisualCogA_Task-2,2,69,3,erp5,-1,-1,0.45865850799542196
VisualCogA_Task-2,2,70,3,erp5,-1,1,0.5025430374114639
VisualCogA_Task-2,2,71,3,erp5,1,-1,0.41001668862082064
VisualCogA_Task-2,2,72,3,erp5,1,-1,0.44227588642106463
VisualCogA_Task-2,2,73,3,erp5,1,1,0.5143624521119164
VisualCogA_Task-2,2,74,3,erp5,1,1,0.5281002579263745
VisualCogA_Task-2,2,75,3,erp5,-1,-1,0.3963612400281853
VisualCogA_Task-2,2,76,3,erp5,-1,-1,0.4645996472475625
VisualCogA_Task-2,2,77,3,erp5,-1,-1,0.41057615807349285
VisualCogA_Task-2,2,78,3,erp5,1,1,0.6165467365038901
VisualCogA_Task-2,2,79,3,erp5,-1,1,0.5138928367538999
VisualCogB_Task-2,2,61,3,erp5,-1,-1,0.492498054906908
VisualCogB_Task-2,2,62,3,erp5,1,-1,0.4787319337365912
VisualCogB_Task-2,2,63,3,erp5,-1,1,0.6172681445544657
VisualCogB_Task-2,2,64,3,erp5,-1,-1,0.3520974082366641
VisualCogB_Task-2,2,65,3,erp5,1,-1,0.23832721602330093
VisualCogB_Task-2,2,67,3,erp5,1,1,0.7232743421407596
VisualCogB_Task-2,2,68,3,erp5,1,1,0.8068224119129721
VisualCogB_Task-2,2,69,3,erp5,-1,1,0.5736528807579083
VisualCogB_Task-2,2,70,3,erp5,-1,1,0.6536114720084945
VisualCogB_Task-2,2,71,3,erp5,1,1,0.5700048384720586
VisualCogB_Task-2,2,72,3,erp5,1,-1,0.3988324841419571
VisualCogB_Task-2,2,73,3,erp5,1,1,0.5257833095163114
VisualCogB_Task-2,2,74,3,erp5,-1,-1,0.3336354866826727
VisualCogB_Task-2,2,75,3,erp5,-1,-1,0.4522907302654429
VisualCogB_Task-2,2,76,3,erp5,1,-1,0.32333482252403
VisualCogB_Task-2,2,77,3,erp5,1,-1,0.4532471680963928
VisualCogB_Task-2,2,78,3,erp5,-1,1,0.5561321249969214
VisualCogB_Task-2,2,80,3,erp5,-1,-1,0.4656598196541782
VisualCogA_Task-2,2,61,3,prestim4,-1,1,0.5520078666446118
VisualCogA_Task-2,2,64,3,prestim4,-1,1,0.5904215918077633
VisualCogA_Task-2,2,65,3,prestim4,1,-1,0.3444627681270458
VisualCogA_Task-2,2,66,3,prestim4,-1,-1,0.46451292902997343
VisualCogA_Task-2,2,67,3,prestim4,1,1,0.6555002729309007
VisualCogA_Task-2,2,69,3,prestim4,-1,-1,0.4941979436118154
VisualCogA_Task-2,2,70,3,prestim4,-1,-1,0.4575780757131486
VisualCogA_Task-2,2,71,3,prestim4,1,-1,0.46637936882080017
VisualCogA_Task-2,2,72,3,prestim4,1,1,0.6475240382263013
VisualCogA_Task-2,2,73,3,prestim4,1,-1,0.4713379352543878
VisualCogA_Task-2,2,74,3,prestim4,1,1,0.5258115549584259
VisualCogA_Task-2,2,75,3,prestim4,-1,1,0.6349440909068831
VisualCogA_Task-2,2,76,3,prestim4,-1,-1,0.44475581826388083
VisualCogA_Task-2,2,77,3,prestim4,-1,-1,0.47529145802411066
VisualCogA_Task-2,2,78,3,prestim4,1,1,0.5538117205831341
VisualCogA_Task-2,2,79,3,prestim4,-1,-1,0.4224083049604047
VisualCogB_Task-2,2,61,3,prestim4,-1,1,0.5475241004633272
VisualCogB_Task-2,2,62,3,prestim4,1,-1,0.4862579792330055
VisualCogB_Task-2,2,63,3,prestim4,-1,1,0.5500883940862893
VisualCogB_Task-2,2,64,3,prestim4,-1,-1,0.43782164531692525
VisualCogB_Task-2,2,65,3,prestim4,1,-1,0.4742911080919146
VisualCogB_Task-2,2,67,3,prestim4,1,-1,0.48391817141212273
VisualCogB_Task-2,2,68,3,prestim4,1,1,0.6728509982217322
VisualCogB_Task-2,2,69,3,prestim4,-1,-1,0.49123382468361004
VisualCogB_Task-2,2,70,3,prestim4,-1,-1,0.488953969865433
VisualCogB_Task-2,2,71,3,prestim4,1,1,0.5337445542129539
VisualCogB_Task-2,2,72,3,prestim4,1,-1,0.40452168970105573
VisualCogB_Task-2,2,73,3,prestim4,1,1,0.5225007621858792
VisualCogB_Task-2,2,74,3,prestim4,-1,-1,0.4598478189902285
VisualCogB_Task-2,2,75,3,prestim4,-1,1,0.5108677696030757
VisualCogB_Task-2,2,76,3,prestim4,1,-1,0.4522723087304401
VisualCogB_Task-2,2,77,3,prestim4,1,-1,0.47109500761624584
VisualCogB_Task-2,2,78,3,prestim4,-1,1,0.5329062085039225
VisualCogB_Task-2,2,80,3,prestim4,-1,-1,0.3988192593379273
VisualCogA_Task-1,1,61,3,layered4,1,1,0.503939849235505
VisualCogA_Task-1,1,62,3,layered4,-1,-1,0.4845764102744445
VisualCogA_Task-1,1,63,3,layered4,1,-1,0.4884002668723624
VisualCogA_Task-1,1,64,3,layered4,1,-1,0.455446497227772
VisualCogA_Task-1,1,65,3,layered4,-1,1,0.507959450765517
VisualCogA_Task-1,1,66,3,layered4,1,1,0.5399981318172059
VisualCogA_Task-1,1,67,3,layered4,-1,-1,0.48927184195245493
VisualCogA_Task-1,1,68,3,layered4,-1,1,0.513031588959857
VisualCogA_Task-1,1,69,3,layered4,1,-1,0.49925546764908313
VisualCogA_Task-1,1,70,3,layered4,1,1,0.5044615264208432
VisualCogA_Task-1,1,71,3,layered4,-1,1,0.501238611195259
VisualCogA_Task-1,1,72,3,layered4,1,1,0.5010363971602859
VisualCogA_Task-1,1,73,3,layered4,-1,1,0.5001462643610828
VisualCogA_Task-1,1,74,3,layered4,1,1,0.5068629283125601
VisualCogA_Task-1,1,75,3,layered4,-1,1,0.5042587365045972
VisualCogA_Task-1,1,76,3,layered4,1,-1,0.4897714703322569
VisualCogA_Task-1,1,79,3,layered4,-1,1,0.5113068063306286
VisualCogA_Task-1,1,80,3,layered4,-1,1,0.5042238845148008
VisualCogB_Task-1,1,61,3,layered4,-1,1,0.5764154448722224
VisualCogB_Task-1,1,62,3,layered4,-1,-1,0.3984921745440626
VisualCogB_Task-1,1,64,3,layered4,-1,-1,0.47385714580227095
VisualCogB_Task-1,1,65,3,layered4,-1,-1,0.3972452243833606
VisualCogB_Task-1,1,66,3,layered4,-1,-1,0.2702154499295188
VisualCogB_Task-1,1,67,3,layered4,1,1,0.5096357587272218
VisualCogB_Task-1,1,68,3,layered4,1,1,0.5135601909098662
VisualCogB_Task-1,1,69,3,layered4,-1,1,0.5625540018531514
VisualCogB_Task-1,1,70,3,layered4,-1,1,0.5476812435713093
VisualCogB_Task-1,1,72,3,layered4,1,1,0.5542138675387239
VisualCogB_Task-1,1,73,3,layered4,-1,-1,0.4653454343425129
VisualCogB_Task-1,1,74,3,layered4,-1,1,0.5295739326792508
VisualCogB_Task-1,1,75,3,layered4,1,-1,0.33973601405381904
VisualCogB_Task-1,1,76,3,layered4,-1,-1,0.4823530147097048
VisualCogB_Task-1,1,77,3,layered4,-1,1,0.5186512962191531
VisualCogB_Task-1,1,79,3,layered4,1,-1,0.4626125032794045
VisualCogB_Task-1,1,80,3,layered4,-1,1,0.5444414966027983
VisualCogA_Task-1,1,61,3,layered_erp5,1,1,0.5284209775533221
VisualCogA_Task-1,1,62,3,layered_erp5,-1,-1,0.4734517747208166
VisualCogA_Task-1,1,63,3,layered_erp5,1,-1,0.471123307855844
VisualCogA_Task-1,1,64,3,layered_erp5,1,-1,0.354328840904906
VisualCogA_Task-1,1,65,3,layered_erp5,-1,-1,0.4730353302179748
VisualCogA_Task-1,1,66,3,layered_erp5,1,1,0.5450456493834089
VisualCogA_Task-1,1,67,3,layered_erp5,-1,-1,0.41725223870248945
VisualCogA_Task-1,1,68,3,layered_erp5,-1,1,0.596527989676326
VisualCogA_Task-1,1,69,3,layered_erp5,1,1,0.5509408823222887
VisualCogA_Task-1,1,70,3,layered_erp5,1,-1,0.498162205115628
VisualCogA_Task-1,1,71,3,layered_erp5,-1,1,0.5583481548821568
VisualCogA_Task-1,1,72,3,layered_erp5,1,-1,0.4441949416176614
VisualCogA_Task-1,1,73,3,layered_erp5,-1,-1,0.44179457972936687
VisualCogA_Task-1,1,74,3,layered_erp5,1,-1,0.4898132075303506
VisualCogA_Task-1,1,75,3,layered_erp5,-1,-1,0.3511580596251206
VisualCogA_Task-1,1,76,3,layered_erp5,1,-1,0.436684486695087
VisualCogA_Task-1,1,79,3,layered_erp5,-1,1,0.5148590620475876
VisualCogA_Task-1,1,80,3,layered_erp5,-1,1,0.5241020656993854
VisualCogB_Task-1,1,61,3,layered_erp5,-1,1,0.7593145968739662
VisualCogB_Task-1,1,62,3,layered_erp5,-1,-1,0.056784010249924126
VisualCogB_Task-1,1,64,3,layered_erp5,-1,-1,0.262832053459617
VisualCogB_Task-1,1,65,3,layered_erp5,-1,-1,0.3957028196875392
VisualCogB_Task-1,1,66,3,layered_erp5,-1,-1,0.36167636166939787
VisualCogB_Task-1,1,67,3,layered_erp5,1,1,0.5871869640073712
VisualCogB_Task-1,1,68,3,layered_erp5,1,1,0.5160856264377179
VisualCogB_Task-1,1,69,3,layered_erp5,-1,1,0.5488742110039677
VisualCogB_Task-1,1,70,3,layered_erp5,-1,1,0.532461055728329
VisualCogB_Task-1,1,72,3,layered_erp5,1,-1,0.4223516007871187
VisualCogB_Task-1,1,73,3,layered_erp5,-1,-1,0.3532133106101794
VisualCogB_Task-1,1,74,3,layered_erp5,-1,1,0.5442540401747563
VisualCogB_Task-1,1,75,3,layered_erp5,1,-1,0.16732936049085897
VisualCogB_Task-1,1,76,3,layered_erp5,-1,-1,0.422593155979468
VisualCogB_Task-1,1,77,3,layered_erp5,-1,-1,0.4529178089658597
VisualCogB_Task-1,1,79,3,layered_erp5,1,1,0.5800339603980883
VisualCogB_Task-1,1,80,3,layered_erp5,-1,1,0.5694673360540558
VisualCogA_Task-2,2,61,3,layered4,-1,-1,0.4295875799559512
VisualCogA_Task-2,2,64,3,layered4,-1,1,0.6200791725895194
VisualCogA_Task-2,2,65,3,layered4,1,-1,0.3906358335732056
VisualCogA_Task-2,2,66,3,layered4,-1,-1,0.41297234807237854
VisualCogA_Task-2,2,67,3,layered4,1,1,0.554445416515756
VisualCogA_Task-2,2,69,3,layered4,-1,1,0.5235991356264431
VisualCogA_Task-2,2,70,3,layered4,-1,1,0.5822521447441764
VisualCogA_Task-2,2,71,3,layered4,1,-1,0.43407965086592687
VisualCogA_Task-2,2,72,3,layered4,1,1,0.5932468952335489
VisualCogA_Task-2,2,73,3,layered4,1,1,0.5040147326044059
VisualCogA_Task-2,2,74,3,layered4,1,1,0.5399231706507887
VisualCogA_Task-2,2,75,3,layered4,-1,1,0.5071480744693472
VisualCogA_Task-2,2,76,3,layered4,-1,1,0.5237828920742137
VisualCogA_Task-2,2,77,3,layered4,-1,1,0.5487244234869953
VisualCogA_Task-2,2,78,3,layered4,1,1,0.6167849576216204
VisualCogA_Task-2,2,79,3,layered4,-1,-1,0.4803750489015216
VisualCogB_Task-2,2,61,3,layered4,-1,-1,0.41328479477681307
VisualCogB_Task-2,2,62,3,layered4,1,-1,0.46724916344751205
VisualCogB_Task-2,2,63,3,layered4,-1,-1,0.4919098424168932
VisualCogB_Task-2,2,64,3,layered4,-1,-1,0.3536894064252198
VisualCogB_Task-2,2,65,3,layered4,1,1,0.5515200154244663
VisualCogB_Task-2,2,67,3,layered4,1,-1,0.48287402797213613
VisualCogB_Task-2,2,68,3,layered4,1,1,0.6563790399491128
VisualCogB_Task-2,2,69,3,layered4,-1,1,0.5860380639881034
VisualCogB_Task-2,2,70,3,layered4,-1,1,0.7173173973657911
VisualCogB_Task-2,2,71,3,layered4,1,1,0.5130575186933118
VisualCogB_Task-2,2,72,3,layered4,1,-1,0.27815772049087956
VisualCogB_Task-2,2,73,3,layered4,1,1,0.5169337075959389
VisualCogB_Task-2,2,74,3,layered4,-1,-1,0.40413608557078323
VisualCogB_Task-2,2,75,3,layered4,-1,1,0.5117901643879644
VisualCogB_Task-2,2,76,3,layered4,1,-1,0.4199126186604028
VisualCogB_Task-2,2,77,3,layered4,1,-1,0.4987732901417226
VisualCogB_Task-2,2,78,3,layered4,-1,1,0.5387719578125569
VisualCogB_Task-2,2,80,3,layered4,-1,-1,0.42307949357941305
VisualCogA_Task-2,2,61,3,layered_erp5,-1,-1,0.43244289502182015
VisualCogA_Task-2,2,64,3,layered_erp5,-1,1,0.5683674637936952
VisualCogA_Task-2,2,65,3,layered_erp5,1,-1,0.3968183595189864
VisualCogA_Task-2,2,66,3,layered_erp5,-1,-1,0.43256758048403077
VisualCogA_Task-2,2,67,3,layered_erp5,1,-1,0.4661404523128481
VisualCogA_Task-2,2,69,3,layered_erp5,-1,1,0.5032110972060984
VisualCogA_Task-2,2,70,3,layered_erp5,-1,1,0.5522718558333738
VisualCogA_Task-2,2,71,3,layered_erp5,1,-1,0.4065764197221253
VisualCogA_Task-2,2,72,3,layered_erp5,1,-1,0.49730764324584675
VisualCogA_Task-2,2,73,3,layered_erp5,1,1,0.5336243614344002
VisualCogA_Task-2,2,74,3,layered_erp5,1,1,0.5325031648443892
VisualCogA_Task-2,2,75,3,layered_erp5,-1,-1,0.4744348772322041
VisualCogA_Task-2,2,76,3,layered_erp5,-1,1,0.5193700535083944
VisualCogA_Task-2,2,77,3,layered_erp5,-1,1,0.5260372505240983
VisualCogA_Task-2,2,78,3,layered_erp5,1,1,0.6065227630589944
VisualCogA_Task-2,2,79,3,layered_erp5,-1,-1,0.4823758323007422
VisualCogB_Task-2,2,61,3,layered_erp5,-1,-1,0.423022572093382
VisualCogB_Task-2,2,62,3,layered_erp5,1,-1,0.46659088896769857
VisualCogB_Task-2,2,63,3,layered_erp5,-1,1,0.5490256789304223
VisualCogB_Task-2,2,64,3,layered_erp5,-1,-1,0.28276090990003955
VisualCogB_Task-2,2,65,3,layered_erp5,1,-1,0.37313950552036274
VisualCogB_Task-2,2,67,3,layered_erp5,1,1,0.5864720681555888
VisualCogB_Task-2,2,68,3,layered_erp5,1,1,0.7877544321318269
VisualCogB_Task-2,2,69,3,layered_erp5,-1,1,0.5923227424561963
VisualCogB_Task-2,2,70,3,layered_erp5,-1,1,0.7214854459166192
VisualCogB_Task-2,2,71,3,layered_erp5,1,1,0.5532940746071346
VisualCogB_Task-2,2,72,3,layered_erp5,1,-1,0.2992911058177028
VisualCogB_Task-2,2,73,3,layered_erp5,1,1,0.5373018011736732
VisualCogB_Task-2,2,74,3,layered_erp5,-1,-1,0.34240178797722076
VisualCogB_Task-2,2,75,3,layered_erp5,-1,-1,0.4726169926999335
VisualCogB_Task-2,2,76,3,layered_erp5,1,-1,0.36952091825979094
VisualCogB_Task-2,2,77,3,layered_erp5,1,-1,0.4963513830844288
VisualCogB_Task-2,2,78,3,layered_erp5,-1,1,0.5582854835391768
VisualCogB_Task-2,2,80,3,layered_erp5,-1,-1,0.43161662236682624
VisualCogA_Task-1,1,81,4,mechanistic5,-1,1,0.5043111657814264
VisualCogA_Task-1,1,82,4,mechanistic5,1,1,0.5002915705130094
VisualCogA_Task-1,1,83,4,mechanistic5,-1,1,0.5015728404552446
VisualCogA_Task-1,1,84,4,mechanistic5,1,1,0.5109930038007225
VisualCogA_Task-1,1,85,4,mechanistic5,-1,-1,0.49503540063858753
VisualCogA_Task-1,1,86,4,mechanistic5,1,1,0.5015867367396126
VisualCogA_Task-1,1,87,4,mechanistic5,1,-1,0.49984168724491895
VisualCogA_Task-1,1,89,4,mechanistic5,1,-1,0.4975068821382936
VisualCogA_Task-1,1,90,4,mechanistic5,1,-1,0.49938844193773446
VisualCogA_Task-1,1,91,4,mechanistic5,-1,1,0.5045982015588757
VisualCogA_Task-1,1,92,4,mechanistic5,1,1,0.5032086468459795
VisualCogA_Task-1,1,93,4,mechanistic5,1,1,0.5008391531995307
VisualCogA_Task-1,1,94,4,mechanistic5,1,1,0.5007398544779288
VisualCogA_Task-1,1,95,4,mechanistic5,-1,-1,0.49893131131215923
VisualCogA_Task-1,1,96,4,mechanistic5,1,-1,0.4995003773311912
VisualCogA_Task-1,1,97,4,mechanistic5,1,1,0.5029881858941614
VisualCogA_Task-1,1,99,4,mechanistic5,-1,1,0.5011829988563083
VisualCogA_Task-1,1,100,4,mechanistic5,1,-1,0.49811954708760625
VisualCogB_Task-1,1,81,4,mechanistic5,-1,-1,0.49140341636931384
VisualCogB_Task-1,1,82,4,mechanistic5,1,-1,0.49602026220591666
VisualCogB_Task-1,1,83,4,mechanistic5,-1,-1,0.48877844131425263
VisualCogB_Task-1,1,84,4,mechanistic5,-1,1,0.5015913113052924
VisualCogB_Task-1,1,86,4,mechanistic5,-1,-1,0.4998777971646391
VisualCogB_Task-1,1,87,4,mechanistic5,-1,1,0.5001331076923359
VisualCogB_Task-1,1,89,4,mechanistic5,-1,1,0.5030448948945124
VisualCogB_Task-1,1,90,4,mechanistic5,-1,-1,0.4990330164734588
VisualCogB_Task-1,1,91,4,mechanistic5,1,1,0.501880021830471
VisualCogB_Task-1,1,93,4,mechanistic5,-1,1,0.5027469199425993
VisualCogB_Task-1,1,94,4,mechanistic5,1,1,0.5009636112840803
VisualCogB_Task-1,1,95,4,mechanistic5,-1,1,0.5017324242590847
VisualCogB_Task-1,1,96,4,mechanistic5,1,1,0.5013593310079139
VisualCogB_Task-1,1,98,4,mechanistic5,1,1,0.5033883554756976
VisualCogB_Task-1,1,99,4,mechanistic5,1,-1,0.4983760957775266
VisualCogB_Task-1,1,100,4,mechanistic5,1,-1,0.48949656219762205
VisualCogA_Task-1,1,81,4,physical4,-1,1,0.5159892663806254
VisualCogA_Task-1,1,82,4,physical4,1,-1,0.4943013576173961
VisualCogA_Task-1,1,83,4,physical4,-1,1,0.5117534585714625
VisualCogA_Task-1,1,84,4,physical4,1,1,0.5321322993500902
VisualCogA_Task-1,1,85,4,physical4,-1,-1,0.4794284766661829
VisualCogA_Task-1,1,86,4,physical4,1,1,0.5017601916140959
VisualCogA_Task-1,1,87,4,physical4,1,1,0.5036980288848126
VisualCogA_Task-1,1,89,4,physical4,1,-1,0.49254598360542545
VisualCogA_Task-1,1,90,4,physical4,1,-1,0.495190797918111
VisualCogA_Task-1,1,91,4,physical4,-1,1,0.50632221937025
VisualCogA_Task-1,1,92,4,physical4,1,1,0.510218613524925
VisualCogA_Task-1,1,93,4,physical4,1,1,0.5060957019042258
VisualCogA_Task-1,1,94,4,physical4,1,1,0.5024614006875134
VisualCogA_Task-1,1,95,4,physical4,-1,-1,0.494041574538291
VisualCogA_Task-1,1,96,4,physical4,1,-1,0.4974753355939554
VisualCogA_Task-1,1,97,4,physical4,1,1,0.5119978827234859
VisualCogA_Task-1,1,99,4,physical4,-1,1,0.504440960443177
VisualCogA_Task-1,1,100,4,physical4,1,-1,0.4910460999312683
VisualCogB_Task-1,1,81,4,physical4,-1,-1,0.46680162944358616
VisualCogB_Task-1,1,82,4,physical4,1,-1,0.4805022429028617
VisualCogB_Task-1,1,83,4,physical4,-1,-1,0.45221928204138695
VisualCogB_Task-1,1,84,4,physical4,-1,1,0.5056444484481007
VisualCogB_Task-1,1,86,4,physical4,-1,1,0.5018012717322756
VisualCogB_Task-1,1,87,4,physical4,-1,1,0.5009174336494294
VisualCogB_Task-1,1,89,4,physical4,-1,1,0.5251336782013534
VisualCogB_Task-1,1,90,4,physical4,-1,-1,0.476072748060207
VisualCogB_Task-1,1,91,4,physical4,1,1,0.512086254822917
VisualCogB_Task-1,1,93,4,physical4,-1,1,0.5160058758510554
VisualCogB_Task-1,1,94,4,physical4,1,1,0.5054661881583857
VisualCogB_Task-1,1,95,4,physical4,-1,1,0.509115525916747
VisualCogB_Task-1,1,96,4,physical4,1,1,0.5073729252867647
VisualCogB_Task-1,1,98,4,physical4,1,1,0.5181139172175703
VisualCogB_Task-1,1,99,4,physical4,1,-1,0.49240319022404216
VisualCogB_Task-1,1,100,4,physical4,1,-1,0.4751956157628483
VisualCogA_Task-1,1,81,4,erp5,-1,1,0.5127430518207077
VisualCogA_Task-1,1,82,4,erp5,1,-1,0.47484138999161657
VisualCogA_Task-1,1,83,4,erp5,-1,1,0.5624356027470413
VisualCogA_Task-1,1,84,4,erp5,1,-1,0.4012957643905134
VisualCogA_Task-1,1,85,4,erp5,-1,-1,0.4316127124512782
VisualCogA_Task-1,1,86,4,erp5,1,-1,0.49923808016615984
VisualCogA_Task-1,1,87,4,erp5,1,1,0.5214840379323062
VisualCogA_Task-1,1,89,4,erp5,1,-1,0.49733535078498753
VisualCogA_Task-1,1,90,4,erp5,1,-1,0.48386943513289254
VisualCogA_Task-1,1,91,4,erp5,-1,-1,0.31902231235063455
VisualCogA_Task-1,1,92,4,erp5,1,-1,0.48246452100865517
VisualCogA_Task-1,1,93,4,erp5,1,1,0.5168616384584273
VisualCogA_Task-1,1,94,4,erp5,1,1,0.5012890956300213
VisualCogA_Task-1,1,95,4,erp5,-1,-1,0.4864061758170587
VisualCogA_Task-1,1,96,4,erp5,1,-1,0.49381730336250845
VisualCogA_Task-1,1,97,4,erp5,1,-1,0.4808716938944227
VisualCogA_Task-1,1,99,4,erp5,-1,1,0.5113274560099581
VisualCogA_Task-1,1,100,4,erp5,1,-1,0.47816177981111374
VisualCogB_Task-1,1,81,4,erp5,-1,1,0.5416985642657295
VisualCogB_Task-1,1,82,4,erp5,1,-1,0.4812189690847094
VisualCogB_Task-1,1,83,4,erp5,-1,-1,0.4459619491115691
VisualCogB_Task-1,1,84,4,erp5,-1,-1,0.48713624797190613
VisualCogB_Task-1,1,86,4,erp5,-1,1,0.5114343205156081
VisualCogB_Task-1,1,87,4,erp5,-1,1,0.5137697097814877
VisualCogB_Task-1,1,89,4,erp5,-1,1,0.5559087253481415
VisualCogB_Task-1,1,90,4,erp5,-1,-1,0.4311949158455583
VisualCogB_Task-1,1,91,4,erp5,1,1,0.5206267503816541
VisualCogB_Task-1,1,93,4,erp5,-1,1,0.5442844880276863
VisualCogB_Task-1,1,94,4,erp5,1,1,0.5435959276653876
VisualCogB_Task-1,1,95,4,erp5,-1,1,0.5141654901602
VisualCogB_Task-1,1,96,4,erp5,1,-1,0.49833077589393504
VisualCogB_Task-1,1,98,4,erp5,1,1,0.5387483531241241
VisualCogB_Task-1,1,99,4,erp5,1,-1,0.4785143739274081
VisualCogB_Task-1,1,100,4,erp5,1,-1,0.33824514739125916
VisualCogA_Task-1,1,81,4,prestim4,-1,-1,0.48887341091235986
VisualCogA_Task-1,1,82,4,prestim4,1,-1,0.4844977518176606
VisualCogA_Task-1,1,83,4,prestim4,-1,1,0.5305299366478203
VisualCogA_Task-1,1,84,4,prestim4,1,1,0.6692582439669148
VisualCogA_Task-1,1,85,4,prestim4,-1,1,0.5324621854609616
VisualCogA_Task-1,1,86,4,prestim4,1,1,0.5097622106829849
VisualCogA_Task-1,1,87,4,prestim4,1,-1,0.4750165311054283
VisualCogA_Task-1,1,89,4,prestim4,1,-1,0.4569678289400035
VisualCogA_Task-1,1,90,4,prestim4,1,-1,0.47712518149240096
VisualCogA_Task-1,1,91,4,prestim4,-1,1,0.5787063665055251
VisualCogA_Task-1,1,92,4,prestim4,1,-1,0.4773205067895508
VisualCogA_Task-1,1,93,4,prestim4,1,-1,0.4922122591373608
VisualCogA_Task-1,1,94,4,prestim4,1,1,0.5183007935439499
VisualCogA_Task-1,1,95,4,prestim4,-1,1,0.5111877609236031
VisualCogA_Task-1,1,96,4,prestim4,1,-1,0.4975292760123822
VisualCogA_Task-1,1,97,4,prestim4,1,-1,0.46480087947802096
VisualCogA_Task-1,1,99,4,prestim4,-1,-1,0.467228005062726
VisualCogA_Task-1,1,100,4,prestim4,1,-1,0.47895834376640845
VisualCogB_Task-1,1,81,4,prestim4,-1,-1,0.4579453274909826
VisualCogB_Task-1,1,82,4,prestim4,1,-1,0.4641633065458266
VisualCogB_Task-1,1,83,4,prestim4,-1,-1,0.4136196713608333
VisualCogB_Task-1,1,84,4,prestim4,-1,1,0.596467189126243
VisualCogB_Task-1,1,86,4,prestim4,-1,1,0.503068339563369
VisualCogB_Task-1,1,87,4,prestim4,-1,-1,0.4740273796863433
VisualCogB_Task-1,1,89,4,prestim4,-1,1,0.5979680994045466
VisualCogB_Task-1,1,90,4,prestim4,-1,-1,0.4931343368922549
VisualCogB_Task-1,1,91,4,prestim4,1,-1,0.4994762055718679
VisualCogB_Task-1,1,93,4,prestim4,-1,1,0.6075363311516268
VisualCogB_Task-1,1,94,4,prestim4,1,1,0.5542157380657144
VisualCogB_Task-1,1,95,4,prestim4,-1,-1,0.4832523712804561
VisualCogB_Task-1,1,96,4,prestim4,1,-1,0.4830197755416864
VisualCogB_Task-1,1,98,4,prestim4,1,1,0.5603992114469211
VisualCogB_Task-1,1,99,4,prestim4,1,1,0.5707340247923781
VisualCogB_Task-1,1,100,4,prestim4,1,-1,0.4898923923490581
VisualCogA_Task-2,2,81,4,mechanistic5,-1,-1,0.30376883675348565
VisualCogA_Task-2,2,82,4,mechanistic5,1,1,0.5183423077930052
VisualCogA_Task-2,2,83,4,mechanistic5,1,1,0.532212717107555
VisualCogA_Task-2,2,84,4,mechanistic5,-1,1,0.5368945254343261
VisualCogA_Task-2,2,85,4,mechanistic5,1,-1,0.47737444051023037
VisualCogA_Task-2,2,87,4,mechanistic5,-1,1,0.5768885650863583
VisualCogA_Task-2,2,88,4,mechanistic5,1,1,0.662060250364973
VisualCogA_Task-2,2,89,4,mechanistic5,-1,-1,0.47837007686207117
VisualCogA_Task-2,2,90,4,mechanistic5,-1,1,0.5785638734284155
VisualCogA_Task-2,2,91,4,mechanistic5,-1,-1,0.4769959264648703
VisualCogA_Task-2,2,92,4,mechanistic5,-1,-1,0.4785237397310419
VisualCogA_Task-2,2,93,4,mechanistic5,1,-1,0.49933616245601015
VisualCogA_Task-2,2,94,4,mechanistic5,-1,-1,0.2698324526130397
VisualCogA_Task-2,2,95,4,mechanistic5,-1,-1,0.4341236632969014
VisualCogA_Task-2,2,96,4,mechanistic5,-1,1,0.5174561907666198
VisualCogA_Task-2,2,97,4,mechanistic5,-1,-1,0.48445639557341896
VisualCogA_Task-2,2,98,4,mechanistic5,-1,-1,0.41406798730841193
VisualCogA_Task-2,2,99,4,mechanistic5,-1,-1,0.49629097386243815
VisualCogA_Task-2,2,100,4,mechanistic5,-1,1,0.562482413833108
VisualCogB_Task-2,2,81,4,mechanistic5,1,-1,0.48513442134365325
VisualCogB_Task-2,2,83,4,mechanistic5,1,1,0.552392047351404
VisualCogB_Task-2,2,84,4,mechanistic5,-1,1,0.513922918699466
VisualCogB_Task-2,2,86,4,mechanistic5,1,-1,0.48322414353619453
VisualCogB_Task-2,2,87,4,mechanistic5,-1,1,0.5369856578884717
VisualCogB_Task-2,2,88,4,mechanistic5,1,1,0.584668282024623
VisualCogB_Task-2,2,89,4,mechanistic5,-1,-1,0.36955753922250273
VisualCogB_Task-2,2,90,4,mechanistic5,1,-1,0.4785396814744718
VisualCogB_Task-2,2,91,4,mechanistic5,-1,-1,0.3103524961261181
VisualCogB_Task-2,2,92,4,mechanistic5,-1,-1,0.4955685501273868
VisualCogB_Task-2,2,93,4,mechanistic5,1,-1,0.499432570993916
VisualCogB_Task-2,2,94,4,mechanistic5,-1,1,0.5151909706874082
VisualCogB_Task-2,2,95,4,mechanistic5,1,-1,0.47577223830163745
VisualCogB_Task-2,2,96,4,mechanistic5,1,-1,0.38461967455242324
VisualCogB_Task-2,2,97,4,mechanistic5,-1,1,0.5077839274370922
VisualCogB_Task-2,2,98,4,mechanistic5,-1,-1,0.4946969446282834
VisualCogB_Task-2,2,99,4,mechanistic5,1,1,0.5296118074875071
VisualCogB_Task-2,2,100,4,mechanistic5,-1,-1,0.4578890950743009
VisualCogA_Task-2,2,81,4,physical4,-1,-1,0.4172993745768149
VisualCogA_Task-2,2,82,4,physical4,1,1,0.5051584185802797
VisualCogA_Task-2,2,83,4,physical4,1,1,0.5172251308479382
VisualCogA_Task-2,2,84,4,physical4,-1,1,0.5140355226822542
VisualCogA_Task-2,2,85,4,physical4,1,1,0.5009112123951334
VisualCogA_Task-2,2,87,4,physical4,-1,1,0.5425130603659946
VisualCogA_Task-2,2,88,4,physical4,1,1,0.5634973674925569
VisualCogA_Task-2,2,89,4,physical4,-1,-1,0.4969892753614254
VisualCogA_Task-2,2,90,4,physical4,-1,1,0.5257370642062436
VisualCogA_Task-2,2,91,4,physical4,-1,-1,0.48994717647742825
VisualCogA_Task-2,2,92,4,physical4,-1,-1,0.4927518879588692
VisualCogA_Task-2,2,93,4,physical4,1,1,0.503015612401311
VisualCogA_Task-2,2,94,4,physical4,-1,-1,0.4021006098656246
VisualCogA_Task-2,2,95,4,physical4,-1,-1,0.4748582362145009
VisualCogA_Task-2,2,96,4,physical4,-1,1,0.5039807911852892
VisualCogA_Task-2,2,97,4,physical4,-1,-1,0.49762132877000226
VisualCogA_Task-2,2,98,4,physical4,-1,-1,0.47012464157825773
VisualCogA_Task-2,2,99,4,physical4,-1,1,0.5000171621952836
VisualCogA_Task-2,2,100,4,physical4,-1,1,0.5243112798151752
VisualCogB_Task-2,2,81,4,physical4,1,-1,0.4932300640576843
VisualCogB_Task-2,2,83,4,physical4,1,1,0.5244313477888494
VisualCogB_Task-2,2,84,4,physical4,-1,1,0.5043399110221578
VisualCogB_Task-2,2,86,4,physical4,1,-1,0.4901808138114354
VisualCogB_Task-2,2,87,4,physical4,-1,1,0.514969887573125
VisualCogB_Task-2,2,88,4,physical4,1,1,0.5408435811782251
VisualCogB_Task-2,2,89,4,physical4,-1,-1,0.44501972553979136
VisualCogB_Task-2,2,90,4,physical4,1,-1,0.49145440679309693
VisualCogB_Task-2,2,91,4,physical4,-1,-1,0.416075383385062
VisualCogB_Task-2,2,92,4,physical4,-1,-1,0.4929469788620654
VisualCogB_Task-2,2,93,4,physical4,1,1,0.5023788733202112
VisualCogB_Task-2,2,94,4,physical4,-1,1,0.517029586713627
VisualCogB_Task-2,2,95,4,physical4,1,1,0.5024250126269049
VisualCogB_Task-2,2,96,4,physical4,1,-1,0.4404416656722105
VisualCogB_Task-2,2,97,4,physical4,-1,1,0.5024132100624811
VisualCogB_Task-2,2,98,4,physical4,-1,-1,0.49629807063416514
VisualCogB_Task-2,2,99,4,physical4,1,1,0.5130057463449632
VisualCogB_Task-2,2,100,4,physical4,-1,-1,0.49791719930942563
VisualCogA_Task-2,2,81,4,erp5,-1,-1,0.4003905869920549
VisualCogA_Task-2,2,82,4,erp5,1,1,0.5233854071251598
VisualCogA_Task-2,2,83,4,erp5,1,-1,0.47233623059185453
VisualCogA_Task-2,2,84,4,erp5,-1,1,0.5239957205515982
VisualCogA_Task-2,2,85,4,erp5,1,-1,0.39034641322985253
VisualCogA_Task-2,2,87,4,erp5,-1,-1,0.39039739538411267
VisualCogA_Task-2,2,88,4,erp5,1,1,0.6518433687917362
VisualCogA_Task-2,2,89,4,erp5,-1,-1,0.4281467641468475
VisualCogA_Task-2,2,90,4,erp5,-1,-1,0.4548531190777311
VisualCogA_Task-2,2,91,4,erp5,-1,-1,0.46269495715596987
VisualCogA_Task-2,2,92,4,erp5,-1,-1,0.4219001346133788
VisualCogA_Task-2,2,93,4,erp5,1,-1,0.44736713424569996
VisualCogA_Task-2,2,94,4,erp5,-1,-1,0.36704999768550034
VisualCogA_Task-2,2,95,4,erp5,-1,-1,0.44274654892260656
VisualCogA_Task-2,2,96,4,erp5,-1,1,0.5195538774791209
VisualCogA_Task-2,2,97,4,erp5,-1,-1,0.4462478487407392
VisualCogA_Task-2,2,98,4,erp5,-1,-1,0.4268128973134206
VisualCogA_Task-2,2,99,4,erp5,-1,-1,0.47100232768097894
VisualCogA_Task-2,2,100,4,erp5,-1,1,0.5321677450692331
VisualCogB_Task-2,2,81,4,erp5,1,-1,0.48797147976619665
VisualCogB_Task-2,2,83,4,erp5,1,1,0.6135779900491778
VisualCogB_Task-2,2,84,4,erp5,-1,1,0.5315008719947603
VisualCogB_Task-2,2,86,4,erp5,1,-1,0.47917007611373
VisualCogB_Task-2,2,87,4,erp5,-1,1,0.6134191224203703
VisualCogB_Task-2,2,88,4,erp5,1,1,0.6906644161441364
VisualCogB_Task-2,2,89,4,erp5,-1,-1,0.19735494210202756
VisualCogB_Task-2,2,90,4,erp5,1,-1,0.490078970815505
VisualCogB_Task-2,2,91,4,erp5,-1,-1,0.13907094500595107
VisualCogB_Task-2,2,92,4,erp5,-1,1,0.5084650460839963
VisualCogB_Task-2,2,93,4,erp5,1,1,0.5278120780006251
VisualCogB_Task-2,2,94,4,erp5,-1,1,0.5544601113048285
VisualCogB_Task-2,2,95,4,erp5,1,-1,0.45160345755453024
VisualCogB_Task-2,2,96,4,erp5,1,-1,0.2808764586028348
VisualCogB_Task-2,2,97,4,erp5,-1,1,0.5240212374433973
VisualCogB_Task-2,2,98,4,erp5,-1,-1,0.49864642059835534
VisualCogB_Task-2,2,99,4,erp5,1,1,0.61409454486215
VisualCogB_Task-2,2,100,4,erp5,-1,-1,0.42246333746999726
VisualCogA_Task-2,2,81,4,prestim4,-1,-1,0.4781277404360571
VisualCogA_Task-2,2,82,4,prestim4,1,-1,0.4378296615258339
VisualCogA_Task-2,2,83,4,prestim4,1,1,0.5884743340879672
VisualCogA_Task-2,2,84,4,prestim4,-1,1,0.5756664765530941
VisualCogA_Task-2,2,85,4,prestim4,1,1,0.6877611364090956
VisualCogA_Task-2,2,87,4,prestim4,-1,-1,0.4211528113140608
VisualCogA_Task-2,2,88,4,prestim4,1,-1,0.4550838424359954
VisualCogA_Task-2,2,89,4,prestim4,-1,-1,0.48530215115166486
VisualCogA_Task-2,2,90,4,prestim4,-1,-1,0.4771559108761205
VisualCogA_Task-2,2,91,4,prestim4,-1,1,0.5093241079998405
VisualCogA_Task-2,2,92,4,prestim4,-1,-1,0.4590062717291004
VisualCogA_Task-2,2,93,4,prestim4,1,-1,0.4854680698492358
VisualCogA_Task-2,2,94,4,prestim4,-1,1,0.5174022598489105
VisualCogA_Task-2,2,95,4,prestim4,-1,1,0.6208863216842124
VisualCogA_Task-2,2,96,4,prestim4,-1,1,0.5004234480328001
VisualCogA_Task-2,2,97,4,prestim4,-1,-1,0.40476058602116693
VisualCogA_Task-2,2,98,4,prestim4,-1,1,0.55317570545372
VisualCogA_Task-2,2,99,4,prestim4,-1,-1,0.40893667896435176
VisualCogA_Task-2,2,100,4,prestim4,-1,1,0.5835863375341404
VisualCogB_Task-2,2,81,4,prestim4,1,1,0.6039471608139501
VisualCogB_Task-2,2,83,4,prestim4,1,1,0.5524636256148533
VisualCogB_Task-2,2,84,4,prestim4,-1,1,0.5026320007900514
VisualCogB_Task-2,2,86,4,prestim4,1,-1,0.31605600125363054
VisualCogB_Task-2,2,87,4,prestim4,-1,1,0.7008452577905494
VisualCogB_Task-2,2,88,4,prestim4,1,1,0.6802839761258472
VisualCogB_Task-2,2,89,4,prestim4,-1,-1,0.38316196867063146
VisualCogB_Task-2,2,90,4,prestim4,1,-1,0.321737593074448
VisualCogB_Task-2,2,91,4,prestim4,-1,1,0.5395527904908203
VisualCogB_Task-2,2,92,4,prestim4,-1,-1,0.43678732914419743
VisualCogB_Task-2,2,93,4,prestim4,1,-1,0.4998199269461295
VisualCogB_Task-2,2,94,4,prestim4,-1,1,0.6980649475503722
VisualCogB_Task-2,2,95,4,prestim4,1,-1,0.47523356378134285
VisualCogB_Task-2,2,96,4,prestim4,1,-1,0.416360303913832
VisualCogB_Task-2,2,97,4,prestim4,-1,1,0.5443228105900412
VisualCogB_Task-2,2,98,4,prestim4,-1,-1,0.4752416772480451
VisualCogB_Task-2,2,99,4,prestim4,1,-1,0.49093851361202784
VisualCogB_Task-2,2,100,4,prestim4,-1,-1,0.3158406689857257
VisualCogA_Task-1,1,81,4,layered4,-1,1,0.5258634962301982
VisualCogA_Task-1,1,82,4,layered4,1,-1,0.4581556354790733
VisualCogA_Task-1,1,83,4,layered4,-1,1,0.5189526247237135
VisualCogA_Task-1,1,84,4,layered4,1,1,0.5415431372514729
VisualCogA_Task-1,1,85,4,layered4,-1,-1,0.48989752772979006
VisualCogA_Task-1,1,86,4,layered4,1,-1,0.48479513893017956
VisualCogA_Task-1,1,87,4,layered4,1,1,0.5041886922432693
VisualCogA_Task-1,1,89,4,layered4,1,1,0.5159291115121492
VisualCogA_Task-1,1,90,4,layered4,1,-1,0.4829682102304571
VisualCogA_Task-1,1,91,4,layered4,-1,1,0.5352367279890019
VisualCogA_Task-1,1,92,4,layered4,1,1,0.5051661110757553
VisualCogA_Task-1,1,93,4,layered4,1,1,0.5267487362414097
VisualCogA_Task-1,1,94,4,layered4,1,-1,0.4980588092690884
VisualCogA_Task-1,1,95,4,layered4,-1,1,0.500920047429385
VisualCogA_Task-1,1,96,4,layered4,1,1,0.5003369621535183
VisualCogA_Task-1,1,97,4,layered4,1,1,0.516099871966689
VisualCogA_Task-1,1,99,4,layered4,-1,-1,0.4937716913715009
VisualCogA_Task-1,1,100,4,layered4,1,-1,0.4887477546488615
VisualCogB_Task-1,1,81,4,layered4,-1,-1,0.46427944768052576
VisualCogB_Task-1,1,82,4,layered4,1,-1,0.48518401126038646
VisualCogB_Task-1,1,83,4,layered4,-1,-1,0.44824110324467187
VisualCogB_Task-1,1,84,4,layered4,-1,-1,0.4998492662269404
VisualCogB_Task-1,1,86,4,layered4,-1,-1,0.45966672073841214
VisualCogB_Task-1,1,87,4,layered4,-1,-1,0.49942174160883246
VisualCogB_Task-1,1,89,4,layered4,-1,1,0.5511882824660191
VisualCogB_Task-1,1,90,4,layered4,-1,-1,0.40779169677939925
VisualCogB_Task-1,1,91,4,layered4,1,1,0.5306610533609177
VisualCogB_Task-1,1,93,4,layered4,-1,1,0.5274416839466729
VisualCogB_Task-1,1,94,4,layered4,1,-1,0.4991147901357478
VisualCogB_Task-1,1,95,4,layered4,-1,1,0.5066536897827723
VisualCogB_Task-1,1,96,4,layered4,1,-1,0.48263722976033335
VisualCogB_Task-1,1,98,4,layered4,1,1,0.5200740755727712
VisualCogB_Task-1,1,99,4,layered4,1,-1,0.4868086553495638
VisualCogB_Task-1,1,100,4,layered4,1,-1,0.4349785401704173
VisualCogA_Task-1,1,81,4,layered_erp5,-1,1,0.538634311470186
VisualCogA_Task-1,1,82,4,layered_erp5,1,-1,0.41120855426532643
VisualCogA_Task-1,1,83,4,layered_erp5,-1,1,0.6091136891808242
VisualCogA_Task-1,1,84,4,layered_erp5,1,-1,0.35616197528980226
VisualCogA_Task-1,1,85,4,layered_erp5,-1,-1,0.40741541156866645
VisualCogA_Task-1,1,86,4,layered_erp5,1,-1,0.47600188131080046
VisualCogA_Task-1,1,87,4,layered_erp5,1,1,0.5275705960470688
VisualCogA_Task-1,1,89,4,layered_erp5,1,1,0.5402274018564585
VisualCogA_Task-1,1,90,4,layered_erp5,1,-1,0.46047098249760265
VisualCogA_Task-1,1,91,4,layered_erp5,-1,-1,0.2549362204105341
VisualCogA_Task-1,1,92,4,layered_erp5,1,-1,0.45635340674088004
VisualCogA_Task-1,1,93,4,layered_erp5,1,1,0.564752256284617
VisualCogA_Task-1,1,94,4,layered_erp5,1,-1,0.49994000722503446
VisualCogA_Task-1,1,95,4,layered_erp5,-1,1,0.5049547888969574
VisualCogA_Task-1,1,96,4,layered_erp5,1,1,0.5037711238967365
VisualCogA_Task-1,1,97,4,layered_erp5,1,-1,0.46152113783727006
VisualCogA_Task-1,1,99,4,layered_erp5,-1,1,0.5004221423779772
VisualCogA_Task-1,1,100,4,layered_erp5,1,-1,0.4649009981814397
VisualCogB_Task-1,1,81,4,layered_erp5,-1,1,0.5603265296956479
VisualCogB_Task-1,1,82,4,layered_erp5,1,-1,0.4930030399665824
VisualCogB_Task-1,1,83,4,layered_erp5,-1,-1,0.4308188058583268
VisualCogB_Task-1,1,84,4,layered_erp5,-1,-1,0.45843055409730543
VisualCogB_Task-1,1,86,4,layered_erp5,-1,-1,0.4205945240370013
VisualCogB_Task-1,1,87,4,layered_erp5,-1,1,0.5201928632623287
VisualCogB_Task-1,1,89,4,layered_erp5,-1,1,0.6116123829181862
VisualCogB_Task-1,1,90,4,layered_erp5,-1,-1,0.25577133663248286
VisualCogB_Task-1,1,91,4,layered_erp5,1,1,0.5595382778150317
VisualCogB_Task-1,1,93,4,layered_erp5,-1,1,0.5840962422021766
VisualCogB_Task-1,1,94,4,layered_erp5,1,1,0.5614871490087463
VisualCogB_Task-1,1,95,4,layered_erp5,-1,1,0.5124095561037216
VisualCogB_Task-1,1,96,4,layered_erp5,1,-1,0.4315116584897723
VisualCogB_Task-1,1,98,4,layered_erp5,1,1,0.550105665682038
VisualCogB_Task-1,1,99,4,layered_erp5,1,-1,0.4557888952072689
VisualCogB_Task-1,1,100,4,layered_erp5,1,-1,0.19639132996760642
VisualCogA_Task-2,2,81,4,layered4,-1,-1,0.22622153665397257
VisualCogA_Task-2,2,82,4,layered4,1,1,0.5088823947754926
VisualCogA_Task-2,2,83,4,layered4,1,1,0.5198117992841719
VisualCogA_Task-2,2,84,4,layered4,-1,1,0.5757048652773445
VisualCogA_Task-2,2,85,4,layered4,1,-1,0.3990064072224492
VisualCogA_Task-2,2,87,4,layered4,-1,1,0.5450281019840253
VisualCogA_Task-2,2,88,4,layered4,1,1,0.645685190509231
VisualCogA_Task-2,2,89,4,layered4,-1,-1,0.4004707482357817
VisualCogA_Task-2,2,90,4,layered4,-1,1,0.5964329608659467
VisualCogA_Task-2,2,91,4,layered4,-1,-1,0.43256170197105226
VisualCogA_Task-2,2,92,4,layered4,-1,1,0.5060790834008589
VisualCogA_Task-2,2,93,4,layered4,1,-1,0.49920591105488
VisualCogA_Task-2,2,94,4,layered4,-1,-1,0.21412135675686841
VisualCogA_Task-2,2,95,4,layered4,-1,-1,0.36757060555778237
VisualCogA_Task-2,2,96,4,layered4,-1,-1,0.48736925366193024
VisualCogA_Task-2,2,97,4,layered4,-1,-1,0.36898447745840257
VisualCogA_Task-2,2,98,4,layered4,-1,-1,0.3489616904537798
VisualCogA_Task-2,2,99,4,layered4,-1,1,0.5010797170711675
VisualCogA_Task-2,2,100,4,layered4,-1,1,0.6160515663303044
VisualCogB_Task-2,2,81,4,layered4,1,-1,0.42086887259498446
VisualCogB_Task-2,2,83,4,layered4,1,-1,0.48135723917274675
VisualCogB_Task-2,2,84,4,layered4,-1,-1,0.48931779055434976
VisualCogB_Task-2,2,86,4,layered4,1,1,0.5206405948506264
VisualCogB_Task-2,2,87,4,layered4,-1,1,0.5499617353135238
VisualCogB_Task-2,2,88,4,layered4,1,1,0.6157488038491254
VisualCogB_Task-2,2,89,4,layered4,-1,-1,0.26011956924831603
VisualCogB_Task-2,2,90,4,layered4,1,1,0.5059453405953896
VisualCogB_Task-2,2,91,4,layered4,-1,-1,0.14995408239608962
VisualCogB_Task-2,2,92,4,layered4,-1,1,0.5304322852887505
VisualCogB_Task-2,2,93,4,layered4,1,-1,0.4479471756832328
VisualCogB_Task-2,2,94,4,layered4,-1,-1,0.41027632562647065
VisualCogB_Task-2,2,95,4,layered4,1,-1,0.3668367905663459
VisualCogB_Task-2,2,96,4,layered4,1,-1,0.3759928678828737
VisualCogB_Task-2,2,97,4,layered4,-1,-1,0.45937207095701016
VisualCogB_Task-2,2,98,4,layered4,-1,1,0.502884085694287
VisualCogB_Task-2,2,99,4,layered4,1,1,0.5925691702364733
VisualCogB_Task-2,2,100,4,layered4,-1,-1,0.3853033322556021
VisualCogA_Task-2,2,81,4,layered_erp5,-1,-1,0.34922608925726395
VisualCogA_Task-2,2,82,4,layered_erp5,1,-1,0.4906859778554231
VisualCogA_Task-2,2,83,4,layered_erp5,1,-1,0.46952139327226894
VisualCogA_Task-2,2,84,4,layered_erp5,-1,1,0.5567882935038269
VisualCogA_Task-2,2,85,4,layered_erp5,1,-1,0.3464755866677853
VisualCogA_Task-2,2,87,4,layered_erp5,-1,-1,0.4093287519789548
VisualCogA_Task-2,2,88,4,layered_erp5,1,1,0.597737707571636
VisualCogA_Task-2,2,89,4,layered_erp5,-1,-1,0.37534088451823716
VisualCogA_Task-2,2,90,4,layered_erp5,-1,-1,0.49743873649750586
VisualCogA_Task-2,2,91,4,layered_erp5,-1,-1,0.4320331315214294
VisualCogA_Task-2,2,92,4,layered_erp5,-1,-1,0.47477903164421587
VisualCogA_Task-2,2,93,4,layered_erp5,1,-1,0.47729471092446196
VisualCogA_Task-2,2,94,4,layered_erp5,-1,-1,0.3321512859363209
VisualCogA_Task-2,2,95,4,layered_erp5,-1,-1,0.3885528681439019
VisualCogA_Task-2,2,96,4,layered_erp5,-1,-1,0.47263170419575135
VisualCogA_Task-2,2,97,4,layered_erp5,-1,-1,0.3513601893390221
VisualCogA_Task-2,2,98,4,layered_erp5,-1,-1,0.3863295305240176
VisualCogA_Task-2,2,99,4,layered_erp5,-1,-1,0.4800794026470401
VisualCogA_Task-2,2,100,4,layered_erp5,-1,1,0.5802956614331584
VisualCogB_Task-2,2,81,4,layered_erp5,1,-1,0.43111176291187125
VisualCogB_Task-2,2,83,4,layered_erp5,1,1,0.5247738876261743
VisualCogB_Task-2,2,84,4,layered_erp5,-1,1,0.5009397809453175
VisualCogB_Task-2,2,86,4,layered_erp5,1,1,0.5167971523311676
VisualCogB_Task-2,2,87,4,layered_erp5,-1,1,0.58019104169125
VisualCogB_Task-2,2,88,4,layered_erp5,1,1,0.6949034846749568
VisualCogB_Task-2,2,89,4,layered_erp5,-1,-1,0.17569850819718208
VisualCogB_Task-2,2,90,4,layered_erp5,1,1,0.5140814392654974
VisualCogB_Task-2,2,91,4,layered_erp5,-1,-1,0.09690525949817252
VisualCogB_Task-2,2,92,4,layered_erp5,-1,1,0.5348277396345392
VisualCogB_Task-2,2,93,4,layered_erp5,1,-1,0.46806066629849935
VisualCogB_Task-2,2,94,4,layered_erp5,-1,-1,0.45894317839168874
VisualCogB_Task-2,2,95,4,layered_erp5,1,-1,0.38290779530601354
VisualCogB_Task-2,2,96,4,layered_erp5,1,-1,0.3122113185548498
VisualCogB_Task-2,2,97,4,layered_erp5,-1,-1,0.47241564719104995
VisualCogB_Task-2,2,98,4,layered_erp5,-1,1,0.5076861995687916
VisualCogB_Task-2,2,99,4,layered_erp5,1,1,0.6365893833892131
VisualCogB_Task-2,2,100,4,layered_erp5,-1,-1,0.40205214873524603
